# freq   mass   ang   radius99   radius95   compactness   kappa
6.689603136722374055e-01   3.081674160326883793e-01   3.434943964556454454e-01   5.266810689615908814e+00   4.727895585304675130e+00   5.851120045766482897e-02   3.186958368615506298e+00
6.709016258054881776e-01   3.063235888400868134e-01   3.407421743135441439e-01   5.276157615204613904e+00   4.727524968748967105e+00   5.805808150183688898e-02   3.195507389721520486e+00
6.728429379387389497e-01   3.044975454866971631e-01   3.380243732605868745e-01   5.285730526738415591e+00   4.727322707998211193e+00   5.760746673451565270e-02   3.204148026481428158e+00
6.747842500719897219e-01   3.026891010846384233e-01   3.353405206761115309e-01   5.295271268875196391e+00   4.727288181006202628e+00   5.716215198715109830e-02   3.212879490184344267e+00
6.767255622052404940e-01   3.008980742985158940e-01   3.326901531158250047e-01   5.304771084496149314e+00   4.727420649011473408e+00   5.672216001514707867e-02   3.221692264556688112e+00
6.786668743384912661e-01   2.991242871864869812e-01   3.300728161432556762e-01   5.314222138355934710e+00   4.727719259838988997e+00   5.628750161336449481e-02   3.230593970898273604e+00
6.806081864717420382e-01   2.973675651404619202e-01   3.274880641703979967e-01   5.323617470741668356e+00   4.728183051673928716e+00   5.585817665802980669e-02   3.239596901307109977e+00
6.825494986049928103e-01   2.956277369028157409e-01   3.249354602987199470e-01   5.334446631620973989e+00   4.728810957228248846e+00   5.541863239392528367e-02   3.248695152012821108e+00
6.844908107382435825e-01   2.939046344221196705e-01   3.224145761686496026e-01   5.346103086738259513e+00   4.729601808265858409e+00   5.497548955821490724e-02   3.257886569792894260e+00
6.864321228714943546e-01   2.921980931955658889e-01   3.199249918097429868e-01   5.357595121018023043e+00   4.730554340450066064e+00   5.453903973617996864e-02   3.267176535746032062e+00
6.883734350047451267e-01   2.905079514461021972e-01   3.174662954982093166e-01   5.368921846882440896e+00   4.731990294086088511e+00   5.410917866401626641e-02   3.276570558082681828e+00
6.903147471379958988e-01   2.888340511082105877e-01   3.150380836165965759e-01   5.380083068975791249e+00   4.733655394736839384e+00   5.368579767360284749e-02   3.286067850800113099e+00
6.922560592712466709e-01   2.871762368887402772e-01   3.126399605193220799e-01   5.391209796113966668e+00   4.735492728885895453e+00   5.326749426366964024e-02   3.295667931946804519e+00
6.941973714044974431e-01   2.855343568868420334e-01   3.102715384005250154e-01   5.404597723082215310e+00   4.737500064897020025e+00   5.283175020915399644e-02   3.305381184059781319e+00
6.961386835377482152e-01   2.839082620837416471e-01   3.079324371683854755e-01   5.417708989455911173e+00   4.739675095541400651e+00   5.240374900835231831e-02   3.315207364101701693e+00
6.980799956709989873e-01   2.822978065819370386e-01   3.056222843206037321e-01   5.430551340288675810e+00   4.742015446419685532e+00   5.198326816056410282e-02   3.325134727699147419e+00
7.000213078042497594e-01   2.807028478563324825e-01   3.033407148261575426e-01   5.443132644756270899e+00   4.744518684383729479e+00   5.157009137500113277e-02   3.335191877202976940e+00
7.019626199375005315e-01   2.791232460302808249e-01   3.010873710103342815e-01   5.455460846750249004e+00   4.747182325844971018e+00   5.116400866419032467e-02   3.345366727078774360e+00
7.039039320707513037e-01   2.775588642638240344e-01   2.988619024426881210e-01   5.469974506491670496e+00   4.750003844989262092e+00   5.074225920695279307e-02   3.355652535587934970e+00
7.058452442040020758e-01   2.760095689876607139e-01   2.966639658304192628e-01   5.484404336196349483e+00   4.752980681842024602e+00   5.032626189977163628e-02   3.366077709845913368e+00
7.077865563372528479e-01   2.744752292609291544e-01   2.944932249140827518e-01   5.498482191690857945e+00   4.756110250135498596e+00   4.991836286670309208e-02   3.376617204099860992e+00
7.097278684705036200e-01   2.729557172318664016e-01   2.923493503681330874e-01   5.512223527277180679e+00   4.759389945010104483e+00   4.951825989660032373e-02   3.387284295267276590e+00
7.116691806037543921e-01   2.714509082454696909e-01   2.902320197042461691e-01   5.525660063242895603e+00   4.762817150437602010e+00   4.912551715788335271e-02   3.398098518064069484e+00
7.136104927370051643e-01   2.699606802333391897e-01   2.881409171803520630e-01   5.541453781003241374e+00   4.766389246464910912e+00   4.871658068480085729e-02   3.409040086747255671e+00
7.155518048702559364e-01   2.684849140928236011e-01   2.860757337095985453e-01   5.556825413682734194e+00   4.770561287380118642e+00   4.831624067794632049e-02   3.420120689501823463e+00
7.174931170035067085e-01   2.670234938121893720e-01   2.840361667771287846e-01   5.571796685962531193e+00   4.775104848592009787e+00   4.792412732591675578e-02   3.431341848123890426e+00
7.194344291367574806e-01   2.655763060679419141e-01   2.820219203581700862e-01   5.586388120200417085e+00   4.779791118219564261e+00   4.753989525139082351e-02   3.442707223084188417e+00
7.213757412700082527e-01   2.641432406638841712e-01   2.800327048400518271e-01   5.601349771440048642e+00   4.784616811465311592e+00   4.715706953539802043e-02   3.454227929802721864e+00
7.233170534032590249e-01   2.627241899430146077e-01   2.780682369489091421e-01   5.617947994170427783e+00   4.789578695933104591e+00   4.676515165602021518e-02   3.465900151126085404e+00
7.252583655365097970e-01   2.613190496186916789e-01   2.761282396783253379e-01   5.634094363768238800e+00   4.794673597398150022e+00   4.638173107273167034e-02   3.477733713225430456e+00
7.271996776697605691e-01   2.599277178431975699e-01   2.742124422234249459e-01   5.649813956788128699e+00   4.799898405174064742e+00   4.600642071247320469e-02   3.489716418426676015e+00
7.291409898030113412e-01   2.585500959709179369e-01   2.723205799174375219e-01   5.665130256183704027e+00   4.805250077035640111e+00   4.563886164642035059e-02   3.501871413823294255e+00
7.310823019362621134e-01   2.571860880565282059e-01   2.704523941727687841e-01   5.681761155471674485e+00   4.810725643776578409e+00   4.526520580838772762e-02   3.514194733526069481e+00
7.330236140695128855e-01   2.558356012159492821e-01   2.686076324251256420e-01   5.698958150628826047e+00   4.816531179368855220e+00   4.489164413108039098e-02   3.526686637979372207e+00
7.349649262027636576e-01   2.544985452648234059e-01   2.667860480820931635e-01   5.715699528209926328e+00   4.823131289386179077e+00   4.452622885593299218e-02   3.539354220220368052e+00
7.369062383360144297e-01   2.531748332122560896e-01   2.649874004751427425e-01   5.732011071438462224e+00   4.829844795083699793e+00   4.416858761382699838e-02   3.552205538820724318e+00
7.388475504692652018e-01   2.518643808426759279e-01   2.632114548148605793e-01   5.748050876967876199e+00   4.836668531618684597e+00   4.381735413162097387e-02   3.565240055031556832e+00
7.407888626025159740e-01   2.505671068404353719e-01   2.614579821518718816e-01   5.766323689776787553e+00   4.843599454557963035e+00   4.345352781438024947e-02   3.578465174153858008e+00
7.427301747357667461e-01   2.492829330299173307e-01   2.597267593397701302e-01   5.784118600529323473e+00   4.850634641200008090e+00   4.309782531207168726e-02   3.591891792094763947e+00
7.446714868690175182e-01   2.480117841035962556e-01   2.580175690034774427e-01   5.801462779695857996e+00   4.857771291701523886e+00   4.274987076907494493e-02   3.605505158854674264e+00
7.466127990022682903e-01   2.467535877623276974e-01   2.563301995106245790e-01   5.818381546410289928e+00   4.865006729904542304e+00   4.240931705734644203e-02   3.619332829610928393e+00
7.485541111355190624e-01   2.455082748598442777e-01   2.546644449480533479e-01   5.836378930138462984e+00   4.873069356961352128e+00   4.206517051044521976e-02   3.633362810213239591e+00
7.504954232687698346e-01   2.442757791974372872e-01   2.530201051022211156e-01   5.855197191318418426e+00   4.881549292656225170e+00   4.171947950098561092e-02   3.647623888945636494e+00
7.524367354020206067e-01   2.430560377696338037e-01   2.513969854441093776e-01   5.873553500338760891e+00   4.890111408153293482e+00   4.138142910516016959e-02   3.662092334577023323e+00
7.543780475352713788e-01   2.418489907093999136e-01   2.497948971176247590e-01   5.891473325078126599e+00   4.898753248779109448e+00   4.105068076603618499e-02   3.676794513588496738e+00
7.563193596685221509e-01   2.406545812608555657e-01   2.482136569348498412e-01   5.909199682316507385e+00   4.907472508974073833e+00   4.072541024142797145e-02   3.691727521415887114e+00
7.582606718017729230e-01   2.394727559293414743e-01   2.466530873736690332e-01   5.929137940315972521e+00   4.916267030631131796e+00   4.038913554380548637e-02   3.706898063985830216e+00
7.602019839350236952e-01   2.383034644791450773e-01   2.451130165815628703e-01   5.948602777277686826e+00   4.925423937403765606e+00   4.006040971325405126e-02   3.722316194954143231e+00
7.621432960682744673e-01   2.371466600953908710e-01   2.435932783840213112e-01   5.967619519054305322e+00   4.935559755835862816e+00   3.973890415402551307e-02   3.737996432017544723e+00
7.640846082015252394e-01   2.360022991779260337e-01   2.420937122994230584e-01   5.986211833848516406e+00   4.945750478420643859e+00   3.942431469656176857e-02   3.753923044890008942e+00
7.660259203347760115e-01   2.348703416596436000e-01   2.406141635567524140e-01   6.006378495689328467e+00   4.955994468278536402e+00   3.910348670637488200e-02   3.770121390835146080e+00
7.679672324680267836e-01   2.337507510292198554e-01   2.391544831207527977e-01   6.026981090625413984e+00   4.966290241364327507e+00   3.878405249898730922e-02   3.786602071739071818e+00
7.699085446012775558e-01   2.326434940833906062e-01   2.377145277243544463e-01   6.047127098877141727e+00   4.976636463918630682e+00   3.847173877436591699e-02   3.803347063149754348e+00
7.718498567345283279e-01   2.315485416437468302e-01   2.362941599022148897e-01   6.066839633206768667e+00   4.987748517887545141e+00   3.816625387234053035e-02   3.820393244332522809e+00
7.737911688677791000e-01   2.304658679094018503e-01   2.348932480368623732e-01   6.087261353653110163e+00   4.999528955964026800e+00   3.786035369930253192e-02   3.837739253496213809e+00
7.757324810010298721e-01   2.293954511084166370e-01   2.335116664064351144e-01   6.109133738792115409e+00   5.011336289376406405e+00   3.754958737468599289e-02   3.855388356186659760e+00
7.776737931342806442e-01   2.283372732663337956e-01   2.321492952417355260e-01   6.130536724321440367e+00   5.023169920406915345e+00   3.724588621424616830e-02   3.873357941319108377e+00
7.796151052675314164e-01   2.272913202378959163e-01   2.308060207903238625e-01   6.151492954942132663e+00   5.035029393186302826e+00   3.694896863293799238e-02   3.891648724421449046e+00
7.815564174007821885e-01   2.262575822634289580e-01   2.294817353876095478e-01   6.172476523380317381e+00   5.047459658342751787e+00   3.665588381039648624e-02   3.910275805600289090e+00
7.834977295340329606e-01   2.252360536509740718e-01   2.281763375350440992e-01   6.195673614053903044e+00   5.060830187497548316e+00   3.635376355850344215e-02   3.929245793510691254e+00
7.854390416672837327e-01   2.242267330674394543e-01   2.268897319898021958e-01   6.218388055042958662e+00   5.074201450707030325e+00   3.605865878466640861e-02   3.948570005553032392e+00
7.873803538005345048e-01   2.232296234468549301e-01   2.256218298595617511e-01   6.240641910901713274e+00   5.087573857317756243e+00   3.577029841383743552e-02   3.968271104022786488e+00
7.893216659337852770e-01   2.222447324903669141e-01   2.243725487082117442e-01   6.262507129048384691e+00   5.100947943588536759e+00   3.548814043811523294e-02   3.988336493495512780e+00
7.912629780670360491e-01   2.212720724271548256e-01   2.231418126721526618e-01   6.287176126955558608e+00   5.115349842868851304e+00   3.519419019907455565e-02   4.008783882856770120e+00
7.932042902002868212e-01   2.203116606768844576e-01   2.219295525844615646e-01   6.311342582686659597e+00   5.130323049888390941e+00   3.490725749561522651e-02   4.029644814304055522e+00
7.951456023335375933e-01   2.193635194109901931e-01   2.207357061128495668e-01   6.335028251387253562e+00   5.145270665489448447e+00   3.462707831854635460e-02   4.050928125193857809e+00
7.970869144667883655e-01   2.184276758829355458e-01   2.195602179070504367e-01   6.358253747655191468e+00   5.160194195349626867e+00   3.435340654082699036e-02   4.072620516654938072e+00
7.990282266000391376e-01   2.175041631081739979e-01   2.184030397592846839e-01   6.384446698710292800e+00   5.175528434745552353e+00   3.406781720835910798e-02   4.094762975189857990e+00
8.009695387332899097e-01   2.165930194081511218e-01   2.172641307771085717e-01   6.410122491584067994e+00   5.192133860973560111e+00   3.378921692877458888e-02   4.117366855661594549e+00
8.029108508665406818e-01   2.156942888929052338e-01   2.161434575715139306e-01   6.435294872368638508e+00   5.208686961034815432e+00   3.351739013841251863e-02   4.140421977114269403e+00
8.048521629997914539e-01   2.148080217619963150e-01   2.150409944576057442e-01   6.460326874052518598e+00   5.225190264431240017e+00   3.325033329579014235e-02   4.163977774470947857e+00
8.067934751330422261e-01   2.139342743363386035e-01   2.139567236726414579e-01   6.488204493934458306e+00   5.241936494458570905e+00   3.297280080125965240e-02   4.188026599536177841e+00
8.087347872662929982e-01   2.130731096398221780e-01   2.128906356098052566e-01   6.515526683825862975e+00   5.260226309939550760e+00   3.270236160167291906e-02   4.212600405260125136e+00
8.106760993995437703e-01   2.122245972001337855e-01   2.118427290696666687e-01   6.542315135132145798e+00   5.278435634689383704e+00   3.243876102214802992e-02   4.237704784463307561e+00
8.126174115327945424e-01   2.113888136576633492e-01   2.108130115320585307e-01   6.569796593131544071e+00   5.296568110624327197e+00   3.217585364494569139e-02   4.263372944505688267e+00
8.145587236660453145e-01   2.105658430979246987e-01   2.098014994454677207e-01   6.599397135250469226e+00   5.315254979620912756e+00   3.190683009106907303e-02   4.289608302380112370e+00
8.165000357992960867e-01   2.097557772204936555e-01   2.088082185414867897e-01   6.628408216892567317e+00   5.335245260340763629e+00   3.164496970568723977e-02   4.316443622950061787e+00
8.184413479325468588e-01   2.089587155023764353e-01   2.078332041697101285e-01   6.656851912830527240e+00   5.355127649646282073e+00   3.139002012341989001e-02   4.343895134731335261e+00
8.203826600657976309e-01   2.081747662127781950e-01   2.068765016592550021e-01   6.687455117666798010e+00   5.374906949180539684e+00   3.112914592321163604e-02   4.371977463966914890e+00
8.223239721990484030e-01   2.074040461017148118e-01   2.059381667065404709e-01   6.718904706022795104e+00   5.396083498732863859e+00   3.086872863605265999e-02   4.400735121733710287e+00
8.242652843322991751e-01   2.066466813539591385e-01   2.050182657921880425e-01   6.749721892624434005e+00   5.417816529260711889e+00   3.061558455908626464e-02   4.430173258964806848e+00
8.262065964655499473e-01   2.059028075217383957e-01   2.041168766284892078e-01   6.780419338440349719e+00   5.439413124114723885e+00   3.036726745710401770e-02   4.460325108369806557e+00
8.281479085988007194e-01   2.051725705409808420e-01   2.032340886399827129e-01   6.814435477568995481e+00   5.461475362091091412e+00   3.010852053942622217e-02   4.491209692866236836e+00
8.300892207320514915e-01   2.044561269027553863e-01   2.023700034822805138e-01   6.847747693248978251e+00   5.485127041118174951e+00   2.985742700542596412e-02   4.522874686295097035e+00
8.320305328653022636e-01   2.037536443496037464e-01   2.015247355961344577e-01   6.880380959523772155e+00   5.508607719583342721e+00   2.961371551201237920e-02   4.555334383430634126e+00
8.339718449985530357e-01   2.030653023530248902e-01   2.006984128067832995e-01   6.915690913714075627e+00   5.531924781564432791e+00   2.936298120992347077e-02   4.588619986924655336e+00
8.359131571318038079e-01   2.023912930077358396e-01   1.998911769666304183e-01   6.951715582375967095e+00   5.557590033940223329e+00   2.911386270186880343e-02   4.622771014599947215e+00
8.378544692650545800e-01   2.017318214110446206e-01   1.991031846489149104e-01   6.986978963962940270e+00   5.583050399295874655e+00   2.887253882565355215e-02   4.657817176008524740e+00
9.523918851268501351e-01   2.211814602488857417e-01   2.187718723917497499e-01   1.389216930269087058e+01   1.088086496721888174e+01   1.592130468824934017e-02   1.444748915241781617e+01
9.543331972601009072e-01   2.245949573060670446e-01   2.223522636952607046e-01   1.432083862722425849e+01   1.122055381445284006e+01   1.568308694430133737e-02   1.526062385315810133e+01
9.562745093933516793e-01   2.283635560874017756e-01   2.262970865844907975e-01   1.479091094669877116e+01   1.159276620458882867e+01   1.543945176266313390e-02   1.618223385534515302e+01
9.582158215266024515e-01   2.325288701305225914e-01   2.306483346240255361e-01   1.530756439714311057e+01   1.200102468901735087e+01   1.519045513040075991e-02   1.723415576261597337e+01
9.601571336598532236e-01   2.371371071488965754e-01   2.354525362825414248e-01   1.587930454523843160e+01   1.246058929375676527e+01   1.493372121388052490e-02   1.844404294205554251e+01
9.620984457931039957e-01   2.422385543785594564e-01   2.407601830188426661e-01   1.652905078215467327e+01   1.297537002104317061e+01   1.465532156511301087e-02   1.984727050758113975e+01
9.640397579263547678e-01   2.478860859733913180e-01   2.466241479333159126e-01   1.726142683894847707e+01   1.354724600124010081e+01   1.436069499272587049e-02   2.148948009345325971e+01
9.659810700596055399e-01   2.541319551311289615e-01   2.530963428095193146e-01   1.808621403593435772e+01   1.420962823516756579e+01   1.405114163894169432e-02   2.343016449926217604e+01
9.679223821928563121e-01   2.610217100647105326e-01   2.602214349093171508e-01   1.901575187523955179e+01   1.495468702753368540e+01   1.372660475258869091e-02   2.574744395831233845e+01
9.698636943261070842e-01   2.685835322271259429e-01   2.680259018847930275e-01   2.006238597980685867e+01   1.581774173769868774e+01   1.338741725423187208e-02   2.854463633288313673e+01
9.718050064593578563e-01   2.768107831675479247e-01   2.765002018060425670e-01   2.133488324125108804e+01   1.682442783898449434e+01   1.297456283390072997e-02   3.195893557133059559e+01
9.737463185926086284e-01   2.856355376142118985e-01   2.855718544619121335e-01   2.277602887443721968e+01   1.799065172447108552e+01   1.254105968994429290e-02   3.617297798211242110e+01
9.756876307258594005e-01   2.948923343418528020e-01   2.950687554128545442e-01   2.445684211751246195e+01   1.935304749347129061e+01   1.205766193872975268e-02   4.142963804353772872e+01
9.776289428591101727e-01   3.042755822442586577e-01   3.046763558065268551e-01   2.648889349269122917e+01   2.096868475607671911e+01   1.148691176278140297e-02   4.805156892148440306e+01
9.795702549923609448e-01   3.133011838182255815e-01   3.138995735539621967e-01   2.878754495600966834e+01   2.290419671612657027e+01   1.088321995838763094e-02   5.646861735437619245e+01
9.809569065161115597e-01   3.191599207635817947e-01   3.198764726986051965e-01   3.077193867404418981e+01   2.449818198574642381e+01   1.037178463613635908e-02   6.389347814029920158e+01
9.823435580398621747e-01   3.241876932303284775e-01   3.249984989440218297e-01   3.301428019286356630e+01   2.633728289211661888e+01   9.819620216963129145e-03   7.280355053542115229e+01
9.837302095636127897e-01   3.280408624762003456e-01   3.289184992602862678e-01   3.558581932238269019e+01   2.838120034511195300e+01   9.218302928601391361e-03   8.355940858144496985e+01
9.851168610873634046e-01   3.303482354288007627e-01   3.312627941580654212e-01   3.851857394967399983e+01   3.072254064212890157e+01   8.576336077768960051e-03   9.664462430324891784e+01
9.865035126111140196e-01   3.307194052157456099e-01   3.316397875058005318e-01   4.192921604260332913e+01   3.352517256281316094e+01   7.887564720497257029e-03   1.127323977860911981e+02
9.874939779852215382e-01   3.295739104679569209e-01   3.304794820530709831e-01   4.448351967907405680e+01   3.573979250234790328e+01   7.408899134908048315e-03   1.265856862224588895e+02
9.884844433593290569e-01   3.270764903369354215e-01   3.279519910493079449e-01   4.788777702537448988e+01   3.820524354234126463e+01   6.830062087944197523e-03   1.429587404830755304e+02
9.894749087334365756e-01   3.230599391714576996e-01   3.238909639072871105e-01   5.152551461145051803e+01   4.094749943666715097e+01   6.269902234021823562e-03   1.625408919177275777e+02
9.904653741075440943e-01   3.173395760006769706e-01   3.181128571227735957e-01   5.508000880360691554e+01   4.429463777074943920e+01   5.761429289747970611e-03   1.863115545256250414e+02
8.165000357992960867e-01   2.097557771627407419e-01   2.088082185415786884e-01   6.628408216889805971e+00   5.335245260339915419e+00   3.164496969698748358e-02   4.316440820211545848e+00
8.184413479325468588e-01   2.089587154692935655e-01   2.078332041697695254e-01   6.656851912825666240e+00   5.355127649643358190e+00   3.139002011847306234e-02   4.343887899968331467e+00
8.203826600657976309e-01   2.081747661871986566e-01   2.068765016593191175e-01   6.687455117662068460e+00   5.374906949178828164e+00   3.112914591940864686e-02   4.371982561053407323e+00
8.223239721990484030e-01   2.074040461531012902e-01   2.059381667066165211e-01   6.718904706017900352e+00   5.396083498730238404e+00   3.086872864372318739e-02   4.400729601621151232e+00
8.242652843322991751e-01   2.066466813384977286e-01   2.050182657921962026e-01   6.749721892622250863e+00   5.417816529259119385e+00   3.061558455680549184e-02   4.430165417810409068e+00
8.262065964655499473e-01   2.059028075315154638e-01   2.041168766283240343e-01   6.780419338443775423e+00   5.439413124115617393e+00   3.036726745853063347e-02   4.460314397643307061e+00
8.281479085988007194e-01   2.051725705352964724e-01   2.032340886399819080e-01   6.814435477574513733e+00   5.461475362095224106e+00   3.010852053856767629e-02   4.491209913869505854e+00
8.300892207320514915e-01   2.044561269336782061e-01   2.023700034822628058e-01   6.847747693247742795e+00   5.485127041117641156e+00   2.985742700994711493e-02   4.522869450076533404e+00
8.320305328653022636e-01   2.037536443339149905e-01   2.015247355961510001e-01   6.880380959522508277e+00   5.508607719582633067e+00   2.961371550973760161e-02   4.555330491462718179e+00
8.339718449985530357e-01   2.030653024130515405e-01   2.006984128066673367e-01   6.915690913713116394e+00   5.531924781563787086e+00   2.936298121860731955e-02   4.588612853899006971e+00
8.359131571318038079e-01   2.023912929963671559e-01   1.998911769667053029e-01   6.951715582367578250e+00   5.557590033935203344e+00   2.911386270026855919e-02   4.622764679531149667e+00
8.378544692650545800e-01   2.017318214618626371e-01   1.991031846489183521e-01   6.986979020818456121e+00   5.583050437401522181e+00   2.887253859798075140e-02   4.657818883718515046e+00
8.397957813983053521e-01   2.010871066341906044e-01   1.983346078925066758e-01   7.023563495195435102e+00   5.608310387233098382e+00   2.863035363341514400e-02   4.693800441711958982e+00
8.417370935315561242e-01   2.004573823472810545e-01   1.975856350070520073e-01   7.062413300969260455e+00   5.635792320297314362e+00   2.838369461042018760e-02   4.730763799658268987e+00
8.436784056648068963e-01   1.998428977993853828e-01   1.968564714385284686e-01   7.100411868680062355e+00   5.663292302118587251e+00   2.814525431699152480e-02   4.768725615273335272e+00
8.456197177980576685e-01   1.992439187694117209e-01   1.961473407057301999e-01   7.138838672260176210e+00   5.690553943377281598e+00   2.790985031551785137e-02   4.807756625448214471e+00
8.475610299313084406e-01   1.986607283247394662e-01   1.954584854087459134e-01   7.180731239775198560e+00   5.720326006208327208e+00   2.766580751892321055e-02   4.847896719030757140e+00
8.495023420645592127e-01   1.980936283101755457e-01   1.947901683207478307e-01   7.221667101050754489e+00   5.749956069585122620e+00   2.743045692058456581e-02   4.889182638617560528e+00
8.514436541978099848e-01   1.975429399825543442e-01   1.941426735664422976e-01   7.262660569638219599e+00   5.779709134956417138e+00   2.719980344508854050e-02   4.931677024290053168e+00
8.533849663310607569e-01   1.970090056992148675e-01   1.935163078988821617e-01   7.307682592250067444e+00   5.811856282618180103e+00   2.695916293739229752e-02   4.975429268017609097e+00
8.553262784643115291e-01   1.964921902066407711e-01   1.929114020812026653e-01   7.351633640485561116e+00   5.843666316130303962e+00   2.672769071687076600e-02   5.020499196177160783e+00
8.572675905975623012e-01   1.959928817383342625e-01   1.923283123849054421e-01   7.395956740039574484e+00   5.876601064596592927e+00   2.650000380306247877e-02   5.066939524216916624e+00
8.592089027308130733e-01   1.955114942201134909e-01   1.917674222147613683e-01   7.444307464395808260e+00   5.911057265175736042e+00   2.626322128085040175e-02   5.114831035998528286e+00
8.611502148640638454e-01   1.950484683671902530e-01   1.912291438736574700e-01   7.491455028701162533e+00   5.945127626704098667e+00   2.603612617574598692e-02   5.164231468644968182e+00
8.630915269973146176e-01   1.946042742287090732e-01   1.907139204813192435e-01   7.540080886881282751e+00   5.981847987892252583e+00   2.580930856687414093e-02   5.215230166309856585e+00
8.650328391305653897e-01   1.941794123928275440e-01   1.902222280616891470e-01   7.591797601458491584e+00   6.018649513674958484e+00   2.557752756152547116e-02   5.267890296524766924e+00
8.669741512638161618e-01   1.937744170801352084e-01   1.897545778169757447e-01   7.642170131016622570e+00   6.056463682620697675e+00   2.535594127820833821e-02   5.322294447269009687e+00
8.689154633970669339e-01   1.933898579130755024e-01   1.893115186074694756e-01   7.696147239804659534e+00   6.096189328638601523e+00   2.512813903986380396e-02   5.378547826493406347e+00
8.708567755303177060e-01   1.930263431100911475e-01   1.888936396591485156e-01   7.751384704083234212e+00   6.135405923758669111e+00   2.490217560849608200e-02   5.436731575849873543e+00
8.727980876635684782e-01   1.926845218764583478e-01   1.885015735231357903e-01   7.805169585556014589e+00   6.178210610243885625e+00   2.468678223635702509e-02   5.496958875309277737e+00
8.747393997968192503e-01   1.923650878690068844e-01   1.881359993152433574e-01   7.865628660005460127e+00   6.220422428318800101e+00   2.445641615998603996e-02   5.559342234266340554e+00
8.766807119300700224e-01   1.920687824070910210e-01   1.877976462651105294e-01   7.924345821986070959e+00   6.265245568495793727e+00   2.423780924277646465e-02   5.623978665572337832e+00
8.786220240633207945e-01   1.917963986950326216e-01   1.874872976118972245e-01   7.985646716149413571e+00   6.310647501471125409e+00   2.401764133982559057e-02   5.691017667746312014e+00
8.805633361965715666e-01   1.915487857783091108e-01   1.872057948843739439e-01   8.049861246401073700e+00   6.357887961622934903e+00   2.379529036776213344e-02   5.760593202803962143e+00
8.825046483298223388e-01   1.913268529281140218e-01   1.869540426107976772e-01   8.112398451039762648e+00   6.406629582144153012e+00   2.358449897189058078e-02   5.832846480892011520e+00
8.844459604630731109e-01   1.911315750729727370e-01   1.867330135096642307e-01   8.182460897344665085e+00   6.456755420678333302e+00   2.335869092084484275e-02   5.907933675771076310e+00
8.863872725963238830e-01   1.909639983978195232e-01   1.865437542180473085e-01   8.250284016515845309e+00   6.509034354621412888e+00   2.314635447889283951e-02   5.986056518869294685e+00
8.883285847295746551e-01   1.908252459967343384e-01   1.863873916246848450e-01   8.323167866744737964e+00   6.562573540758509516e+00   2.292699715443414707e-02   6.067342922226937496e+00
8.902698968628254272e-01   1.907165255817062643e-01   1.862651398809781200e-01   8.397057466008167381e+00   6.618533490260906760e+00   2.271230444161411594e-02   6.152053020290806806e+00
8.922112089960761994e-01   1.906391362471140383e-01   1.861783081778801141e-01   8.473208093747702563e+00   6.676069812458898411e+00   2.249905043495683751e-02   6.240365120534456800e+00
8.941525211293269715e-01   1.905944776359547177e-01   1.861283093848267178e-01   8.553473434009227105e+00   6.735904173739221790e+00   2.228269943274007597e-02   6.332540607447463721e+00
8.960938332625777436e-01   1.905840588011642467e-01   1.861166696644804552e-01   8.633763998435108888e+00   6.798096146749723623e+00   2.207427245355653503e-02   6.428839400010830651e+00
8.980351453958285157e-01   1.906095090997723951e-01   1.861450391934318660e-01   8.720947529085663064e+00   6.861933710376577622e+00   2.185651369464856886e-02   6.529528294248011733e+00
8.999764575290792878e-01   1.906725896577654844e-01   1.862152041377549971e-01   8.806526996079220737e+00   6.929513588116867240e+00   2.165128089003251488e-02   6.634913544857592882e+00
9.019177696623300600e-01   1.907752066774719701e-01   1.863291000565443500e-01   8.900888533088282983e+00   6.997532329885682856e+00   2.143327668561196414e-02   6.745348982552513029e+00
9.038590817955808321e-01   1.909194260766753359e-01   1.864888269340339300e-01   8.992920192942257529e+00   7.071285348103858226e+00   2.122997001869437669e-02   6.861213598602767583e+00
9.058003939288316042e-01   1.911074899418281348e-01   1.866966660721914861e-01   9.094986208571073760e+00   7.145868448724472799e+00   2.101240019052797586e-02   6.982882990734562867e+00
9.077417060620823763e-01   1.913418355137537219e-01   1.869550991147991559e-01   9.195092441238740477e+00   7.224426333702255398e+00   2.080912581755150342e-02   7.110837809605926374e+00
9.096830181953331484e-01   1.916251159676676530e-01   1.872668295169016561e-01   9.305013904028605509e+00   7.306741708693106574e+00   2.059374848270818445e-02   7.245559046572050299e+00
9.116243303285839206e-01   1.919602242725204633e-01   1.876348068289969140e-01   9.414802753629487597e+00   7.390687663260529838e+00   2.038919234909283146e-02   7.387617488811287103e+00
9.135656424618346927e-01   1.923503203707923881e-01   1.880622542272916975e-01   9.533023838458380084e+00   7.481095510337948618e+00   2.017726207657297155e-02   7.537603514938028937e+00
9.155069545950854648e-01   1.927988619257803293e-01   1.885526997921294912e-01   9.654568052380330556e+00   7.574680960672698582e+00   1.996970355170326131e-02   7.696198253254828536e+00
9.174482667283362369e-01   1.933096389518595970e-01   1.891100121343596008e-01   9.781050377097452397e+00   7.671020142302421796e+00   1.976368912325596888e-02   7.864184270048562020e+00
9.193895788615870091e-01   1.938868143698755375e-01   1.897384410625652384e-01   9.916581206365222556e+00   7.774597580129488428e+00   1.955178002731668141e-02   8.042384253484057055e+00
9.213308909948377812e-01   1.945349694441347310e-01   1.904426641203456061e-01   1.005180069181018432e+01   7.882875409295022173e+00   1.935324579233194120e-02   8.231779928929931600e+00
9.232722031280885533e-01   1.952591564910335364e-01   1.912278399643007609e-01   1.020351502661293353e+01   7.995428218997255421e+00   1.913645993383223179e-02   8.433428441003043119e+00
9.252135152613393254e-01   1.960649591030687588e-01   1.920996697309521328e-01   1.035716159207606601e+01   8.113425118420799720e+00   1.893037560146515821e-02   8.648568508481419670e+00
9.271548273945900975e-01   1.969585621537817133e-01   1.930644677506404838e-01   1.051806652470940762e+01   8.240637141961148160e+00   1.872573839413164271e-02   8.878586906916421384e+00
9.290961395278408697e-01   1.979468321790136542e-01   1.941292432084374686e-01   1.069332829404383212e+01   8.374116533014271724e+00   1.851124614674645036e-02   9.125050194011764759e+00
9.310374516610916418e-01   1.990374107568868567e-01   1.953017946366708557e-01   1.087301504970259458e+01   8.514596476148842186e+00   1.830563186448739763e-02   9.389767736746065907e+00
9.329787637943424139e-01   2.002388226613902311e-01   1.965908194490524064e-01   1.106315391090024924e+01   8.662939089577578855e+00   1.809961465546456455e-02   9.674820592377898265e+00
9.349200759275931860e-01   2.015606014676905311e-01   1.980060410938441484e-01   1.127108368894505475e+01   8.820172961062766603e+00   1.788298330757546670e-02   9.982604923586549717e+00
9.368613880608439581e-01   2.030134361119735331e-01   1.995583568021638554e-01   1.148771845150100646e+01   8.988785467746417623e+00   1.767221550293543442e-02   1.031590858787979315e+01
9.388027001940947303e-01   2.046093408274600733e-01   2.012600093071143792e-01   1.171430593793766484e+01   9.169578221688359676e+00   1.746662089170962148e-02   1.067797059258774617e+01
9.407440123273455024e-01   2.063618530806934359e-01   2.031247862883487909e-01   1.196256326318599505e+01   9.362608995192204020e+00   1.725063839083372172e-02   1.107259131496476812e+01
9.426853244605962745e-01   2.082862632363458033e-01   2.051682515273612062e-01   1.223049469483036056e+01   9.569434663851753342e+00   1.703007674124458470e-02   1.150427864169213343e+01
9.446266365938470466e-01   2.103998801422903853e-01   2.074080117133140222e-01   1.251531185340868824e+01   9.791660145325071340e+00   1.681139731927539308e-02   1.197835829775262972e+01
9.465679487270978187e-01   2.127223361974302229e-01   2.098640222087415630e-01   1.281981505487176420e+01   1.003121259318473868e+01   1.659324532272342390e-02   1.250119556070135296e+01
9.485092608603485909e-01   2.152759336562439785e-01   2.125589333749219045e-01   1.314753967625938813e+01   1.029008390199198786e+01   1.637385693119218152e-02   1.308045105108339534e+01
9.504505729935993630e-01   2.180860307335024395e-01   2.155184753904235140e-01   1.350184717820806490e+01   1.057064313540510803e+01   1.615231070645596970e-02   1.372542828995025133e+01
9.523918851268501351e-01   2.211814602495678628e-01   2.187718723916918795e-01   1.389216930264034211e+01   1.088086496717313700e+01   1.592130468835635179e-02   1.444748803924165870e+01
9.543331972601009072e-01   2.245949572517247361e-01   2.223522636954428922e-01   1.432083862730471679e+01   1.122055381452287293e+01   1.568308694041859255e-02   1.526061816661813708e+01
9.562745093933516793e-01   2.283635560730772340e-01   2.262970865844700363e-01   1.479091094667341721e+01   1.159276620456864748e+01   1.543945176172113048e-02   1.618223484726891570e+01
9.582158215266024515e-01   2.325288700802730091e-01   2.306483346239331378e-01   1.530756440674262109e+01   1.200102469992662968e+01   1.519045511759202667e-02   1.723415729982553657e+01
5.097727187456740916e-01   5.468344232957633722e-01   7.589761686700081667e-01   5.542510384174446969e+00   5.318481555221320711e+00   9.866186716711293492e-02   2.656289202092749324e+00
5.117140308789248637e-01   5.424249217687702185e-01   7.503427457432215730e-01   5.529392108127071381e+00   5.304131596148971006e+00   9.809847288122629239e-02   2.661732497200244740e+00
5.136553430121756358e-01   5.380681135721943065e-01   7.418447930310145821e-01   5.516308808386765961e+00   5.289800338934353086e+00   9.754133284817884109e-02   2.667181505412625331e+00
5.155966551454264080e-01   5.337631794924391215e-01   7.334796964506853367e-01   5.503257554085305259e+00   5.276503654814898248e+00   9.699040509129064347e-02   2.672638324109342545e+00
5.175379672786771801e-01   5.295093158791814858e-01   7.252449018680668935e-01   5.490888767754935174e+00   5.263297541924009337e+00   9.643417273150890756e-02   2.678102851392508477e+00
5.194792794119279522e-01   5.253057346427567609e-01   7.171379135420762330e-01   5.479362489622036314e+00   5.250145249222820887e+00   9.586986362696220398e-02   2.683574696981089858e+00
5.214205915451787243e-01   5.211516627224455078e-01   7.091562926126467881e-01   5.467921399679012140e+00   5.237042518090637699e+00   9.531074509466049005e-02   2.689056667268223677e+00
5.233619036784294964e-01   5.170463417680366547e-01   7.012976556333422318e-01   5.456564662159175683e+00   5.223985298251388798e+00   9.475675150588981632e-02   2.694547173493820225e+00
5.253032158116802686e-01   5.129890278386710634e-01   6.935596731444522156e-01   5.445291926717551689e+00   5.210969782959085528e+00   9.420781011237781832e-02   2.700049416685652570e+00
5.272445279449310407e-01   5.089789911560274049e-01   6.859400682901553026e-01   5.434103216827200100e+00   5.197992344443859380e+00   9.366384311213066249e-02   2.705561107744567817e+00
5.291858400781818128e-01   5.050155158318148096e-01   6.784366154691600093e-01   5.422999159283704351e+00   5.185693781968674365e+00   9.312476380662387809e-02   2.711085685196286565e+00
5.311271522114325849e-01   5.010978993631169942e-01   6.710471390323373697e-01   5.411980872596537928e+00   5.173784501513968515e+00   9.259047863609730367e-02   2.716624010599844041e+00
5.330684643446833570e-01   4.972254524601567027e-01   6.637695120073666688e-01   5.401050025282517097e+00   5.161942859307352194e+00   9.206088633369914620e-02   2.722171971989044703e+00
5.350097764779341292e-01   4.933974989174885195e-01   6.566016548668269781e-01   5.390208859436054212e+00   5.150166400476734907e+00   9.153587769678925290e-02   2.727735064559665634e+00
5.369510886111849013e-01   4.896133751075240070e-01   6.495415343306155664e-01   5.380177924644074849e+00   5.138452908481553116e+00   9.100319393989453332e-02   2.733312362860714995e+00
5.388924007444356734e-01   4.858724298477454795e-01   6.425871621964059921e-01   5.370718776268357253e+00   5.126800416924926829e+00   9.046692818746614184e-02   2.738905059482813265e+00
5.408337128776864455e-01   4.821740240666940736e-01   6.357365942099678646e-01   5.361385995851919439e+00   5.115207221462017451e+00   8.993458490766194358e-02   2.744512432981562888e+00
5.427750250109372177e-01   4.785175306263909079e-01   6.289879289632541726e-01   5.352182161864261545e+00   5.103671891751850431e+00   8.940606207986663556e-02   2.750135782633872150e+00
5.447163371441879898e-01   4.749023340770008872e-01   6.223393068235284487e-01   5.343110273398284704e+00   5.092717856795878184e+00   8.888125263695093037e-02   2.755774133922806346e+00
5.466576492774387619e-01   4.713278301439913776e-01   6.157889088939096922e-01   5.334173753811206176e+00   5.082174327762027488e+00   8.836004447872232437e-02   2.761431780699385996e+00
5.485989614106895340e-01   4.677934260652136800e-01   6.093349560011812605e-01   5.325376452176787012e+00   5.071712948883319250e+00   8.784232068213687628e-02   2.767107590218221169e+00
5.505402735439403061e-01   4.642985396025096634e-01   6.029757077155328826e-01   5.316722642427281542e+00   5.061332948185093272e+00   8.732795950223577741e-02   2.772798647701982588e+00
5.524815856771910783e-01   4.608425996387950918e-01   5.967094613894937671e-01   5.308217019779934098e+00   5.051033794116965403e+00   8.681683471522808060e-02   2.778512664190020409e+00
5.544228978104418504e-01   4.574250452791374655e-01   5.905345512327925261e-01   5.299864694376931418e+00   5.040815202075028978e+00   8.630881572589162165e-02   2.784244583143090424e+00
5.563642099436926225e-01   4.540453257916396979e-01   5.844493474085724616e-01   5.291671181773293320e+00   5.030677140500158906e+00   8.580376788254716336e-02   2.789995632536264925e+00
5.583055220769433946e-01   4.507029008558447458e-01   5.784522551517964351e-01   5.283642390054481552e+00   5.020619836482587139e+00   8.530155290301495719e-02   2.795773552064697576e+00
5.602468342101941667e-01   4.473972396748422398e-01   5.725417139167516822e-01   5.275784603480556001e+00   5.010643780863083485e+00   8.480202913888562621e-02   2.801567456420797964e+00
5.621881463434449389e-01   4.441278213913619766e-01   5.667161965443138216e-01   5.268289737431238962e+00   5.001091106992713975e+00   8.430208730469594680e-02   2.807388656453589704e+00
5.641294584766957110e-01   4.408941342328489554e-01   5.609742084562641118e-01   5.261551732779838453e+00   4.992033003978501249e+00   8.379545742866070790e-02   2.813230834462951968e+00
5.660707706099464831e-01   4.376956759967924326e-01   5.553142868651643749e-01   5.254991934619957838e+00   4.983073151143860180e+00   8.329140775902003913e-02   2.819094136163603270e+00
5.680120827431972552e-01   4.345319534036207187e-01   5.497350000116002500e-01   5.248614822678375980e+00   4.974212129518113201e+00   8.278983466763110977e-02   2.824986057706273979e+00
5.699533948764480273e-01   4.314024822815554217e-01   5.442349464212612453e-01   5.242425041580511369e+00   4.965450727527520591e+00   8.229063436479658322e-02   2.830903797242075193e+00
5.718947070096987995e-01   4.283067867355612179e-01   5.388127541773408691e-01   5.236427376551107571e+00   4.956789941281460443e+00   8.179370321328870153e-02   2.836842195900225683e+00
5.738360191429495716e-01   4.252443999166644062e-01   5.334670802191503469e-01   5.230626726860114317e+00   4.948230974180191311e+00   8.129893837252152866e-02   2.842814931510314391e+00
5.757773312762003437e-01   4.222148629743288084e-01   5.281966096568689872e-01   5.225028077112611413e+00   4.939775235805547560e+00   8.080623811836964987e-02   2.848811819230483433e+00
5.777186434094511158e-01   4.192177254082026239e-01   5.230000551025365541e-01   5.219636466416640808e+00   4.931424340003506046e+00   8.031550245030798230e-02   2.854835568130462242e+00
5.796599555427018879e-01   4.162525448192581634e-01   5.178761560228200000e-01   5.214456955628427259e+00   4.923180102158145388e+00   7.982663359987271501e-02   2.860893677374439115e+00
5.816012676759526601e-01   4.133188865854435790e-01   5.128236781074252404e-01   5.209494592866321661e+00   4.915044535616041266e+00   7.933953653612124679e-02   2.866976358872768582e+00
5.835425798092034322e-01   4.104163238362161237e-01   5.078414126536328066e-01   5.204754377503167717e+00   4.907252385867949762e+00   7.885411953543554342e-02   2.873094738201493303e+00
5.854838919424542043e-01   4.075444372867878529e-01   5.029281759691860421e-01   5.200241222832770127e+00   4.899925107940851454e+00   7.837029472736320446e-02   2.879238660632548630e+00
5.874252040757049764e-01   4.047028151643417004e-01   4.980828087899076273e-01   5.195959917828363750e+00   4.892715290233371483e+00   7.788797865351626548e-02   2.885417432067609589e+00
5.893665162089557485e-01   4.018910528089918444e-01   4.933041757119954740e-01   5.191915088227946562e+00   4.885624519923677411e+00   7.740709275470090966e-02   2.891630084401675571e+00
5.913078283422065207e-01   3.991087529599326444e-01   4.885911646423666821e-01   5.188111157318854083e+00   4.878654516510439798e+00   7.692756397420495718e-02   2.897875647279605005e+00
5.932491404754572928e-01   3.963555251137904634e-01   4.839426862596871715e-01   5.184552306801792021e+00   4.871807125862329890e+00   7.644932516039967818e-02   2.904161738564193573e+00
5.951904526087080649e-01   3.936309857725746042e-01   4.793576734931108141e-01   5.181242438199594069e+00   4.865084313669761684e+00   7.597231561110960596e-02   2.910475925103123807e+00
5.971317647419588370e-01   3.909347582148257061e-01   4.748350810125234189e-01   5.178185135132189032e+00   4.858488158247139310e+00   7.549648149164639443e-02   2.916827715625667672e+00
5.990730768752096091e-01   3.882664722365234966e-01   4.703738847336814688e-01   5.175383626961247430e+00   4.852020842743513640e+00   7.502177620492572752e-02   2.923218731874331677e+00
6.010143890084603813e-01   3.856257640842386536e-01   4.659730813349664547e-01   5.172840754201572189e+00   4.845684646753185554e+00   7.454816075113450402e-02   2.929647333636006046e+00
6.029557011417111534e-01   3.830122766914882959e-01   4.616316877877034708e-01   5.170558936137561901e+00   4.839481937365389896e+00   7.407560409273677982e-02   2.936118605430086514e+00
6.048970132749619255e-01   3.804256588726957489e-01   4.573487409005995707e-01   5.168540141066674920e+00   4.833415159680996886e+00   7.360408325941417140e-02   2.942623777990899026e+00
6.068383254082126976e-01   3.778655657988565508e-01   4.531232968707326059e-01   5.166785859482087240e+00   4.827486826789801455e+00   7.313358363892660807e-02   2.949175032906798499e+00
6.087796375414634698e-01   3.753316585795118954e-01   4.489544308537092299e-01   5.165297080722090151e+00   4.821699509343147838e+00   7.266409902739648374e-02   2.955763946241816154e+00
6.107209496747142419e-01   3.728236043233437158e-01   4.448412365381120837e-01   5.164074273159976691e+00   4.816055824630485205e+00   7.219563170519760487e-02   2.962400955078909437e+00
6.126622618079650140e-01   3.703410757404980713e-01   4.407828257358080148e-01   5.163117368509515082e+00   4.810558425367459812e+00   7.172819235124378023e-02   2.969082493409825219e+00
6.146035739412157861e-01   3.678837515054738661e-01   4.367783279813561848e-01   5.162425750162302762e+00   4.805404343186384430e+00   7.126180003536281005e-02   2.975800911161637252e+00
6.165448860744665582e-01   3.654513157736119511e-01   4.328268901399828783e-01   5.161998245996635148e+00   4.800536595725422906e+00   7.079648197421145595e-02   2.982572726930170059e+00
6.184861982077173304e-01   3.630434581552890450e-01   4.289276760299117197e-01   5.161833125596267280e+00   4.795810849811660503e+00   7.033227330714070247e-02   2.989387787259286888e+00
6.204275103409681025e-01   3.606598737761714246e-01   4.250798660500722526e-01   5.161928101977311556e+00   4.791228908403825315e+00   6.986921682191161997e-02   2.996253605276338217e+00
6.223688224742188746e-01   3.583002628432723213e-01   4.212826568210979450e-01   5.162280337886652859e+00   4.786792575069727107e+00   6.940736252033034848e-02   3.003162392774134659e+00
6.243101346074696467e-01   3.559643311724585146e-01   4.175352608322121517e-01   5.162886456401547974e+00   4.782503645200184117e+00   6.894676731290351468e-02   3.010129523244220895e+00
6.262514467407204188e-01   3.536517892570145705e-01   4.138369061015039763e-01   5.163742555941679413e+00   4.778363897275917260e+00   6.848749437558304676e-02   3.017148329240018523e+00
6.281927588739711910e-01   3.513623529937604517e-01   4.101868358407677606e-01   5.164844229270268983e+00   4.774375084129084179e+00   6.802961278144951940e-02   3.024212938249654758e+00
6.301340710072219631e-01   3.490957428826959585e-01   4.065843081311024121e-01   5.166186586329333252e+00   4.770538924302302419e+00   6.757319679596293649e-02   3.031329820584593993e+00
6.320753831404727352e-01   3.468516846219245053e-01   4.030285956069484254e-01   5.167764280651176101e+00   4.766857093570473936e+00   6.711832540825926618e-02   3.038508593595645291e+00
6.340166952737235073e-01   3.446299084861266238e-01   3.995189851483924581e-01   5.170028708542577789e+00   4.763331216621663700e+00   6.665918661470589257e-02   3.045739413363274917e+00
6.359580074069742794e-01   3.424301494860628736e-01   3.960547775809794557e-01   5.173081259685984534e+00   4.759962858999186253e+00   6.619462024589364835e-02   3.053029445825270916e+00
6.378993195402250516e-01   3.402521472986563822e-01   3.926352873823408807e-01   5.176383247658852049e+00   4.756753519300088051e+00   6.573163751979606284e-02   3.060370784257306020e+00
6.398406316734758237e-01   3.380956461679716085e-01   3.892598423987556622e-01   5.179924379612582896e+00   4.753704621738447322e+00   6.527038261382080153e-02   3.067779457268123622e+00
6.417819438067265958e-01   3.359603947561708437e-01   3.859277835669228107e-01   5.183694067307499154e+00   4.750817509040041742e+00   6.481099972218741512e-02   3.075248378050221998e+00
6.437232559399773679e-01   3.338461460167537198e-01   3.826384646442868021e-01   5.187681492225372004e+00   4.748093435804509710e+00   6.435363206416570836e-02   3.082772832106245087e+00
6.456645680732281400e-01   3.317526574943485684e-01   3.793912519456702492e-01   5.191875669638172930e+00   4.745533562265936034e+00   6.389842103392832928e-02   3.090367981141320275e+00
6.476058802064789122e-01   3.296796908490478017e-01   3.761855240871909145e-01   5.196265511230020451e+00   4.743138948590456039e+00   6.344550526460848716e-02   3.098026767845678098e+00
6.495471923397296843e-01   3.276270119015407545e-01   3.730206717355005197e-01   5.200839885410108998e+00   4.740910549639781202e+00   6.299501986604726100e-02   3.105747872795367126e+00
6.514885044729804564e-01   3.255943907385017155e-01   3.698960973665766372e-01   5.205587675047058660e+00   4.738849210342325868e+00   6.254709574852340692e-02   3.113543583515606450e+00
6.534298166062312285e-01   3.235816012719396895e-01   3.668112150276066630e-01   5.210497831908846855e+00   4.736955661576415899e+00   6.210185892225901505e-02   3.121402866451193692e+00
6.553711287394820006e-01   3.215884217381699273e-01   3.637654501057282497e-01   5.216398457127800370e+00   4.735230516673821555e+00   6.164951247133824974e-02   3.129334268819070619e+00
6.573124408727327728e-01   3.196146341297207982e-01   3.607582391056545212e-01   5.223317272361123642e+00   4.733674268520681849e+00   6.118997132740583433e-02   3.137335222843915084e+00
6.592537530059835449e-01   3.176600243549501101e-01   3.577890294289954309e-01   5.230352045519691018e+00   4.732287287235017459e+00   6.073396620157854586e-02   3.145408756854665810e+00
6.611950651392343170e-01   3.157243822754480789e-01   3.548572791627945811e-01   5.237489175847693801e+00   4.731069818523946147e+00   6.028162955092842418e-02   3.153566213605528024e+00
6.631363772724850891e-01   3.138075011690943938e-01   3.519624568712022561e-01   5.244715661157317577e+00   4.730021982577090611e+00   5.983308179949044237e-02   3.161794535289006891e+00
6.650776894057358612e-01   3.119091785916907611e-01   3.491040413946995269e-01   5.252019123290317282e+00   4.729143773634412184e+00   5.938843162404252446e-02   3.170102667236982086e+00
6.670190015389866334e-01   3.100292153229702308e-01   3.462815216532086904e-01   5.259387826522528897e+00   4.728435060103063137e+00   5.894777596729530722e-02   3.178489412945130432e+00
6.689603136722374055e-01   3.081674160463307999e-01   3.434943964557538032e-01   5.266810689612695384e+00   4.727895585303576453e+00   5.851120046029079091e-02   3.186955254438024632e+00
6.709016258054881776e-01   3.063235888918143246e-01   3.407421743135331527e-01   5.276157615200695261e+00   4.727524968747901291e+00   5.805808151168401904e-02   3.195513589964540824e+00
6.728429379387389497e-01   3.044975454419045491e-01   3.380243732604750750e-01   5.285730526732830725e+00   4.727322707996157725e+00   5.760746672610226465e-02   3.204150414623323062e+00
6.747842500719897219e-01   3.026891010781582736e-01   3.353405206763228619e-01   5.295271268880378912e+00   4.727288181008688639e+00   5.716215198587139279e-02   3.212876319116491519e+00
6.767255622052404940e-01   3.008980742705489320e-01   3.326901531158278913e-01   5.304771055838606308e+00   4.727420640067889757e+00   5.672216031630065991e-02   3.221692295093848468e+00
4.398854819486462953e-01   7.491443979033647338e-01   1.188256359982859278e+00   6.163068212711723781e+00   5.964540730804712254e+00   1.215538060017259531e-01   2.459845360921054880e+00
4.418267940818970674e-01   7.421249485556700165e-01   1.172334119763992932e+00   6.141893426675212098e+00   5.942324537118350847e+00   1.208299944333948023e-01   2.465443506536972418e+00
4.437681062151478395e-01   7.352018844389931473e-01   1.156699360137134480e+00   6.120644276999088973e+00   5.920062664840407329e+00   1.201183815242825581e-01   2.471026408931241036e+00
4.457094183483986116e-01   7.283735026097701848e-01   1.141345742178654143e+00   6.099291824406952500e+00   5.898645245326423314e+00   1.194193561447753210e-01   2.476594565305838991e+00
4.476507304816493837e-01   7.216381356719238083e-01   1.126267089497763774e+00   6.077805528049086803e+00   5.877775413364716428e+00   1.187333376070626584e-01   2.482149707970077834e+00
4.495920426149001559e-01   7.149941513044949515e-01   1.111457383586166969e+00   6.056741741775067744e+00   5.856911931112322556e+00   1.180493046901731624e-01   2.487691456094498488e+00
4.515333547481509280e-01   7.084399511115860859e-01   1.096910759321381601e+00   6.037125354803991151e+00   5.836035716900895842e+00   1.173472322465279188e-01   2.493220207669492261e+00
4.534746668814017001e-01   7.019739699843513536e-01   1.082621500597889863e+00   6.017470171811117652e+00   5.815127068550325795e+00   1.166559949516249306e-01   2.498737998784627212e+00
4.554159790146524722e-01   6.955946752539148292e-01   1.068584036101760448e+00   5.997753405398974280e+00   5.794620364480410402e+00   1.159758710032599976e-01   2.504242247205412664e+00
4.573572911479032443e-01   6.893005662327595928e-01   1.054792935211522398e+00   5.977951282080748108e+00   5.775063727505605371e+00   1.153071568681025560e-01   2.509736165326448276e+00
4.592986032811540165e-01   6.830901731532321719e-01   1.041242904025135640e+00   5.958038971317612287e+00   5.755524068295979845e+00   1.146501686950476134e-01   2.515222071239298973e+00
4.612399154144047886e-01   6.769620563682109404e-01   1.027928781511329603e+00   5.938610417776078343e+00   5.735985218243953021e+00   1.139933433487834852e-01   2.520696685308297269e+00
4.631812275476555607e-01   6.709148062698204740e-01   1.014845535773931440e+00   5.920539123012154903e+00   5.716430596355806415e+00   1.133198839379484513e-01   2.526163346555355904e+00
4.651225396809063328e-01   6.649470418192322541e-01   1.001988260435852984e+00   5.902447312295553417e+00   5.696843192450277371e+00   1.126561588163713934e-01   2.531622183296259987e+00
4.670638518141571049e-01   6.590574104822053414e-01   9.893521711311827893e-01   5.884316913228854418e+00   5.678304603687317709e+00   1.120023649644944080e-01   2.537072434086109496e+00
4.690051639474078771e-01   6.532445872620655791e-01   9.769326020983921666e-01   5.866129295617247053e+00   5.660030743015281196e+00   1.113587093537340422e-01   2.542516047911130173e+00
4.709464760806586492e-01   6.475072743065766190e-01   9.647250028920975051e-01   5.847865246142060158e+00   5.641772528535966558e+00   1.107254095387626425e-01   2.547953382716644288e+00
4.728877882139094213e-01   6.418442001403263930e-01   9.527249351760540552e-01   5.829504942901717612e+00   5.623516344278002066e+00   1.101026942128021380e-01   2.553385498185842373e+00
4.748291003471601934e-01   6.362541189745343218e-01   9.409280696258934817e-01   5.812905630700072379e+00   5.605248341673063628e+00   1.094554357831382108e-01   2.558811793220076680e+00
4.767704124804109655e-01   6.307358103123306137e-01   9.293301829235144362e-01   5.796366108634916081e+00   5.587064867600896712e+00   1.088157301473272887e-01   2.564234004269244416e+00
4.787117246136617377e-01   6.252880784185208540e-01   9.179271548370053768e-01   5.779818694385600253e+00   5.570043324966749587e+00   1.081847219577861674e-01   2.569651903292548667e+00
4.806530367469125098e-01   6.199097514096365558e-01   9.067149653929162945e-01   5.763249952916613239e+00   5.553053609946969615e+00   1.075625309459150303e-01   2.575066487199138887e+00
4.825943488801632819e-01   6.145996812964540368e-01   8.956896921321093608e-01   5.746646281411998736e+00   5.536084701906895944e+00   1.069492798407355172e-01   2.580477860198070683e+00
4.845356610134140540e-01   6.093567427188872898e-01   8.848475074479141833e-01   5.729993919127517543e+00   5.519125492832967161e+00   1.063450941343532102e-01   2.585888736596384962e+00
4.864769731466648262e-01   6.041798331824566048e-01   8.741846760069911237e-01   5.713605769393620193e+00   5.502164793689874323e+00   1.057440533294927848e-01   2.591295826590491291e+00
4.884182852799155983e-01   5.990678718540038972e-01   8.636975522393597338e-01   5.698644974400973062e+00   5.485280855538770872e+00   1.051246172634181936e-01   2.596703157317736821e+00
4.903595974131663704e-01   5.940197998453413675e-01   8.533825779106223308e-01   5.683710148967714204e+00   5.469501904479701082e+00   1.045126834895386686e-01   2.602110633526137473e+00
4.923009095464171425e-01   5.890345788247941528e-01   8.432362797639186835e-01   5.668792310854302130e+00   5.453762122720412719e+00   1.039083011908801257e-01   2.607518433747088693e+00
4.942422216796679146e-01   5.841111914004386563e-01   8.332552672310026276e-01   5.653882593923260202e+00   5.438052854436326911e+00   1.033115176512925532e-01   2.612927041087810487e+00
4.961835338129186868e-01   5.792486399333256486e-01   8.234362302128225286e-01   5.638972274710750021e+00   5.422365480227761658e+00   1.027223777160773677e-01   2.618334837114779656e+00
4.981248459461694589e-01   5.744459467604201564e-01   8.137759369236308160e-01   5.624052802153016728e+00   5.406691429481908173e+00   1.021409234530139959e-01   2.623746807068014331e+00
5.000661580794202310e-01   5.697021532274675337e-01   8.042712317993072624e-01   5.609115830647833256e+00   5.391022194217399033e+00   1.015671935520841146e-01   2.629161805493827941e+00
5.020074702126710031e-01   5.650163196179391889e-01   7.949190334686285775e-01   5.595407135185625158e+00   5.376190023084948422e+00   1.009785893978910609e-01   2.634579950517931923e+00
5.039487823459217752e-01   5.603875245153631113e-01   7.857163327838212474e-01   5.582111029738444863e+00   5.361704058044742816e+00   1.003898921984754250e-01   2.639999515242667627e+00
5.058900944791725474e-01   5.558148643757476748e-01   7.766601909048441721e-01   5.568865842373041275e+00   5.347261581380434059e+00   9.980755150296460876e-02   2.645424274900958217e+00
5.078314066124233195e-01   5.512974536055708086e-01   7.677477374453216541e-01   5.555667025623916899e+00   5.332856174232136759e+00   9.923155060641139502e-02   2.650855515666675988e+00
5.097727187456740916e-01   5.468344232743902467e-01   7.589761686698441867e-01   5.542510384174113902e+00   5.318481555221066692e+00   9.866186716326265371e-02   2.656290755812023008e+00
5.117140308789248637e-01   5.424249217568331005e-01   7.503427457430164038e-01   5.529392108127097138e+00   5.304131596148993211e+00   9.809847287906699187e-02   2.661731695993644120e+00
5.136553430121756358e-01   5.380681135510485547e-01   7.418447930315039685e-01   5.516308808390420815e+00   5.289800338937087787e+00   9.754133284428088968e-02   2.667180610627022830e+00
5.155966551454264080e-01   5.337631795008519475e-01   7.334796964507090955e-01   5.503257554085397629e+00   5.276503654814945321e+00   9.699040509281772748e-02   2.672638716976320605e+00
5.175379672786771801e-01   5.295093159095358715e-01   7.252449018682469717e-01   5.490888767755060407e+00   5.263297541924209177e+00   9.643417273703483450e-02   2.678101384351734726e+00
5.194792794119279522e-01   5.253057346538980710e-01   7.171379135422769613e-01   5.479362489623138543e+00   5.250145249223598931e+00   9.586986362897624570e-02   2.683574820246656056e+00
5.214205915451787243e-01   5.211516627146011160e-01   7.091562926129100219e-01   5.467921399680343519e+00   5.237042518091570287e+00   9.531074509320265620e-02   2.689054977199491159e+00
5.233619036784294964e-01   5.170463417822475094e-01   7.012976556331684819e-01   5.456564662155395595e+00   5.223985298248707387e+00   9.475675150855981943e-02   2.694549272934349649e+00
5.253032158116802686e-01   5.129890278550419680e-01   6.935596731444426677e-01   5.445291926719363573e+00   5.210969782960227725e+00   9.420781011535291072e-02   2.700049119284107846e+00
5.272445279449310407e-01   5.089789912149171869e-01   6.859400682896897861e-01   5.434103216822427918e+00   5.197992344440461210e+00   9.366384312304998350e-02   2.705563670422528766e+00
5.291858400781818128e-01   5.050155158431834934e-01   6.784366154694898565e-01   5.422999159285018855e+00   5.185693781969701988e+00   9.312476380869767756e-02   2.711087080991754661e+00
5.311271522114325849e-01   5.010978993725530017e-01   6.710471390323949903e-01   5.411980872596592995e+00   5.173784501514096412e+00   9.259047863783990973e-02   2.716623395050191458e+00
5.330684643446833570e-01   4.972254524290065092e-01   6.637695120069998511e-01   5.401050025284966694e+00   5.161942859308461529e+00   9.206088632788995973e-02   2.722173699855397810e+00
5.350097764779341292e-01   4.933974988766748893e-01   6.566016548668939246e-01   5.390208859434703292e+00   5.150166400476052786e+00   9.153587768924038859e-02   2.727736262509935283e+00
5.369510886111849013e-01   4.896133750704620424e-01   6.495415343302124445e-01   5.380177924646161181e+00   5.138452908482521231e+00   9.100319393297064130e-02   2.733311477866192885e+00
5.388924007444356734e-01   4.858724297899925659e-01   6.425871621968001213e-01   5.370718776272003225e+00   5.126800416927673076e+00   9.046692817665143160e-02   2.738903120506793964e+00
5.408337128776864455e-01   4.821740240475946848e-01   6.357365942102749523e-01   5.361385995857191666e+00   5.115207221465675858e+00   8.993458490401110006e-02   2.744511131855793540e+00
5.427750250109372177e-01   4.785175306566315512e-01   6.289879289633769632e-01   5.352182161865353116e+00   5.103671891752547651e+00   8.940606208549854717e-02   2.750135391701914234e+00
5.447163371441879898e-01   4.749023340165194895e-01   6.223393068237453862e-01   5.343110273401289412e+00   5.092717856797746023e+00   8.888125262558142781e-02   2.755775000885126502e+00
5.466576492774387619e-01   4.713278301492209721e-01   6.157889088937262834e-01   5.334173753809519525e+00   5.082174327760887067e+00   8.836004447973067055e-02   2.761431283048114249e+00
5.485989614106895340e-01   4.677934260374740916e-01   6.093349560012240040e-01   5.325376452176802999e+00   5.071712948883466687e+00   8.784232067692766821e-02   2.767107476763384089e+00
5.505402735439403061e-01   4.642985396553740984e-01   6.029757077154023204e-01   5.316722642425843581e+00   5.061332948184310787e+00   8.732795951220245767e-02   2.772802085749515033e+00
5.524815856771910783e-01   4.608425995879770198e-01   5.967094613889899479e-01   5.308217019776569678e+00   5.051033794114529130e+00   8.681683470570962513e-02   2.778511099903128834e+00
5.544228978104418504e-01   4.574250452303658676e-01   5.905345512329186475e-01   5.299864694376987373e+00   5.040815202075152435e+00   8.630881571668828911e-02   2.784244830491837241e+00
5.563642099436926225e-01   4.540453257867511083e-01   5.844493474086933649e-01   5.291671181773343946e+00   5.030677140500215749e+00   8.580376788162252799e-02   2.789997261553977648e+00
5.583055220769433946e-01   4.507029009067764491e-01   5.784522551519114542e-01   5.283642390061011440e+00   5.020619836486246435e+00   8.530155291254903904e-02   2.795771823747640550e+00
5.602468342101941667e-01   4.473972397075840490e-01   5.725417139167473524e-01   5.275784603480427215e+00   5.010643780863202501e+00   8.480202914509374357e-02   2.801567451114748586e+00
5.621881463434449389e-01   4.441278213884061188e-01   5.667161965445021155e-01   5.268289737431561370e+00   5.001091106993098556e+00   8.430208730412971918e-02   2.807386815160166194e+00
5.641294584766957110e-01   4.408941342647950123e-01   5.609742084562812092e-01   5.261551732778827706e+00   4.992033003977837780e+00   8.379545743474840769e-02   2.813230912489186775e+00
5.660707706099464831e-01   4.376956759624590632e-01   5.553142868649519892e-01   5.254991934616887406e+00   4.983073151141941715e+00   8.329140775253521256e-02   2.819094124180012262e+00
5.680120827431972552e-01   4.345319534412510620e-01   5.497350000116230095e-01   5.248614822677086345e+00   4.974212129517379566e+00   8.278983467482102510e-02   2.824988795466994773e+00
5.699533948764480273e-01   4.314024822421060890e-01   5.442349464209288445e-01   5.242425041578295364e+00   4.965450727525910324e+00   8.229063435730635256e-02   2.830902668920871168e+00
5.718947070096987995e-01   4.283067867786485294e-01   5.388127541770348916e-01   5.236427376548019375e+00   4.956789941279225786e+00   8.179370322156531703e-02   2.836845314820929609e+00
5.738360191429495716e-01   4.252443999334900582e-01   5.334670802192170713e-01   5.230626726857191322e+00   4.948230974178679631e+00   8.129893837578371085e-02   2.842812656641886981e+00
5.757773312762003437e-01   4.222148628952027138e-01   5.281966096571626412e-01   5.225028077117236158e+00   4.939775235808480325e+00   8.080623810315447353e-02   2.848808624124286037e+00
5.777186434094511158e-01   4.192177254134321629e-01   5.230000551023755717e-01   5.219636466414035780e+00   4.931424340001991702e+00   8.031550245134996824e-02   2.854837833453995888e+00
5.796599555427018879e-01   4.162525448599581068e-01   5.178761560228548610e-01   5.214456930296416992e+00   4.923180089575863505e+00   7.982663399547844374e-02   2.860893388284575067e+00
3.408785631528569171e-01   1.289758119021030325e+00   2.603859114814500941e+00   7.722052615094254335e+00   7.519823506233352717e+00   1.670227054008861789e-01   2.136778558579214504e+00
3.428198752861076892e-01   1.274383364509162897e+00   2.558883715630577260e+00   7.680301365302520722e+00   7.479332521080722884e+00   1.659288228280305366e-01   2.144176985464487650e+00
3.447611874193584613e-01   1.259266519412904017e+00   2.514912487212737524e+00   7.639674588619416618e+00   7.438816969794383560e+00   1.648324813845859216e-01   2.151517781417710662e+00
3.467024995526092335e-01   1.244402334827896084e+00   2.471918970143602845e+00   7.600632456544904159e+00   7.399067677139506749e+00   1.637235245806868689e-01   2.158801551260782325e+00
3.486438116858600056e-01   1.229785679029646417e+00   2.429877485247617930e+00   7.561462517226214430e+00   7.360590075055309711e+00   1.626386001686841720e-01   2.166029465989354197e+00
3.505851238191107777e-01   1.215411534706959173e+00   2.388763108720407757e+00   7.522077461335174853e+00   7.322154084634866500e+00   1.615792367141115071e-01   2.173202281914543121e+00
3.525264359523615498e-01   1.201274996850088428e+00   2.348551648112764845e+00   7.482424738049225255e+00   7.283702603994952618e+00   1.605462184927071989e-01   2.180321904714138448e+00
3.544677480856123220e-01   1.187371269344225766e+00   2.309219619123498823e+00   7.445492020663011523e+00   7.245446665567786049e+00   1.594751919750888314e-01   2.187388144421215763e+00
3.564090602188630941e-01   1.173695663593889549e+00   2.270744223160112263e+00   7.408459062695836650e+00   7.208875407310017636e+00   1.584264222372307740e-01   2.194403273259204479e+00
3.583503723521138662e-01   1.160243595016595464e+00   2.233103325667791683e+00   7.371248257072291032e+00   7.172346597226188614e+00   1.574012371518498377e-01   2.201367838848860892e+00
3.602916844853646383e-01   1.147010581496601844e+00   2.196275435176550328e+00   7.333773641730007675e+00   7.135807920164553231e+00   1.564011431945459829e-01   2.208282238975745049e+00
3.622329966186154104e-01   1.133992240705879340e+00   2.160239683049224979e+00   7.297538851830763562e+00   7.099202985058689741e+00   1.553937928568054072e-01   2.215147655893908940e+00
3.641743087518661826e-01   1.121184287873234098e+00   2.124975803906898886e+00   7.262617611347145896e+00   7.064177597817292487e+00   1.543774363283963724e-01   2.221965783519121995e+00
3.661156208851169547e-01   1.108582533463504660e+00   2.090464116711130860e+00   7.227561304171095991e+00   7.029523401319238474e+00   1.533826538176481236e-01   2.228735708063258603e+00
3.680569330183677268e-01   1.096182881265463038e+00   2.056685506466439772e+00   7.192294791965594847e+00   6.994871092825917458e+00   1.524107274482120189e-01   2.235460281629586543e+00
3.699982451516184989e-01   1.083981326065554640e+00   2.023621406535107248e+00   7.156734974944305883e+00   6.960169747796271622e+00   1.514631085069613470e-01   2.242140102874857988e+00
3.719395572848692710e-01   1.071973951524569202e+00   1.991253781547248192e+00   7.123638226040680976e+00   6.926261997076038845e+00   1.504812453285366280e-01   2.248775768373175499e+00
3.738808694181200432e-01   1.060156928290211908e+00   1.959565110861149595e+00   7.090570500735429604e+00   6.893352911305580477e+00   1.495164497948723581e-01   2.255368261540769748e+00
3.758221815513708153e-01   1.048526511743034462e+00   1.928538372582907057e+00   7.057338484177114069e+00   6.860454702605981225e+00   1.485725127247163324e-01   2.261918110703536211e+00
3.777634936846215874e-01   1.037079040497587812e+00   1.898157028103186761e+00   7.023870376360347834e+00   6.827521480648509389e+00   1.476506519807082307e-01   2.268427096490424955e+00
3.797048058178723595e-01   1.025810934093101423e+00   1.868405007152997621e+00   6.990990344465402018e+00   6.794613152881769480e+00   1.467332786269989753e-01   2.274895601516628396e+00
3.816461179511231316e-01   1.014718691190864774e+00   1.839266693342683112e+00   6.959882429793815994e+00   6.763417239908354084e+00   1.457953782160262002e-01   2.281323629896002902e+00
3.835874300843739038e-01   1.003798887896550696e+00   1.810726910178285243e+00   6.928658408100411670e+00   6.732245719357838887e+00   1.448763712644560997e-01   2.287714752765331649e+00
3.855287422176246759e-01   9.930481758175346840e-01   1.782770907543891559e+00   6.897256793671359354e+00   6.701057611116243429e+00   1.439772659659004084e-01   2.294066081469925411e+00
3.874700543508754480e-01   9.824632804838984157e-01   1.755384348604829503e+00   6.865610252007999570e+00   6.669809197707291304e+00   1.430991921215678253e-01   2.300380553166071262e+00
3.894113664841262201e-01   9.720409996212993065e-01   1.728553297168312852e+00   6.835240275725690040e+00   6.639483118617448554e+00   1.422102165264554352e-01   2.306660341411004733e+00
3.913526786173769922e-01   9.617782010947165672e-01   1.702264205428759780e+00   6.805871617895264514e+00   6.609921578790733498e+00   1.413159482123980126e-01   2.312903827502928777e+00
3.932939907506277644e-01   9.516718219119866262e-01   1.676503902126830647e+00   6.776376085179964370e+00   6.580359074585548917e+00   1.404396405909800472e-01   2.319113126529070978e+00
3.952353028838785365e-01   9.417188662202988780e-01   1.651259581090920081e+00   6.746696875298748175e+00   6.550756897301429404e+00   1.395822109139294720e-01   2.325289359263913003e+00
3.971766150171293086e-01   9.319164036895699610e-01   1.626518790150734972e+00   6.716772052772659762e+00   6.521098025515931873e+00   1.387446821728717528e-01   2.331431737604619414e+00
3.991179271503800807e-01   9.222615683505637207e-01   1.602269420400276312e+00   6.688580055604433028e+00   6.493116700197419711e+00   1.378860028112829095e-01   2.337542569605897569e+00
4.010592392836308528e-01   9.127515568363833154e-01   1.578499695827068505e+00   6.660952257324949777e+00   6.465152836487567889e+00   1.370301905155744127e-01   2.343622366476221242e+00
4.030005514168816250e-01   9.033836268882851073e-01   1.555198163253216137e+00   6.633199828460302427e+00   6.437172420410634643e+00   1.361912274996211480e-01   2.349671438426748082e+00
4.049418635501323971e-01   8.941550961557139798e-01   1.532353682624067126e+00   6.605271289238388022e+00   6.409139449767233820e+00   1.353699275929079182e-01   2.355691144813360172e+00
4.068831756833831692e-01   8.850633405802453835e-01   1.509955417588063176e+00   6.577110762790957743e+00   6.381621344689070163e+00   1.345671940918741760e-01   2.361682426668015200e+00
4.088244878166339413e-01   8.761057932350696520e-01   1.487992826391474122e+00   6.550696630106743967e+00   6.355149494446255432e+00   1.337423853836433030e-01   2.367645543380478834e+00
4.107657999498847134e-01   8.672799429199359311e-01   1.466455653060826814e+00   6.524719669720200343e+00   6.328681183152840006e+00   1.329221770162468119e-01   2.373581749833836518e+00
4.127071120831354856e-01   8.585833327150567129e-01   1.445333918878030532e+00   6.498626689622859054e+00   6.302185106035070206e+00   1.321176571176276848e-01   2.379490472727916028e+00
4.146484242163862577e-01   8.500135588907369311e-01   1.424617914106356187e+00   6.472372133306940611e+00   6.275628253248954458e+00   1.313295251545491815e-01   2.385373397040794430e+00
4.165897363496370298e-01   8.415682700057233179e-01   1.404298189997044366e+00   6.445906859721381998e+00   6.250006339044235304e+00   1.305585526319719969e-01   2.391232290055162579e+00
4.185310484828878019e-01   8.332451646506342513e-01   1.384365551049189680e+00   6.420926788923949857e+00   6.225019938453396406e+00   1.297702328716745235e-01   2.397066113731296522e+00
4.204723606161385741e-01   8.250419915682414285e-01   1.364811047516143017e+00   6.396612266831306570e+00   6.200031210206906174e+00   1.289810851669680736e-01   2.402877145517874347e+00
4.224136727493893462e-01   8.169565475631088702e-01   1.345625968135813810e+00   6.372199915135662529e+00   6.175011782256086157e+00   1.282063586270450750e-01   2.408664106096065627e+00
4.243549848826401183e-01   8.089866768557385512e-01   1.326801833113338436e+00   6.347650207380296727e+00   6.149931856625879156e+00   1.274466377991566868e-01   2.414430374321232087e+00
4.262962970158908904e-01   8.011302697062774314e-01   1.308330387308494380e+00   6.322920782304490395e+00   6.125954596406501196e+00   1.267025631490345250e-01   2.420174321015948316e+00
4.282376091491416625e-01   7.933852615293517374e-01   1.290203593649813740e+00   6.298969011741436752e+00   6.102370961039874864e+00   1.259547808618301790e-01   2.425898719917927160e+00
4.301789212823924347e-01   7.857496318168841754e-01   1.272413626746802473e+00   6.276244915420837067e+00   6.078782890158500152e+00   1.251942271861131994e-01   2.431601114213101322e+00
4.321202334156432068e-01   7.782214030301018992e-01   1.254952866713725967e+00   6.253445834638446499e+00   6.055165101646417192e+00   1.244468127827153686e-01   2.437286633811217573e+00
4.340615455488939789e-01   7.707986397832655712e-01   1.237813893174616098e+00   6.230538479179307920e+00   6.031491178582231605e+00   1.237130052818156828e-01   2.442951989757990550e+00
4.360028576821447510e-01   7.634794474514591256e-01   1.220989479472660122e+00   6.207487467437895035e+00   6.008927451409379117e+00   1.229933127463213455e-01   2.448600448185826561e+00
4.379441698153955231e-01   7.562619718809173719e-01   1.204472587044875809e+00   6.184255114907601047e+00   5.986734306270761863e+00   1.222882882140312044e-01   2.454230484157802206e+00
4.398854819486462953e-01   7.491443978950655946e-01   1.188256359982861055e+00   6.163068212711372063e+00   5.964540730804367641e+00   1.215538060003862886e-01   2.459844959176557655e+00
4.418267940818970674e-01   7.421249486304759557e-01   1.172334119763950522e+00   6.141893426675284040e+00   5.942324537118354399e+00   1.208299944455730052e-01   2.465443359179849470e+00
4.437681062151478395e-01   7.352018844296707156e-01   1.156699360136662635e+00   6.120644276998837618e+00   5.920062664839885969e+00   1.201183815227643975e-01   2.471025820046097277e+00
4.457094183483986116e-01   7.283735026242084132e-01   1.141345742178499600e+00   6.099291824408741292e+00   5.898645245327563735e+00   1.194193561471074833e-01   2.476594867801158006e+00
4.476507304816493837e-01   7.216381356346346365e-01   1.126267089497267948e+00   6.077805528047022676e+00   5.877775413363175439e+00   1.187333376009676589e-01   2.482149548883950008e+00
4.495920426149001559e-01   7.149941512959685497e-01   1.111457383586719416e+00   6.056741741774988697e+00   5.856911931112462000e+00   1.180493046887669262e-01   2.487691294348310489e+00
4.515333547481509280e-01   7.084399510794128219e-01   1.096910759322119455e+00   6.037125354806645028e+00   5.836035716903154480e+00   1.173472322411470703e-01   2.493219625644553794e+00
4.534746668814017001e-01   7.019739699492220097e-01   1.082621500598321518e+00   6.017470171813246615e+00   5.815127068552165213e+00   1.166559949457457723e-01   2.498736644524416128e+00
4.554159790146524722e-01   6.955946752033241864e-01   1.068584036101744239e+00   5.997753405398945858e+00   5.794620364480432606e+00   1.159758709948256195e-01   2.504242104653592982e+00
4.573572911479032443e-01   6.893005662660698363e-01   1.054792935211022353e+00   5.977951282077700768e+00   5.775063727503464861e+00   1.153071568737335378e-01   2.509737914430697714e+00
4.592986032811540165e-01   6.830901731333369753e-01   1.041242904025091676e+00   5.958038971320383403e+00   5.755524068297681595e+00   1.146501686916550911e-01   2.515221651298523042e+00
2.690500142225783486e-01   2.100869183929034989e+00   5.311172719908026529e+00   9.652496112427126462e+00   9.425254932742573644e+00   2.176503527646353187e-01   1.812788126138684452e+00
2.709913263558291208e-01   2.070910331807112925e+00   5.200221172154433802e+00   9.588761490530210096e+00   9.361200602666370330e+00   2.159726606874442234e-01   1.823058343007291082e+00
2.729326384890798929e-01   2.041514774682696043e+00   5.092132900358041780e+00   9.525049560409460270e+00   9.297950789329236798e+00   2.143311446029826095e-01   1.833233443011165864e+00
2.748739506223306650e-01   2.012670635743120329e+00   4.986823953664079490e+00   9.461225459476981570e+00   9.236605875639916974e+00   2.127283240805870335e-01   1.843314476401086921e+00
2.768152627555814371e-01   1.984366279996152338e+00   4.884213029951413709e+00   9.398198531044878123e+00   9.175520151972420990e+00   2.111432604281805181e-01   1.853301961887445115e+00
2.787565748888322092e-01   1.956590311185209430e+00   4.784221391805794532e+00   9.337869322076180367e+00   9.114609132155027993e+00   2.095328434892020364e-01   1.863197064527207791e+00
2.806978870220829814e-01   1.929331569233340815e+00   4.686772784659980040e+00   9.277583628240883229e+00   9.053806841362959545e+00   2.079562574203559500e-01   1.873000446928462237e+00
2.826391991553337535e-01   1.902579126467571768e+00   4.591793357099555273e+00   9.217216590367065976e+00   8.995552434431234090e+00   2.064157989360868029e-01   1.882712904418378796e+00
2.845805112885845256e-01   1.876322285084938812e+00   4.499211583382268564e+00   9.156625831879990685e+00   8.937546970229007570e+00   2.049141593786957538e-01   1.892335373850179803e+00
2.865218234218352977e-01   1.850550573081477301e+00   4.408958188155270186e+00   9.099013806292091999e+00   8.879710083520897967e+00   2.033792466389925113e-01   1.901868876415348630e+00
2.884631355550860699e-01   1.825253740691209714e+00   4.320966073359948645e+00   9.041850189983032138e+00   8.821953015775457985e+00   2.018672840557906856e-01   1.911314245872622886e+00
2.904044476883368420e-01   1.800421757604794948e+00   4.235170247285891421e+00   8.984614605797865750e+00   8.766047014849013053e+00   2.003894253230365519e-01   1.920672735041614398e+00
2.923457598215876141e-01   1.776044808255051066e+00   4.151507755810355249e+00   8.927174108238899564e+00   8.710889663855668985e+00   1.989481538862266918e-01   1.929944998252120403e+00
2.942870719548383862e-01   1.752113288443865713e+00   4.069917615711628578e+00   8.871399810211435977e+00   8.655883774482385107e+00   1.975013330395833933e-01   1.939131960628043050e+00
2.962283840880891583e-01   1.728617801972745838e+00   3.990340750087023824e+00   8.817297015894732581e+00   8.600944526255021927e+00   1.960484940970693701e-01   1.948234842414097612e+00
2.981696962213399305e-01   1.705549156293159285e+00   3.912719925806847243e+00   8.763142894983376507e+00   8.547362525942753919e+00   1.946275641892742103e-01   1.957254423871001903e+00
3.001110083545907026e-01   1.682898359088426332e+00   3.836999692962482555e+00   8.708815093079190106e+00   8.494981051206055511e+00   1.932407958030719075e-01   1.966192261175075728e+00
3.020523204878414747e-01   1.660656614248978258e+00   3.763126326265741728e+00   8.654884703277014424e+00   8.442742618200059113e+00   1.918750706892953517e-01   1.975048928904565848e+00
3.039936326210922468e-01   1.638815318124329679e+00   3.691047768366890303e+00   8.603584210622470252e+00   8.390567291020898821e+00   1.904805343918126448e-01   1.983825175106916694e+00
3.059349447543430189e-01   1.617366056148398457e+00   3.620713575010695795e+00   8.552238484497824089e+00   8.339235315993663633e+00   1.891161079149172031e-01   1.992522912526020207e+00
3.078762568875937911e-01   1.596300598345351318e+00   3.552074862041779468e+00   8.500733884213145686e+00   8.289422290936130366e+00   1.877838572631790881e-01   2.001142455780887008e+00
3.098175690208445632e-01   1.575610896093508018e+00   3.485084254120269343e+00   8.448941876960612163e+00   8.239736366091488406e+00   1.864861800493663457e-01   2.009685026064314872e+00
3.117588811540953353e-01   1.555289078634018773e+00   3.419695835182646970e+00   8.399998966510608511e+00   8.190101737404404503e+00   1.851534845224024894e-01   2.018151569696999381e+00
3.137001932873461074e-01   1.535327448966768316e+00   3.355865100560984082e+00   8.351418588848581237e+00   8.140908654845905090e+00   1.838403179810491894e-01   2.026543681832637667e+00
3.156415054205968795e-01   1.515718480542432189e+00   3.293548910687141174e+00   8.302705938512538353e+00   8.093599421917925696e+00   1.825571677194650910e-01   2.034862093266287530e+00
3.175828175538476517e-01   1.496454813429067832e+00   3.232705446398165261e+00   8.253743840117897079e+00   8.046410081922291013e+00   1.813061857039280911e-01   2.043107741751231998e+00
3.195241296870984238e-01   1.477529251202327032e+00   3.173294165714718229e+00   8.206310792885894045e+00   7.999269685016885845e+00   1.800479275636510113e-01   2.051281820769062847e+00
3.214654418203491959e-01   1.458934757141719274e+00   3.115275762116255009e+00   8.160264287889647861e+00   7.952159819558186626e+00   1.787852336237285011e-01   2.059385591430271667e+00
3.234067539535999680e-01   1.440664451053066841e+00   3.058612124203264226e+00   8.114100685670557311e+00   7.907170687630181938e+00   1.775507239634417922e-01   2.067419489260403420e+00
3.253480660868507401e-01   1.422711605678955493e+00   3.003266296754636855e+00   8.067712618960387161e+00   7.862289048466422514e+00   1.763463416303848730e-01   2.075385166515304913e+00
3.272893782201015123e-01   1.405069643609863306e+00   2.949202443101664350e+00   8.021728510934984513e+00   7.817448228638147256e+00   1.751579652308743185e-01   2.083283882494358252e+00
3.292306903533522844e-01   1.387732134070574608e+00   2.896385808774568638e+00   7.978177279583367643e+00   7.772575535446248907e+00   1.739409999852803701e-01   2.091116028599762089e+00
3.311720024866030565e-01   1.370692789487975460e+00   2.844782686402731020e+00   7.934534353495570791e+00   7.729514925730695651e+00   1.727502495321751319e-01   2.098883538055095865e+00
3.331133146198538286e-01   1.353945462355454987e+00   2.794360381793169257e+00   7.890702640543827862e+00   7.686892440493870993e+00   1.715874395517888729e-01   2.106586404224593867e+00
3.350546267531046007e-01   1.337484142533981180e+00   2.745087181173719859e+00   7.846573293474413902e+00   7.644311289759300188e+00   1.704545528997093717e-01   2.114226299873659176e+00
3.369959388863553729e-01   1.321302954044426547e+00   2.696932319549325108e+00   7.804871614783602141e+00   7.601704226052792279e+00   1.692920805438593024e-01   2.121804278839716229e+00
3.389372510196061450e-01   1.305396151755076062e+00   2.649865950132550996e+00   7.763543340818758409e+00   7.560352244931799248e+00   1.681443761499509248e-01   2.129321654317943402e+00
3.408785631528569171e-01   1.289758119062753394e+00   2.603859114814163433e+00   7.722052615093848438e+00   7.519823506232930832e+00   1.670227054062980721e-01   2.136778658551734988e+00
3.428198752861076892e-01   1.274383364482560177e+00   2.558883715631558697e+00   7.680301365305241212e+00   7.479332521082942442e+00   1.659288228245079932e-01   2.144177038903221089e+00
3.447611874193584613e-01   1.259266519377774785e+00   2.514912487211959924e+00   7.639674588619997486e+00   7.438816969794735279e+00   1.648324813799751098e-01   2.151517344494993100e+00
3.467024995526092335e-01   1.244402334786514075e+00   2.471918970143927918e+00   7.600632456546030369e+00   7.399067677140418908e+00   1.637235245752180768e-01   2.158801442447427554e+00
3.486438116858600056e-01   1.229785678964162798e+00   2.429877485247654345e+00   7.561462517225765900e+00   7.360590075054923354e+00   1.626386001600336473e-01   2.166029091230730508e+00
3.505851238191107777e-01   1.215411534738109367e+00   2.388763108720321160e+00   7.522077461335028303e+00   7.322154084634719062e+00   1.615792367182558309e-01   2.173202335875665359e+00
3.525264359523615498e-01   1.201274996881011248e+00   2.348551648113295531e+00   7.482424738049817670e+00   7.283702603995603653e+00   1.605462184968272366e-01   2.180322174201168917e+00
3.544677480856123220e-01   1.187371269348886926e+00   2.309219619124024181e+00   7.445492020664112864e+00   7.245446665568763045e+00   1.594751919756912661e-01   2.187388037888132519e+00
3.564090602188630941e-01   1.173695663615603735e+00   2.270744223158512654e+00   7.408459062691805208e+00   7.208875407306566174e+00   1.584264222402479716e-01   2.194403601759280953e+00
3.583503723521138662e-01   1.160243595037741215e+00   2.233103325665371841e+00   7.371248257068255150e+00   7.172346597222650111e+00   1.574012371548046962e-01   2.201367802737699275e+00
3.602916844853646383e-01   1.147010581446124888e+00   2.196275435176935353e+00   7.333773641730383375e+00   7.135807920164862317e+00   1.564011431876551617e-01   2.208281827660946828e+00
3.622329966186154104e-01   1.133992240651082284e+00   2.160239683049747228e+00   7.297538851832285012e+00   7.099202985060132143e+00   1.553937928492640508e-01   2.215147548667528277e+00
3.641743087518661826e-01   1.121184287794562806e+00   2.124975803908788929e+00   7.262617611351444680e+00   7.064177597820963328e+00   1.543774363174726383e-01   2.221964892905666122e+00
3.661156208851169547e-01   1.108582533474191223e+00   2.090464116711456821e+00   7.227561304172163581e+00   7.029523401320095566e+00   1.533826538191040700e-01   2.228735841382412985e+00
3.680569330183677268e-01   1.096182881306162926e+00   2.056685506465676827e+00   7.192294791963857570e+00   6.994871092824443082e+00   1.524107274539076573e-01   2.235460223251256373e+00
3.699982451516184989e-01   1.083981326071921103e+00   2.023621406534918954e+00   7.156734974944304994e+00   6.960169747796270734e+00   1.514631085078509409e-01   2.242139955495192627e+00
3.719395572848692710e-01   1.071973951595623475e+00   1.991253781545763824e+00   7.123638226037726007e+00   6.926261997073400956e+00   1.504812453385734883e-01   2.248776244930461576e+00
3.738808694181200432e-01   1.060156928284641253e+00   1.959565110861121617e+00   7.090570500734413528e+00   6.893352911304849506e+00   1.495164497941081638e-01   2.255368097390009652e+00
3.758221815513708153e-01   1.048526511769523495e+00   1.928538372582864202e+00   7.057338484177592797e+00   6.860454702606307187e+00   1.485725127284596436e-01   2.261918389752891390e+00
3.777634936846215874e-01   1.037079040504863769e+00   1.898157028104612065e+00   7.023870376363451129e+00   6.827521480651168595e+00   1.476506519816788709e-01   2.268426459321355892e+00
3.797048058178723595e-01   1.025810934103105865e+00   1.868405007152949659e+00   6.990990344466962547e+00   6.794613152882759799e+00   1.467332786283972734e-01   2.274895007814461856e+00
1.836322803595434039e-01   4.193422079876199859e+00   1.491756283721279175e+01   1.328711602207925679e+01   1.299503713158487272e+01   3.156006219038031135e-01   1.264414055803195547e+00
1.855735924927942038e-01   4.124525069881428863e+00   1.454433502125819899e+01   1.319235915983104768e+01   1.290206739614417586e+01   3.126449954789019547e-01   1.278746410614975071e+00
1.875149046260450036e-01   4.056738690213023801e+00   1.418094512801076590e+01   1.309718657335673342e+01   1.280936658365261316e+01   3.097412308736245956e-01   1.293016614505357875e+00
1.894562167592958035e-01   3.990073512724052307e+00   1.382724663408187915e+01   1.300169973969911652e+01   1.271653442857031813e+01   3.068886063059005909e-01   1.307221957487183950e+00
1.913975288925466034e-01   3.924535423262682343e+00   1.348307287646991526e+01   1.290597032554076939e+01   1.262367531369123519e+01   3.040868159673411619e-01   1.321359790849413685e+00
1.933388410257974033e-01   3.860126390197024193e+00   1.314824186676043638e+01   1.281062813995604266e+01   1.253087287033331521e+01   3.013221793674099591e-01   1.335427536471418763e+00
1.952801531590482031e-01   3.796845097008826997e+00   1.282256015992259535e+01   1.271685583451293056e+01   1.243819221557217958e+01   2.985679122589699475e-01   1.349422542662155999e+00
1.972214652922990030e-01   3.734687466121044963e+00   1.250582598066894313e+01   1.262328099716336638e+01   1.234568165297512898e+01   2.958571125019147652e-01   1.363342419755186885e+00
1.991627774255498029e-01   3.673647096726767813e+00   1.219783176083751997e+01   1.252992280795349522e+01   1.225337392797921332e+01   2.931899224786032598e-01   1.377184519154276199e+00
2.011040895588006028e-01   3.613715633812716987e+00   1.189836620547590229e+01   1.243678413269495664e+01   1.216128709527667695e+01   2.905667249070160163e-01   1.390946753422741100e+00
2.030454016920514027e-01   3.554883079497357823e+00   1.160721597882565348e+01   1.234385155209051277e+01   1.206942503199596395e+01   2.879881586793155424e-01   1.404626863734364628e+00
2.049867138253022025e-01   3.497138059010353128e+00   1.132416708101066227e+01   1.225109495124175041e+01   1.197862060756993863e+01   2.854551428201843599e-01   1.418222841012513724e+00
2.069280259585530024e-01   3.440468046604678864e+00   1.104900597185925548e+01   1.215846664320211801e+01   1.188919138862084246e+01   2.829689094494713952e-01   1.431732680803030844e+00
2.088693380918038023e-01   3.384859559679284757e+00   1.078152048615975112e+01   1.206690651889769228e+01   1.180021029626604090e+01   2.805076474553223620e-01   1.445154559558800011e+00
2.108106502250546022e-01   3.330298324950717426e+00   1.052150057709872044e+01   1.197759862555663979e+01   1.171166198528401559e+01   2.780439075529588799e-01   1.458486890688564186e+00
2.127519623583054020e-01   3.276769421600761234e+00   1.026873891713685971e+01   1.188866441191358803e+01   1.162352045227078889e+01   2.756213236465083760e-01   1.471727940937303636e+00
2.146932744915562019e-01   3.224257405656430819e+00   1.002303138099179058e+01   1.180004722664367200e+01   1.153574861328076295e+01   2.732410594405322302e-01   1.484876399779822886e+00
2.166345866248070018e-01   3.172746417740540448e+00   9.784177430212885440e+00   1.171167501859122240e+01   1.144841087511184163e+01   2.709045813433256789e-01   1.497930880021049349e+00
2.185758987580578017e-01   3.122220276757502244e+00   9.551980415418793058e+00   1.162345860402432507e+01   1.136340973076029748e+01   2.686137046744859203e-01   1.510890281237982746e+00
2.205172108913086015e-01   3.072662561621541055e+00   9.326247809361127850e+00   1.153603273860903400e+01   1.127891970615052664e+01   2.663534883476786908e-01   1.523753329526266187e+00
2.224585230245594014e-01   3.024056681960360038e+00   9.106791381571797572e+00   1.145160288451107711e+01   1.119489518645163351e+01   2.640727863564464872e-01   1.536519214688121693e+00
2.243998351578102013e-01   2.976385939353008769e+00   8.893427324133943657e+00   1.136754308659558887e+01   1.111128092883682328e+01   2.618319470337184818e-01   1.549186977107755325e+00
2.263411472910610012e-01   2.929633580631730183e+00   8.685976336615720328e+00   1.128376710908979419e+01   1.102801127099525225e+01   2.596325812389129739e-01   1.561755819904629750e+00
2.282824594243118010e-01   2.883782844623851815e+00   8.484263676922788378e+00   1.120017285769629645e+01   1.094630198592173365e+01   2.574766373040604517e-01   1.574225230580576840e+00
2.302237715575626009e-01   2.838817002362702624e+00   8.288119183616542429e+00   1.111663989890366366e+01   1.086613431583309364e+01   2.553664621845554428e-01   1.586594528990335817e+00
2.321650836908134008e-01   2.794719392610431896e+00   8.097377274269753400e+00   1.103587045222969287e+01   1.078643766475091859e+01   2.532395976110597968e-01   1.598863154075741422e+00
2.341063958240642007e-01   2.751473452302661826e+00   7.911876923719668220e+00   1.095624821944485916e+01   1.070714568728943128e+01   2.511328145541116275e-01   1.611030942579959602e+00
2.360477079573150005e-01   2.709062742629839704e+00   7.731461625573143870e+00   1.087687695209934802e+01   1.062818198434326966e+01   2.490662305513130781e-01   1.623097355554790511e+00
2.379890200905658004e-01   2.667470972201841040e+00   7.555979340025053226e+00   1.079764187362301087e+01   1.055059365217610612e+01   2.470419933743186192e-01   1.635062305118273107e+00
2.399303322238166003e-01   2.626682016083805138e+00   7.385282430396874709e+00   1.071840925957148549e+01   1.047464744737729880e+01   2.450626723119563033e-01   1.646925600000166856e+00
2.418716443570674002e-01   2.586679932797437242e+00   7.219227590574963216e+00   1.064185674383156055e+01   1.039912786035639947e+01   2.430665996605131107e-01   1.658687257819825955e+00
2.438129564903182001e-01   2.547448978403849651e+00   7.057675765054748140e+00   1.056665008250965521e+01   1.032395820204198245e+01   2.410838779094700846e-01   1.670347232367958235e+00
2.457542686235689999e-01   2.508973618502636782e+00   6.900492063106817398e+00   1.049164178888321430e+01   1.024905163342194925e+01   2.391402288592341663e-01   1.681905572989958575e+00
2.476955807568197998e-01   2.471238538417310338e+00   6.747545668327946444e+00   1.041670783366746988e+01   1.017611186400836942e+01   2.372379621160256025e-01   1.693362522054809860e+00
2.496368928900705997e-01   2.434228651209309646e+00   6.598709744787719877e+00   1.034170485871893952e+01   1.010432075436981059e+01   2.353798222308623733e-01   1.704718069976411954e+00
2.515782050233213996e-01   2.397929104838340209e+00   6.453861340700174587e+00   1.026997884996566057e+01   1.003289557997864634e+01   2.334891960216995133e-01   1.715972807662899280e+00
2.535195171565721717e-01   2.362325287095472959e+00   6.312881290397429623e+00   1.019883971067022799e+01   9.961752498863400973e+00   2.316268667919117730e-01   1.727126625894304768e+00
2.554608292898229438e-01   2.327402830212577101e+00   6.175654115304309855e+00   1.012780452294291145e+01   9.891060644160619475e+00   2.298032929980254324e-01   1.738180365762066693e+00
2.574021414230737159e-01   2.293147613653218286e+00   6.042067924541905555e+00   1.005673831495492543e+01   9.822767645142841175e+00   2.280210085851772650e-01   1.749133889142694409e+00
2.593434535563244880e-01   2.259545766760993502e+00   5.912014315552032606e+00   9.986478028486502012e+00   9.754834108950850791e+00   2.262605255141625082e-01   1.759988329276780838e+00
2.612847656895752602e-01   2.226583669707451918e+00   5.785388275267330016e+00   9.919124397833295248e+00   9.687177990598842214e+00   2.244738124459675355e-01   1.770743668920763625e+00
2.632260778228260323e-01   2.194247954186266725e+00   5.662088082158091673e+00   9.851906480805203259e+00   9.619707711440085518e+00   2.227231813924942239e-01   1.781400765018679389e+00
2.651673899560768044e-01   2.162525503516349090e+00   5.542015209389515640e+00   9.784698985458671672e+00   9.554016343981583503e+00   2.210109382751724583e-01   1.791960060276107658e+00
2.671087020893275765e-01   2.131403452025210754e+00   5.425074229361814382e+00   9.717358360643794768e+00   9.489497684921829546e+00   2.193398013041891192e-01   1.802422399672414244e+00
2.690500142225783486e-01   2.100869183932559281e+00   5.311172719905619566e+00   9.652496112424662655e+00   9.425254932740257274e+00   2.176503527650559822e-01   1.812788231818628581e+00
2.709913263558291208e-01   2.070910331862251041e+00   5.200221172155489846e+00   9.588761490531778620e+00   9.361200602667810955e+00   2.159726606931591797e-01   1.823058386911714068e+00
2.729326384890798929e-01   2.041514774683264477e+00   5.092132900360363479e+00   9.525049560411526173e+00   9.297950789331068222e+00   2.143311446029958212e-01   1.833233459546733224e+00
2.748739506223306650e-01   2.012670635755171133e+00   4.986823953664319298e+00   9.461225459477599742e+00   9.236605875640421459e+00   2.127283240818468313e-01   1.843314356605098236e+00
2.768152627555814371e-01   1.984366279942605615e+00   4.884213029952803709e+00   9.398198531047079030e+00   9.175520151974478011e+00   2.111432604224335319e-01   1.853301961287087352e+00
2.787565748888322092e-01   1.956590311215791189e+00   4.784221391806699586e+00   9.337869322076544520e+00   9.114609132155338855e+00   2.095328434924688954e-01   1.863197072924294151e+00
2.806978870220829814e-01   1.929331569187411333e+00   4.686772784660407254e+00   9.277583628242224378e+00   9.053806841364043123e+00   2.079562574153752952e-01   1.873000258114351224e+00
2.826391991553337535e-01   1.902579126507930596e+00   4.591793357099264838e+00   9.217216590365362450e+00   8.995552434429860966e+00   2.064157989405035754e-01   1.882712766606772004e+00
2.845805112885845256e-01   1.876322285078799723e+00   4.499211583383146085e+00   9.156625831882648114e+00   8.937546970231174726e+00   2.049141593779658099e-01   1.892335199327191297e+00
2.865218234218352977e-01   1.850550572972110785e+00   4.408958188157408031e+00   9.099013806293852369e+00   8.879710083522692088e+00   2.033792466269335464e-01   1.901868855204140507e+00
2.884631355550860699e-01   1.825253740737252661e+00   4.320966073360171578e+00   9.041850189982621799e+00   8.821953015775140017e+00   2.018672840608920771e-01   1.911314097034492843e+00
2.904044476883368420e-01   1.800421757621279539e+00   4.235170247287127765e+00   8.984614605797855091e+00   8.766047014849240426e+00   2.003894253248715840e-01   1.920672679051546483e+00
2.923457598215876141e-01   1.776044808272672526e+00   4.151507755808271583e+00   8.927174108234851246e+00   8.710889663852332987e+00   1.989481538882908185e-01   1.929945022062067750e+00
2.942870719548383862e-01   1.752113288526402357e+00   4.069917615707954184e+00   8.871399810206780145e+00   8.655883774478038362e+00   1.975013330489907293e-01   1.939131883685794255e+00
2.962283840880891583e-01   1.728617802034591477e+00   3.990340750085147548e+00   8.817297015892128442e+00   8.600944526252575884e+00   1.960484941041414353e-01   1.948234935161780257e+00
2.981696962213399305e-01   1.705549156314305037e+00   3.912719925805562049e+00   8.763142894983346309e+00   8.547362525942640232e+00   1.946275641916879184e-01   1.957254741916204299e+00
3.001110083545907026e-01   1.682898359108548902e+00   3.836999692962014930e+00   8.708815093096493598e+00   8.494981051218616130e+00   1.932407958049985608e-01   1.966192592042677267e+00
1.495428392996593636e-01   5.431170350540242886e+00   2.233602303336668982e+01   1.405361346725133131e+01   1.373207943952395205e+01   3.864607748887016747e-01   9.897405381542324632e-01
1.498534492409794860e-01   5.437837359197374987e+00   2.238058518465126312e+01   1.415155783354246211e+01   1.383086137978237140e+01   3.842571555131862326e-01   9.956190419498371913e-01
1.506299740942798060e-01   5.428993036818496876e+00   2.232177191338149314e+01   1.425637772661343838e+01   1.393655367280995705e+01   3.808115315774632248e-01   1.005324903837625072e+00
1.525712862275306059e-01   5.376781366144768981e+00   2.197753544403072468e+01   1.435594423409925113e+01   1.403549979337732623e+01   3.745334530746823876e-01   1.024251880629376776e+00
1.545125983607814057e-01   5.311028432071793759e+00   2.154935219157163573e+01   1.437675328628668225e+01   1.405926336628932205e+01   3.694177903948409059e-01   1.041052271635908077e+00
1.564539104940322056e-01   5.239582686884433294e+00   2.108987234205268635e+01   1.436448051165409012e+01   1.404758668345860961e+01   3.647596362871244335e-01   1.057035206609221234e+00
1.583952226272830055e-01   5.165133639176701763e+00   2.061696622756135611e+01   1.432961087101877240e+01   1.401527308957177098e+01   3.604517726034722203e-01   1.072588372788555233e+00
1.603365347605338054e-01   5.089034071649393809e+00   2.013945661168252599e+01   1.428206370321233543e+01   1.396723391079372867e+01   3.563234401835613796e-01   1.087882176024839387e+00
1.622778468937846053e-01   5.012089723241615502e+00   1.966245179260288012e+01   1.422209401154346153e+01   1.391098594880936901e+01   3.524157356275045005e-01   1.103004656880937739e+00
1.642191590270354051e-01   4.934828862862218557e+00   1.918917666051850901e+01   1.415344592261295276e+01   1.384573267863550505e+01   3.486662463575633808e-01   1.118005621510324232e+00
1.661604711602862050e-01   4.857619394853713857e+00   1.872177189266012576e+01   1.408042617379093819e+01   1.377384013479513136e+01   3.449909352811779684e-01   1.132914726080944012e+00
1.681017832935370049e-01   4.780728135552294589e+00   1.826169848787103689e+01   1.400301547417661929e+01   1.369691731417507974e+01   3.414070451017195973e-01   1.147750109858799439e+00
1.700430954267878048e-01   4.704354051535574399e+00   1.780996542347952527e+01   1.392123682852882460e+01   1.361611448551583869e+01   3.379264435682129974e-01   1.162522541774925644e+00
1.719844075600386046e-01   4.628648340651011495e+00   1.736726777154855839e+01   1.383611030858056168e+01   1.353265910438935826e+01   3.345339287863672295e-01   1.177238272924832962e+00
1.739257196932894045e-01   4.553727306829728150e+00   1.693407536487011811e+01   1.374839063525910809e+01   1.344705896780553367e+01   3.312189351931304482e-01   1.191900551027583299e+00
1.758670318265402044e-01   4.479681018176052021e+00   1.651069234833018129e+01   1.365865179207530744e+01   1.335933569104586383e+01   3.279738795870866253e-01   1.206510659566824240e+00
1.778083439597910043e-01   4.406579355188796399e+00   1.609729866875182225e+01   1.356733921210404503e+01   1.326994416795849041e+01   3.247931879861516991e-01   1.221068417720820420e+00
1.797496560930418041e-01   4.334476371096002367e+00   1.569397985579461263e+01   1.347480335927991923e+01   1.317924626691283407e+01   3.216726994469203404e-01   1.235572833300699891e+00
1.816909682262926040e-01   4.263413516380410329e+00   1.530074892816843324e+01   1.338132209907124448e+01   1.308753250477123409e+01   3.186092887395872708e-01   1.250022038504074562e+00
1.836322803595434039e-01   4.193422079875404052e+00   1.491756283721011123e+01   1.328711602207741471e+01   1.299503713158321005e+01   3.156006219037869598e-01   1.264414062013511808e+00
1.855735924927942038e-01   4.124525069966352930e+00   1.454433502125131383e+01   1.319235915982745055e+01   1.290206739614090559e+01   3.126449954854245705e-01   1.278746437615067455e+00
1.875149046260450036e-01   4.056738690186989515e+00   1.418094512801552476e+01   1.309718657335879399e+01   1.280936658365446590e+01   3.097412308715880580e-01   1.293016564956848136e+00
1.894562167592958035e-01   3.990073512707908332e+00   1.382724663407586796e+01   1.300169973969659765e+01   1.271653442856799465e+01   3.068886063047183699e-01   1.307221937429864367e+00
1.913975288925466034e-01   3.924535423236306997e+00   1.348307287646615471e+01   1.290597032554076939e+01   1.262367531369112861e+01   3.040868159652975744e-01   1.321359807540950948e+00
1.933388410257974033e-01   3.860126390246250594e+00   1.314824186674928086e+01   1.281062813995133354e+01   1.253087287032877484e+01   3.013221793713633523e-01   1.335427518048281303e+00
1.952801531590482031e-01   3.796845097041000372e+00   1.282256015992475717e+01   1.271685583451443868e+01   1.243819221557356869e+01   2.985679122614645631e-01   1.349422528068036753e+00
1.972214652922990030e-01   3.734687466082846186e+00   1.250582598067750517e+01   1.262328099716704699e+01   1.234568165297873499e+01   2.958571124988024770e-01   1.363342331647379613e+00
1.991627774255498029e-01   3.673647096727677308e+00   1.219783176084087195e+01   1.252992280795455926e+01   1.225337392798020097e+01   2.931899224786509439e-01   1.377184552097361347e+00
2.011040895588006028e-01   3.613715633771903413e+00   1.189836620547679402e+01   1.243678413269634220e+01   1.216128709527800922e+01   2.905667249037019451e-01   1.390946775221479692e+00
2.030454016920514027e-01   3.554883079540900326e+00   1.160721597882272249e+01   1.234385155208915030e+01   1.206942503199475780e+01   2.879881586828747508e-01   1.404626891684554346e+00
2.049867138253022025e-01   3.497138058994778476e+00   1.132416708101601799e+01   1.225109495124415560e+01   1.197862060757216618e+01   2.854551428188570328e-01   1.418222797258546386e+00
2.069280259585530024e-01   3.440468046599448826e+00   1.104900597185698885e+01   1.215846664319904136e+01   1.188919138861825964e+01   2.829689094491128487e-01   1.431732658186577911e+00
2.088693380918038023e-01   3.384859559753181202e+00   1.078152048615613268e+01   1.206690651889799959e+01   1.180021029626622919e+01   2.805076474614390802e-01   1.445154623113967807e+00
2.108106502250546022e-01   3.330298324939690247e+00   1.052150057709383191e+01   1.197759862555582799e+01   1.171166198528310076e+01   2.780439075520570458e-01   1.458486928229753232e+00
2.127519623583054020e-01   3.276769421617132139e+00   1.026873891713647069e+01   1.188866441191208878e+01   1.162352045226940156e+01   2.756213236479201356e-01   1.471728003435148979e+00
2.146932744915562019e-01   3.224257405685421407e+00   1.002303138099654767e+01   1.180004722664580541e+01   1.153574861328295142e+01   2.732410594429396378e-01   1.484876400283972941e+00
2.166345866248070018e-01   3.172746417757366544e+00   9.784177430212512405e+00   1.171167501859044613e+01   1.144841087511114530e+01   2.709045813447802931e-01   1.497930890852842145e+00
2.185758987580578017e-01   3.122220276744542389e+00   9.551980415419622616e+00   1.162345860402515285e+01   1.136340973076106131e+01   2.686137046733518274e-01   1.510890236509270901e+00
2.205172108913086015e-01   3.072662561623246802e+00   9.326247809360580732e+00   1.153603273851457445e+01   1.127891970606932937e+01   2.663534883500074946e-01   1.523753366869773140e+00
1.494931417090481496e-01   5.426445439203575916e+00   2.230441920519151466e+01   1.401644499539457200e+01   1.369584555874705778e+01   3.871484845826856369e-01   9.880546626365559471e-01
1.495428392996593636e-01   5.431170350454408435e+00   2.233602303336258288e+01   1.405361346724378002e+01   1.373207943951674004e+01   3.864607748828017275e-01   9.897405244659815970e-01
1.498534492409794860e-01   5.437837359249442670e+00   2.238058518465838631e+01   1.415155783354182262e+01   1.383086137978243890e+01   3.842571555168828867e-01   9.956190416135840549e-01
1.506299740942798060e-01   5.428993036783822390e+00   2.232177191338542599e+01   1.425637772661471736e+01   1.393655367281142610e+01   3.808115315749968643e-01   1.005324895378975958e+00
1.525712862275306059e-01   5.376781366119757877e+00   2.197753544402807790e+01   1.435594423409198406e+01   1.403549979337066134e+01   3.745334530731297407e-01   1.024251857558653223e+00
1.545125983607814057e-01   5.311028432067928406e+00   2.154935219157402670e+01   1.437675328628791860e+01   1.405926336629044471e+01   3.694177903945402575e-01   1.041052276086786854e+00
1.564539104940322056e-01   5.239582686934340927e+00   2.108987234205034866e+01   1.436448051165505113e+01   1.404758668345946404e+01   3.647596362905745071e-01   1.057035194963299451e+00
1.583952226272830055e-01   5.165133639168857371e+00   2.061696622756425512e+01   1.432961087101791442e+01   1.401527308957109952e+01   3.604517726029464186e-01   1.072588375374832870e+00
1.603365347605338054e-01   5.089034071655873959e+00   2.013945661168900259e+01   1.428206370321218976e+01   1.396723391079362742e+01   3.563234401840187360e-01   1.087882175695107145e+00
1.622778468937846053e-01   5.012089723254348428e+00   1.966245179260524978e+01   1.422209401154238329e+01   1.391098594880839556e+01   3.524157356284264853e-01   1.103004639997951397e+00
1.642191590270354051e-01   4.934828862859490073e+00   1.918917666051870441e+01   1.415344592261361356e+01   1.384573267863610724e+01   3.486662463573543258e-01   1.118005611902565422e+00
1.661604711602862050e-01   4.857619394858147643e+00   1.872177189265984865e+01   1.408042617379055983e+01   1.377384013479484537e+01   3.449909352815021535e-01   1.132914731778082995e+00
1.681017832935370049e-01   4.780728135535241563e+00   1.826169848787267469e+01   1.400301547417703496e+01   1.369691731417545988e+01   3.414070451004916351e-01   1.147750078409209840e+00
1.700430954267878048e-01   4.704354051540121873e+00   1.780996542348569278e+01   1.392123682853010891e+01   1.361611448551698622e+01   3.379264435685084833e-01   1.162522521032720579e+00
1.719844075600386046e-01   4.628648340654535787e+00   1.736726777154596491e+01   1.383611030857984936e+01   1.353265910438864061e+01   3.345339287866391786e-01   1.177238264185714645e+00
1.739257196932894045e-01   4.553727306826317545e+00   1.693407536486528642e+01   1.374839063525668514e+01   1.344705896780321552e+01   3.312189351929407666e-01   1.191900578857354231e+00
1.758670318265402044e-01   4.479681018206292720e+00   1.651069234833948940e+01   1.365865179208032387e+01   1.335933569105066354e+01   3.279738795891802283e-01   1.206510695509753095e+00
1.778083439597910043e-01   4.406579355221765582e+00   1.609729866874592830e+01   1.356733921210148885e+01   1.326994416795591825e+01   3.247931879886429285e-01   1.221068450570515163e+00
1.797496560930418041e-01   4.334476371080540957e+00   1.569397985579593247e+01   1.347480335928091044e+01   1.317924626691367962e+01   3.216726994457492772e-01   1.235572817378412180e+00
1.816909682262926040e-01   4.263413516367450029e+00   1.530074892816941379e+01   1.338132209848234311e+01   1.308753250425585790e+01   3.186092887526404960e-01   1.250022060000786972e+00
