# freq   mass   ang   radius99   radius95   compactness   kappa
1.486886619610290061e-01   5.876183536865369206e+00   2.649755124492535074e+01   1.989546362386362333e+01   1.949422340794664166e+01   2.953529331086900966e-01   1.376730259794674671e+00
1.506299740942798060e-01   5.740278459470232519e+00   2.561614921830060254e+01   1.969127385425860055e+01   1.929145094118158710e+01   2.915138198755379828e-01   1.405015423754795600e+00
1.525712862275306059e-01   5.607900539701404341e+00   2.476675860784159511e+01   1.948653001344969837e+01   1.909031147877992041e+01   2.877834348050065105e-01   1.432674369770641665e+00
1.545125983607814057e-01   5.480344557480862022e+00   2.395083738173027399e+01   1.927969352717952489e+01   1.888762625847532206e+01   2.842547548670809610e-01   1.458247675070585059e+00
1.564539104940322056e-01   5.359765070841035595e+00   2.317137682887109662e+01   1.906853872495414848e+01   1.868160104962238321e+01   2.810789619566888553e-01   1.479296906332422612e+00
1.583952226272830055e-01   5.247202083711727028e+00   2.242903065573687726e+01   1.885359765134595378e+01   1.847310379259478097e+01   2.783130403409839748e-01   1.494517807919658159e+00
1.603365347605338054e-01   5.136086624986432980e+00   2.171095633900438315e+01   1.864933115428410559e+01   1.827111510345167389e+01   2.754032615162488873e-01   1.511026541064964590e+00
1.622778468937846053e-01   5.023087548422381587e+00   2.101087691421260928e+01   1.845723075524776746e+01   1.807915731366506051e+01   2.721474101413732249e-01   1.532578496134081147e+00
1.642191590270354051e-01   4.910642164364276141e+00   2.033253820226126507e+01   1.826873203310124438e+01   1.789373947409265142e+01   2.688003828326261946e-01   1.556480568259175801e+00
1.661604711602862050e-01   4.800971653414194407e+00   1.967919001628722953e+01   1.808032453448275945e+01   1.770906152855125271e+01   2.655357012125413307e-01   1.580195303555735453e+00
1.681017832935370049e-01   4.695702805895621168e+00   1.905302210622597414e+01   1.788911411689430864e+01   1.752274085622774535e+01   2.624893985924682815e-01   1.601809464762653734e+00
1.700430954267878048e-01   4.595347853193743504e+00   1.845402351123268048e+01   1.769304379849883802e+01   1.733332442533959394e+01   2.597262464010649530e-01   1.620635555043733689e+00
1.719844075600386046e-01   4.498123987075587138e+00   1.787777331163140104e+01   1.750390709523228239e+01   1.714290048240946263e+01   2.569782827686961091e-01   1.638580958469320059e+00
1.739257196932894045e-01   4.401927307899313746e+00   1.731956606748745742e+01   1.731634525054980500e+01   1.695884173293090669e+01   2.542064878129841055e-01   1.657971926228639203e+00
1.758670318265402044e-01   4.306891198277412514e+00   1.677920123609758818e+01   1.713065505486135010e+01   1.677730700858867507e+01   2.514142736798146704e-01   1.678616452335591980e+00
1.778083439597910043e-01   4.214209216211088460e+00   1.625843987624318032e+01   1.694593174539075875e+01   1.659760912299818614e+01   2.486856007405636171e-01   1.699089598433068504e+00
1.797496560930418041e-01   4.124725275123637402e+00   1.575823550055015509e+01   1.676496401141560710e+01   1.641920502081012501e+01   2.460324562769730661e-01   1.718344864493499990e+00
1.816909682262926040e-01   4.038251457720321014e+00   1.527745585723805277e+01   1.659121077125688970e+01   1.624650407513743744e+01   2.433970319222457657e-01   1.736518797590001384e+00
1.836322803595434039e-01   3.953848974403171734e+00   1.481358783295724990e+01   1.641991124726272488e+01   1.607868882320477866e+01   2.407960015656172847e-01   1.754626817139604666e+00
1.855735924927942038e-01   3.871025665316552011e+00   1.436516704666625444e+01   1.625021987610156415e+01   1.591324936947031077e+01   2.382137407881777524e-01   1.773177175080049350e+00
1.875149046260450036e-01   3.790075891473179581e+00   1.393232543704697157e+01   1.608042084739546596e+01   1.574884158367227194e+01   2.356950683966119731e-01   1.791761552228836374e+00
1.894562167592958035e-01   3.711423107140603861e+00   1.351539160758497360e+01   1.591857465357460377e+01   1.558601743963802555e+01   2.331504665404941501e-01   1.809817614732876390e+00
1.913975288925466034e-01   3.635074075376564906e+00   1.311382711630950126e+01   1.575687527335281146e+01   1.542700256608800480e+01   2.306976486336735355e-01   1.827273149906747385e+00
1.933388410257974033e-01   3.560672634673096582e+00   1.272641387112915368e+01   1.559475471447051298e+01   1.526843914006437153e+01   2.283250169602934754e-01   1.844487433362567597e+00
1.952801531590482031e-01   3.487968491180481578e+00   1.235222403711740391e+01   1.543217889407107890e+01   1.511047786765516676e+01   2.260191846609898580e-01   1.861694892337814045e+00
1.972214652922990030e-01   3.417015239076021782e+00   1.199096812596335226e+01   1.527634473245465507e+01   1.495481241796166749e+01   2.236801603342034872e-01   1.878769253462917455e+00
1.991627774255498029e-01   3.347936980902318727e+00   1.164248388329011341e+01   1.512360542259567175e+01   1.480485375908112466e+01   2.213716165789592905e-01   1.895502604379125655e+00
2.011040895588006028e-01   3.280697605506816217e+00   1.130628518616589417e+01   1.497177768324701752e+01   1.465657147085013534e+01   2.191254555681668437e-01   1.911882492020241520e+00
2.030454016920514027e-01   3.215141825350997351e+00   1.098167739128224696e+01   1.482022658804872073e+01   1.450956276519315757e+01   2.169428251484185888e-01   1.928041137672730887e+00
2.049867138253022025e-01   3.151171034714593588e+00   1.066811558369277613e+01   1.467540288211053934e+01   1.436508221250776707e+01   2.147246695731878097e-01   1.944041590353255078e+00
2.069280259585530024e-01   3.088786873676895084e+00   1.036527072021923068e+01   1.453327245085864128e+01   1.422501991799587806e+01   2.125320972355683180e-01   1.959826660060046688e+00
2.088693380918038023e-01   3.027994128501291016e+00   1.007282311242481221e+01   1.439104308048013436e+01   1.408560170163028502e+01   2.104082457100300008e-01   1.975338556293026793e+00
2.108106502250546022e-01   2.968737804093734667e+00   9.790344812734147695e+00   1.424805320379087270e+01   1.394640007312685626e+01   2.083609431851268512e-01   1.990594951857697970e+00
2.127519623583054020e-01   2.910941650506970735e+00   9.517386152787068454e+00   1.411128361520521146e+01   1.381019188077852355e+01   2.062846818109706493e-01   2.005640137186305960e+00
2.146932744915562019e-01   2.854560975371896347e+00   9.253578065327685565e+00   1.397637983958492569e+01   1.367763070586442353e+01   2.042417999607451795e-01   2.020480061250045090e+00
2.166345866248070018e-01   2.799575158325410484e+00   8.998609469625007407e+00   1.384158848957339849e+01   1.354596380687227075e+01   2.022582278352138829e-01   2.035092582764949753e+00
2.185758987580578017e-01   2.745953066726201541e+00   8.752157426780037497e+00   1.370651518008436121e+01   1.341487815238036418e+01   2.003392569627096553e-01   2.049471289557180054e+00
2.205172108913086015e-01   2.693647698400014168e+00   8.513880103803174393e+00   1.357977236807506038e+01   1.328838029194674419e+01   1.983573527883693288e-01   2.063630700351049008e+00
2.224585230245594014e-01   2.642615547375953611e+00   8.283455920701300101e+00   1.345346480461785887e+01   1.316392285586987043e+01   1.964263916956830447e-01   2.077581697658946958e+00
2.243998351578102013e-01   2.592824735581643836e+00   8.060596926568834419e+00   1.332696030101282147e+01   1.303997690335037696e+01   1.945548479937015407e-01   2.091321860082225648e+00
2.263411472910610012e-01   2.544245474577564892e+00   7.845028232205850216e+00   1.320154194263257708e+01   1.291668262883845841e+01   1.927233565316542052e-01   2.104847883943995246e+00
2.282824594243118010e-01   2.496843096538214013e+00   7.636474837195865284e+00   1.308184586575347019e+01   1.279851541806171866e+01   1.908632101433496153e-01   2.118164260014805844e+00
2.302237715575626009e-01   2.450582056809139431e+00   7.434669958427607916e+00   1.296214341453798191e+01   1.268096735394729890e+01   1.890568541357623145e-01   2.131277036378619982e+00
2.321650836908134008e-01   2.405430737780875461e+00   7.239363584658634387e+00   1.284196113253987548e+01   1.256374426962902291e+01   1.873102334569307914e-01   2.144189215638874657e+00
2.341063958240642007e-01   2.361360048152278068e+00   7.050318731161688390e+00   1.272547832983607385e+01   1.244910705537687790e+01   1.855615943815525359e-01   2.156901195284984585e+00
2.360477079573150005e-01   2.318340415583747927e+00   6.867305328798815722e+00   1.261273004427722100e+01   1.233758075459375370e+01   1.838095644198497192e-01   2.169415566093354730e+00
8.708567755303177060e-01   1.284439171414533121e-01   1.253309307340286505e-01   7.636961742704196254e+00   6.041805316471611675e+00   1.681871946840108115e-02   5.511498026470539102e+00
8.727980876635684782e-01   1.281584612590904726e-01   1.250035145849180129e-01   7.688363967255392950e+00   6.078862308428253591e+00   1.666914597239609053e-02   5.566014312392508323e+00
8.747393997968192503e-01   1.278868440571159226e-01   1.246926633192482342e-01   7.738772796362209050e+00   6.118095484701984610e+00   1.652546823925779562e-02   5.622414159040049597e+00
8.766807119300700224e-01   1.276294767659464924e-01   1.243987732689596226e-01   7.795368196593635446e+00   6.156876232056914588e+00   1.637247575062806063e-02   5.680773680546828075e+00
8.786220240633207945e-01   1.273867995788577900e-01   1.241222708089089466e-01   7.850482509523555308e+00   6.198679311729329733e+00   1.622662039235456960e-02   5.741211300979341736e+00
8.805633361965715666e-01   1.271592833645627252e-01   1.238636146641548391e-01   7.906941226678324774e+00   6.240625878155687367e+00   1.608198160567102589e-02   5.803783167501014972e+00
8.825046483298223388e-01   1.269474326931003816e-01   1.236232984450344047e-01   7.967596397440699363e+00   6.284114645325466597e+00   1.593296476888282631e-02   5.868673810125419443e+00
8.844459604630731109e-01   1.267517881454978124e-01   1.234018534385888655e-01   8.026576956454455569e+00   6.329402891342647663e+00   1.579151222658772488e-02   5.935987419121960151e+00
8.863872725963238830e-01   1.265729294946140726e-01   1.231998516862058135e-01   8.090574513812599733e+00   6.374989533835966782e+00   1.564449215300136795e-02   6.005844131448711209e+00
8.883285847295746551e-01   1.264114789652239779e-01   1.230179093818082325e-01   8.155235429881471987e+00   6.423847263944009178e+00   1.550065354361710238e-02   6.078415951761058089e+00
8.902698968628254272e-01   1.262681050858418530e-01   1.228566906313263846e-01   8.220287625482542992e+00   6.472020773098174473e+00   1.536054586392039158e-02   6.153878152032842941e+00
8.922112089960761994e-01   1.261435267078923061e-01   1.227169116182029035e-01   8.291226618634231826e+00   6.524625680734220445e+00   1.521409708237732826e-02   6.232355930011949319e+00
8.941525211293269715e-01   1.260385174031171118e-01   1.225993452274193179e-01   8.359969393132351101e+00   6.576416216744932264e+00   1.507643287625631302e-02   6.314084231396370761e+00
8.960938332625777436e-01   1.259539105050180297e-01   1.225048261877035999e-01   8.435597278685655454e+00   6.632486028740989248e+00   1.493123798397388846e-02   6.399245714896936832e+00
8.980351453958285157e-01   1.258906050749146743e-01   1.224342568021736105e-01   8.510666303233636043e+00   6.688131794785634909e+00   1.479209742098364436e-02   6.488061273362271564e+00
8.999764575290792878e-01   1.258495717212326781e-01   1.223886133456993652e-01   8.589574168320451619e+00   6.748244527005181403e+00   1.465143315082876457e-02   6.580767586727152008e+00
9.019177696623300600e-01   1.258318599736867327e-01   1.223689532237290239e-01   8.671562796462584544e+00   6.807907252551473221e+00   1.451086302748308410e-02   6.677631903632176069e+00
9.038590817955808321e-01   1.258386060076190915e-01   1.223764229991020080e-01   8.754717465077245464e+00   6.872785024422781497e+00   1.437380549510500725e-02   6.778955792312566508e+00
9.058003939288316042e-01   1.258710413442258869e-01   1.224122674130291577e-01   8.843968762466523970e+00   6.937418451866172120e+00   1.423241586723122780e-02   6.885017994090327775e+00
9.077417060620823763e-01   1.259305033319151335e-01   1.224778395474485360e-01   8.932483620868358898e+00   7.007066306272161427e+00   1.409803909829872998e-02   6.996200979956311627e+00
9.096830181953331484e-01   1.260184456670003783e-01   1.225746123014631872e-01   9.029604263035356126e+00   7.077747067101578082e+00   1.395614270526607942e-02   7.112854845981311236e+00
9.116243303285839206e-01   1.261364518621803654e-01   1.227041913843369414e-01   9.124976473008178601e+00   7.152134554712883840e+00   1.382320844719917181e-02   7.235392363614764122e+00
9.135656424618346927e-01   1.262862493589409496e-01   1.228683300655958321e-01   9.230230435112927623e+00   7.229827202996774282e+00   1.368180894796868635e-02   7.364277309022350337e+00
9.155069545950854648e-01   1.264697262374738784e-01   1.230689459659548290e-01   9.333985528566614676e+00   7.309073422101016959e+00   1.354938100668936531e-02   7.500045223180941356e+00
9.174482667283362369e-01   1.266889496515659630e-01   1.233081402274277955e-01   9.447933521559878756e+00   7.394835953888300395e+00   1.340917030824421811e-02   7.643210821507814501e+00
9.193895788615870091e-01   1.269461881187226027e-01   1.235882194658594752e-01   9.562119717960506193e+00   7.482379468789071453e+00   1.327594632393901998e-02   7.794397330112856181e+00
9.213308909948377812e-01   1.272439355198002886e-01   1.239117209897294264e-01   9.684865603717472737e+00   7.574051525886879688e+00   1.313843069448052299e-02   7.954337213521689876e+00
9.232722031280885533e-01   1.275849403920119585e-01   1.242814418674527549e-01   9.811614183337487916e+00   7.671725532497543298e+00   1.300346079737646834e-02   8.123787851365666057e+00
9.252135152613393254e-01   1.279722385028208009e-01   1.247004725449843143e-01   9.943581111634802738e+00   7.772423203801338332e+00   1.286983402318535134e-02   8.303631801085000319e+00
9.271548273945900975e-01   1.284091916310217130e-01   1.251722358705715799e-01   1.008542868733234954e+01   7.877987638446298568e+00   1.273215007630842076e-02   8.494839973794118038e+00
9.290961395278408697e-01   1.288995322385062536e-01   1.257005325633820947e-01   1.022714467160959195e+01   7.991345484579636782e+00   1.260366762937552981e-02   8.698511354301222909e+00
9.310374516610916418e-01   1.294474157203922005e-01   1.262895944040336726e-01   1.038634743129022908e+01   8.109400481275224948e+00   1.246322796119980932e-02   8.915908363906178025e+00
9.329787637943424139e-01   1.300574822849966949e-01   1.269441467145450975e-01   1.054841814487101459e+01   8.232751565904020907e+00   1.232957212150666282e-02   9.148447446271553929e+00
9.349200759275931860e-01   1.307349292970911847e-01   1.276694820698076327e-01   1.071735098003757258e+01   8.364029172481503238e+00   1.219843686565846332e-02   9.397820485574497340e+00
9.368613880608439581e-01   1.314855977578872626e-01   1.284715476545811585e-01   1.090331241355108638e+01   8.504676642267746445e+00   1.205923418230881242e-02   9.665841974478302845e+00
9.388027001940947303e-01   1.323160746694611589e-01   1.293570492824999696e-01   1.109476487740869644e+01   8.653140338995918057e+00   1.192599177463281486e-02   9.954675568002746999e+00
9.407440123273455024e-01   1.332338161887491879e-01   1.303335758715031822e-01   1.129524347899340952e+01   8.810403861585808016e+00   1.179556832365179740e-02   1.026690056789411010e+01
9.426853244605962745e-01   1.342472952101161354e-01   1.314097491640186521e-01   1.151821086783282411e+01   8.977622276981888305e+00   1.165522117545457308e-02   1.060538102870328991e+01
9.446266365938470466e-01   1.353661803001386943e-01   1.325954047833322602e-01   1.175169781912265954e+01   9.156153735769599677e+00   1.151886156227293657e-02   1.097355789002792648e+01
9.465679487270978187e-01   1.366015536788154350e-01   1.339018123954435202e-01   1.199741114307405709e+01   9.347460207627594997e+00   1.138591918287918878e-02   1.137552510852936116e+01
9.485092608603485909e-01   1.379661768803543964e-01   1.353419449573428357e-01   1.226093685460820559e+01   9.553351656932184355e+00   1.125249877039376234e-02   1.181605609148570935e+01
9.504505729935993630e-01   1.394748190299424095e-01   1.369308099105147614e-01   1.255312734939519892e+01   9.775698815210988712e+00   1.111076269266576128e-02   1.230093223815974390e+01
9.523918851268501351e-01   1.411446619646312683e-01   1.386858589612343651e-01   1.286649872819237217e+01   1.001683491478538990e+01   1.096993556260669050e-02   1.283712532822444885e+01
9.543331972601009072e-01   1.429958061156639815e-01   1.406274980228136573e-01   1.320429679410467116e+01   1.027915886862789385e+01   1.082949045643289386e-02   1.343312966949635623e+01
9.562745093933516793e-01   1.450519021544778298e-01   1.427797252861948696e-01   1.357097025371333032e+01   1.056557646579664755e+01   1.068839585104744416e-02   1.409932143356380863e+01
9.582158215266024515e-01   1.473409478350049540e-01   1.451709335314814719e-01   1.397188675719892359e+01   1.087913961350723646e+01   1.054552977672027630e-02   1.484870114051182988e+01
9.601571336598532236e-01   1.498962925036266824e-01   1.478349227950132572e-01   1.441293287946364465e+01   1.122333247345363816e+01   1.040012423267490035e-02   1.569747871251570182e+01
9.620984457931039957e-01   1.527579112721468846e-01   1.508121810100974403e-01   1.490205837891245366e+01   1.160196591587380688e+01   1.025079270178614645e-02   1.666640431405298983e+01
9.640397579263547678e-01   1.559740130521731771e-01   1.541515012909125404e-01   1.544731542906071553e+01   1.202899800547757359e+01   1.009715984427575659e-02   1.778212344257445210e+01
9.659810700596055399e-01   1.596030631965277002e-01   1.579120098109657866e-01   1.605929144799809549e+01   1.250949293796772288e+01   9.938362705063390548e-03   1.907957655141473197e+01
9.679223821928563121e-01   1.637162788000523506e-01   1.621656637309625004e-01   1.674901479263338189e+01   1.304466921310943306e+01   9.774681127636157194e-03   2.060532638656880167e+01
9.698636943261070842e-01   1.684005955323755188e-01   1.670002108269399987e-01   1.752872482545643251e+01   1.367196097523816434e+01   9.607121864781199491e-03   2.242239932034290817e+01
9.718050064593578563e-01   1.737619100516667459e-01   1.725224026271073019e-01   1.842655592768629802e+01   1.438465962738922954e+01   9.429972195215586758e-03   2.461805060999008177e+01
9.737463185926086284e-01   1.799278984609600229e-01   1.788607406330691429e-01   1.950718214228230352e+01   1.522213239936224660e+01   9.223674498376769823e-03   2.731556154854427376e+01
9.756876307258594005e-01   1.870485093035085811e-01   1.861658101881737692e-01   2.074631448274145029e+01   1.622382886935234581e+01   9.015987367737602134e-03   3.069312541939907035e+01
9.776289428591101727e-01   1.952894909940141588e-01   1.946034797819953255e-01   2.227145464899239968e+01   1.742738497903843253e+01   8.768600617780007364e-03   3.501428628592974235e+01
9.795702549923609448e-01   2.048085187446986311e-01   2.043303902009367679e-01   2.408076257097208384e+01   1.890171162481600575e+01   8.505067816730315158e-03   4.067725939460064666e+01
9.809569065161115597e-01   2.124447659952011236e-01   2.121202686880485355e-01   2.567228884188268978e+01   2.016371359121604812e+01   8.275256145007653386e-03   4.587100448351299775e+01
9.823435580398621747e-01   2.207585345596498883e-01   2.205893516221536232e-01   2.758664293956507052e+01   2.167280686531538336e+01   8.002370387845762420e-03   5.237560986431007137e+01
9.837302095636127897e-01   2.296337087944948507e-01   2.296176259024742539e-01   2.981733838709485340e+01   2.347631202019578822e+01   7.701348316651961817e-03   6.063023132043664987e+01
9.851168610873634046e-01   2.388050003499984086e-01   2.389340610214951977e-01   3.239741339375085261e+01   2.559422527037479966e+01   7.371113164116416087e-03   7.123396239723211920e+01
9.865035126111140196e-01   2.477989038699206503e-01   2.480575629117968139e-01   3.572884372108132567e+01   2.822809581226806230e+01   6.935542213578835442e-03   8.500276559177582669e+01
9.874939779852215382e-01   2.537265176895289187e-01   2.540633975713824655e-01   3.842829775508239720e+01   3.037548507617596627e+01   6.602595808604921034e-03   9.738069328652916568e+01
9.884844433593290569e-01   2.588667127098460696e-01   2.592662764646754270e-01   4.153896897394196230e+01   3.293896557544164239e+01   6.231900287949784095e-03   1.124811042301754185e+02
9.894749087334365756e-01   2.628357327497496954e-01   2.632797737487887479e-01   4.505677499388825424e+01   3.591597964041133650e+01   5.833434212399847899e-03   1.310238800900373519e+02
9.904653741075440943e-01   2.652182025398133192e-01   2.656866676487471546e-01   4.914934976461010052e+01   3.935177754884308854e+01   5.396169101117655187e-03   1.540001145018249815e+02
5.951904526087080649e-01   2.738581408722211563e-01   3.358782417757633643e-01   5.287661041487232261e+00   4.992450142011989556e+00   5.179192439218731348e-02   3.211644679977029071e+00
5.971317647419588370e-01   2.718782541015798415e-01   3.325572215597192294e-01   5.282769067137811803e+00   4.984344183074701284e+00   5.146510298790755999e-02   3.216900574904865806e+00
5.990730768752096091e-01   2.699199961504064049e-01   3.292831428204787692e-01   5.278096405737473518e+00   4.976337935892074960e+00   5.113964872960524710e-02   3.222212032972778584e+00
6.010143890084603813e-01   2.679830647867902371e-01   3.260551983617103744e-01   5.273649363547859181e+00   4.968433344960937248e+00   5.081548777951062912e-02   3.227549788920283547e+00
6.029557011417111534e-01   2.660671636673441753e-01   3.228725980727367717e-01   5.269434258714667862e+00   4.960632619427941314e+00   5.049254827068359180e-02   3.232939105917319367e+00
6.048970132749619255e-01   2.641720015807322852e-01   3.197345685204426857e-01   5.265457372532863722e+00   4.952938228931417441e+00   5.017076065581299593e-02   3.238374780760287841e+00
6.068383254082126976e-01   2.622972929838169875e-01   3.166403525525294804e-01   5.261724898572843756e+00   4.945352898160891186e+00   4.985005830596746235e-02   3.243845460668209668e+00
6.087796375414634698e-01   2.604427573866132661e-01   3.135892089113025971e-01   5.258242890102769351e+00   4.937905839262370478e+00   4.953037789045972722e-02   3.249368833006172519e+00
6.107209496747142419e-01   2.586081195435099289e-01   3.105804118592842555e-01   5.255017206339178237e+00   4.931218763745810918e+00   4.921165990313950550e-02   3.254935350338460598e+00
6.126622618079650140e-01   2.567931091142554578e-01   3.076132508138779142e-01   5.252053458011124221e+00   4.924651512234089701e+00   4.889384907584304329e-02   3.260549489893402875e+00
6.146035739412157861e-01   2.549974609584069185e-01   3.046870299913554958e-01   5.249356952817015198e+00   4.918206242168904119e+00   4.857689489406222944e-02   3.266214981945496199e+00
6.165448860744665582e-01   2.532209144407033818e-01   3.018010680627769005e-01   5.246932641542245257e+00   4.911885278478449024e+00   4.826075189832691736e-02   3.271927653252842294e+00
6.184861982077173304e-01   2.514632139966579416e-01   2.989546978177762271e-01   5.244785065311695860e+00   4.905691104895447907e+00   4.794538019485333757e-02   3.277689893777482322e+00
6.204275103409681025e-01   2.497241085263794957e-01   2.961472658367438893e-01   5.242918304734727641e+00   4.899626354360407277e+00   4.763074570528037788e-02   3.283494329893569041e+00
6.223688224742188746e-01   2.480033515574859848e-01   2.933781321739317161e-01   5.241335931693028805e+00   4.893693798559230146e+00   4.731682051857669102e-02   3.289361134333275150e+00
6.243101346074696467e-01   2.463007011448326011e-01   2.906466700476258436e-01   5.240040964333339879e+00   4.887896336563134270e+00   4.700358314396651388e-02   3.295282395028560796e+00
6.262514467407204188e-01   2.446159196223334220e-01   2.879522655391196784e-01   5.239035825955271619e+00   4.882236982628156419e+00   4.669101868142518791e-02   3.301261536919036566e+00
6.281927588739711910e-01   2.429487736163764289e-01   2.852943172999818922e-01   5.238322308462000976e+00   4.876718853222208772e+00   4.637911898317449710e-02   3.307281885012584244e+00
6.301340710072219631e-01   2.412990342182865788e-01   2.826722362663969812e-01   5.237901540812420542e+00   4.871345153273384909e+00   4.606788278438316703e-02   3.313368272054296515e+00
6.320753831404727352e-01   2.396664764446541085e-01   2.800854453827198998e-01   5.237773963178168124e+00   4.866119161805961824e+00   4.575731563246567685e-02   3.319503032655533037e+00
6.340166952737235073e-01   2.380508793447688731e-01   2.775333793317326658e-01   5.237939306936866934e+00   4.861044216891961867e+00   4.544742987562038622e-02   3.325703907267497872e+00
6.359580074069742794e-01   2.364520261871803086e-01   2.750154842698470103e-01   5.238396581105191352e+00   4.856123700126769194e+00   4.513824459951329415e-02   3.331957666956988362e+00
6.378993195402250516e-01   2.348697040125671265e-01   2.725312175746391063e-01   5.239144065306519771e+00   4.851361020664950452e+00   4.482978537808654518e-02   3.338281909303920880e+00
6.398406316734758237e-01   2.333037036320320112e-01   2.700800475939570955e-01   5.240179309424599197e+00   4.846881373830131068e+00   4.452208404632818778e-02   3.344657034887795088e+00
6.417819438067265958e-01   2.317538198645934244e-01   2.676614534044098326e-01   5.241499139955595687e+00   4.842804065600842200e+00   4.421517845876376390e-02   3.351102918345442827e+00
6.437232559399773679e-01   2.302198510685684596e-01   2.652749245758710961e-01   5.243099673012026507e+00   4.838879369289967869e+00   4.390911205705022580e-02   3.357613850385444465e+00
6.456645680732281400e-01   2.287015991662428860e-01   2.629199609424608397e-01   5.244976333791609768e+00   4.835109570072996910e+00   4.360393348065191854e-02   3.364179305271108422e+00
6.476058802064789122e-01   2.271988699346820795e-01   2.605960723780970101e-01   5.247123882085791280e+00   4.831496936844708046e+00   4.329969618410609011e-02   3.370818875266187398e+00
6.495471923397296843e-01   2.257114725128985810e-01   2.583027785810448895e-01   5.249566951620430189e+00   4.828043710512144315e+00   4.299620799068507027e-02   3.377520812034990438e+00
6.514885044729804564e-01   2.242392193762725583e-01   2.560396088616926913e-01   5.253296560557561001e+00   4.824752092338896681e+00   4.268542938540535042e-02   3.384305595130062461e+00
6.534298166062312285e-01   2.227819266745427740e-01   2.538061019360872694e-01   5.257324375577399955e+00   4.821624232479829075e+00   4.237553378092161899e-02   3.391151647016826587e+00
6.553711287394820006e-01   2.213394135504813676e-01   2.516018057273614605e-01   5.261638528724422947e+00   4.818662218786061935e+00   4.206663235076708862e-02   3.398071897125042540e+00
6.573124408727327728e-01   2.199115027805191858e-01   2.494262771695006931e-01   5.266226606914980124e+00   4.815868065930523301e+00   4.175883781600997491e-02   3.405063241449977962e+00
6.592537530059835449e-01   2.184980201401458544e-01   2.472790820181524074e-01   5.271075745213316566e+00   4.813243704912411047e+00   4.145226339017508976e-02   3.412122467355847899e+00
6.611950651392343170e-01   2.170987946504965294e-01   2.451597946663732486e-01   5.276172720701357122e+00   4.810790973075815380e+00   4.114702193101020533e-02   3.419272965925388430e+00
6.631363772724850891e-01   2.157136583697365495e-01   2.430679979645034849e-01   5.281504045432050098e+00   4.808511604605351764e+00   4.084322505751109694e-02   3.426499876848891013e+00
6.650776894057358612e-01   2.143424465601810880e-01   2.410032830461078801e-01   5.287056057524526231e+00   4.806407221657343243e+00   4.054098239702402795e-02   3.433787955738425879e+00
6.670190015389866334e-01   2.129849975372053172e-01   2.389652491570687098e-01   5.292815009211676802e+00   4.804479326116933180e+00   4.024040083897203329e-02   3.441175394323312542e+00
6.689603136722374055e-01   2.116411523803662931e-01   2.369535034911340599e-01   5.298767150987440999e+00   4.802729292079876089e+00   3.994158383444464805e-02   3.448639230322268823e+00
6.709016258054881776e-01   2.103107552601386765e-01   2.349676610286115797e-01   5.304898810926403030e+00   4.801158359037018819e+00   3.964463088852240857e-02   3.456183762584618790e+00
6.728429379387389497e-01   2.089936532380534118e-01   2.330073443793303223e-01   5.312534661003823544e+00   4.799767625885607458e+00   3.933972511693002022e-02   3.463821867402817389e+00
6.747842500719897219e-01   2.076896959962368505e-01   2.310721836311915578e-01   5.320848886108541009e+00   4.798558045729596877e+00   3.903318820770588365e-02   3.471535385811301389e+00
6.767255622052404940e-01   2.063987364751937725e-01   2.291618162016831051e-01   5.329286035593788995e+00   4.797530421517513410e+00   3.872915341692611396e-02   3.479359887051336919e+00
6.786668743384912661e-01   2.051206298145871187e-01   2.272758866936294975e-01   5.337829434505849235e+00   4.796685402538804155e+00   3.842772279095429955e-02   3.487251020942650825e+00
6.806081864717420382e-01   2.038552343009314427e-01   2.254140467560014072e-01   5.346463213094041045e+00   4.796023481783723064e+00   3.812898848750496256e-02   3.495247065831378119e+00
6.825494986049928103e-01   2.026024107461807944e-01   2.235759549465949625e-01   5.355172340276618037e+00   4.795544994162264096e+00   3.783303279007366876e-02   3.503340729583778401e+00
6.844908107382435825e-01   2.013620224875012354e-01   2.217612766012490300e-01   5.363942646668675707e+00   4.795250115583787220e+00   3.753992832353621883e-02   3.511529981591905880e+00
6.864321228714943546e-01   2.001339357335609748e-01   2.199696837037900254e-01   5.373016783484485082e+00   4.795138862881062281e+00   3.724796400203519292e-02   3.519820927977626024e+00
6.883734350047451267e-01   1.989180189567605339e-01   2.182008547621502315e-01   5.384264298038635488e+00   4.795211094564590049e+00   3.694432664258733012e-02   3.528198280162990308e+00
6.903147471379958988e-01   1.977141434794020824e-01   2.164544746866657321e-01   5.395465279519338075e+00   4.795466512366698630e+00   3.664450297361856318e-02   3.536687228573359043e+00
6.922560592712466709e-01   1.965221829317442825e-01   2.147302346722090027e-01   5.406608605895498521e+00   4.795904663567537973e+00   3.634851295088230988e-02   3.545279691396580279e+00
6.941973714044974431e-01   1.953420135336045860e-01   2.130278320842020623e-01   5.417684423005063366e+00   4.796524944057837025e+00   3.605636620400509001e-02   3.553989024441943201e+00
6.961386835377482152e-01   1.941735137318119087e-01   2.113469703469529892e-01   5.428684074854918329e+00   4.797326602062087275e+00   3.576806295124131119e-02   3.562789099514551250e+00
6.980799956709989873e-01   1.930165648609545315e-01   2.096873588367697272e-01   5.439600032202838165e+00   4.798308742556864459e+00   3.548359506549784298e-02   3.571718090406734714e+00
7.000213078042497594e-01   1.918710500065117508e-01   2.080487127768593514e-01   5.452698621574583626e+00   4.799470332251581262e+00   3.518827342617825843e-02   3.580754399130381849e+00
7.019626199375005315e-01   1.907368552664365779e-01   2.064307531368402837e-01   5.465963736024461284e+00   4.800810205113201334e+00   3.489537517589981486e-02   3.589904452838654780e+00
7.039039320707513037e-01   1.896138687067150386e-01   2.048332065334301788e-01   5.479024525230427933e+00   4.802327068417096889e+00   3.460723123861916828e-02   3.599183837545197218e+00
7.058452442040020758e-01   1.885019806341006188e-01   2.032558051371980978e-01   5.491881255652386606e+00   4.804076993690287622e+00   3.432375389400298821e-02   3.608571297830988733e+00
7.077865563372528479e-01   1.874010840630262464e-01   2.016982865789711810e-01   5.504534982951123645e+00   4.806353920143929592e+00   3.404485295187563432e-02   3.618092919415554221e+00
7.097278684705036200e-01   1.863110738352133922e-01   2.001603938619128109e-01   5.517808306676925234e+00   4.808821471812047221e+00   3.376541254790679097e-02   3.627741192543842086e+00
7.116691806037543921e-01   1.852318473771674689e-01   1.986418752755735317e-01   5.532850786645317598e+00   4.811477148458138231e+00   3.347855464027024719e-02   3.637520382790501827e+00
7.136104927370051643e-01   1.841633042540706533e-01   1.971424843118900760e-01   5.547565214253259214e+00   4.814318347074402205e+00   3.319714093326982945e-02   3.647424572548819910e+00
7.155518048702559364e-01   1.831053461386318304e-01   1.956619795865355005e-01   5.561962427463376990e+00   4.817342373122611043e+00   3.292099659546603163e-02   3.657470911597902941e+00
7.174931170035067085e-01   1.820578771372538818e-01   1.942001247606328640e-01   5.576053261516801030e+00   4.820546451720012726e+00   3.264995304003433935e-02   3.667650855077310368e+00
7.194344291367574806e-01   1.810208032557056868e-01   1.927566884663001745e-01   5.590119859435268346e+00   4.823927738706159651e+00   3.238227583799840187e-02   3.677974539058458170e+00
7.213757412700082527e-01   1.799940331053448972e-01   1.913314442359471956e-01   5.606437599964124274e+00   4.827483331556122970e+00   3.210488476791335116e-02   3.688441642778204965e+00
7.233170534032590249e-01   1.789774770776375312e-01   1.899241704324815816e-01   5.622344456297338589e+00   4.831210280071318586e+00   3.183324651643725661e-02   3.699057216957850613e+00
7.252583655365097970e-01   1.779710478457445788e-01   1.885346501842483924e-01   5.637859811410445232e+00   4.835105596833551012e+00   3.156712898138219064e-02   3.709829529869066445e+00
7.271996776697605691e-01   1.769746602616351083e-01   1.871626713207420190e-01   5.653002199278044593e+00   4.839166267280093692e+00   3.130631371136506635e-02   3.720757580496217631e+00
7.291409898030113412e-01   1.759882313531306863e-01   1.858080263127662446e-01   5.668100592017449202e+00   4.843389259552990822e+00   3.104888992283941218e-02   3.731838810295582842e+00
7.310823019362621134e-01   1.750116802439833918e-01   1.844705122147894949e-01   5.685418620319623528e+00   4.847771533915937958e+00   3.078254952388089286e-02   3.743079820435888827e+00
7.330236140695128855e-01   1.740449282524423325e-01   1.831499306095250856e-01   5.702275576799277879e+00   4.852310051802685820e+00   3.052201281898319143e-02   3.754502586126140073e+00
7.349649262027636576e-01   1.730878986685411292e-01   1.818460875559103074e-01   5.718696601492224474e+00   4.857669610873073474e+00   3.026701899579284372e-02   3.766080890260478320e+00
7.369062383360144297e-01   1.721405170349044056e-01   1.805587935399972088e-01   5.734705327217156423e+00   4.863269349847901601e+00   3.001732560135534147e-02   3.777833764972445607e+00
7.388475504692652018e-01   1.712027109556402138e-01   1.792878634271767857e-01   5.751036049112805415e+00   4.869022490283342997e+00   2.976902065881696646e-02   3.789759968107909049e+00
7.407888626025159740e-01   1.702744103483837534e-01   1.780331164194109417e-01   5.769072260561267207e+00   4.874925270728236448e+00   2.951504204799437758e-02   3.801877489277294853e+00
7.427301747357667461e-01   1.693555470229739512e-01   1.767943760136813369e-01   5.786633323338715940e+00   4.880974001242867288e+00   2.926668021972762823e-02   3.814184674573732003e+00
7.446714868690175182e-01   1.684460550476387652e-01   1.755714699628541098e-01   5.803746485977648639e+00   4.887165069973765874e+00   2.902367556105680396e-02   3.826674974188725820e+00
7.466127990022682903e-01   1.675458706523613728e-01   1.743642302416837653e-01   5.820437191413261324e+00   4.893494949163051722e+00   2.878578793007807377e-02   3.839375558109367148e+00
7.485541111355190624e-01   1.666549320395915856e-01   1.731724930132304829e-01   5.838063124116230185e+00   4.899960200604802196e+00   2.854627099716738892e-02   3.852258271881722873e+00
7.504954232687698346e-01   1.657731799065231826e-01   1.719960985988837898e-01   5.856788490631062771e+00   4.906557480567259155e+00   2.830445049735120372e-02   3.865368871179571730e+00
7.524367354020206067e-01   1.649005568239090280e-01   1.708348914528239337e-01   5.875039360802412958e+00   4.913846556763693307e+00   2.806799183748564727e-02   3.878674373773882689e+00
7.543780475352713788e-01   1.640370077134321036e-01   1.696887201374296383e-01   5.892843180169267114e+00   4.921683795280878293e+00   2.783664908400299010e-02   3.892199969536662252e+00
7.563193596685221509e-01   1.631824796232876906e-01   1.685574373027069750e-01   5.910225480743818594e+00   4.929640766965168730e+00   2.761019527172941385e-02   3.905947514641856078e+00
7.271996776697605691e-01   1.769746602251416334e-01   1.871626713207047987e-01   5.653002199274036244e+00   4.839166267278383060e+00   3.130631370493167781e-02   3.720754044552995410e+00
7.291409898030113412e-01   1.759882313818934563e-01   1.858080263126794252e-01   5.668100592008833871e+00   4.843389259549678805e+00   3.104888992796111039e-02   3.731838208149996117e+00
7.310823019362621134e-01   1.750116802166985508e-01   1.844705122147258514e-01   5.685418620328527517e+00   4.847771533918952436e+00   3.078254951903359321e-02   3.743075044077710967e+00
7.330236140695128855e-01   1.740449282397094066e-01   1.831499306094827029e-01   5.702275576802767532e+00   4.852310051803708113e+00   3.052201281673155853e-02   3.754498526565382743e+00
7.349649262027636576e-01   1.730878986326160884e-01   1.818460875559650136e-01   5.718696601497957666e+00   4.857669610875874788e+00   3.026701898948046601e-02   3.766077941407762086e+00
7.369062383360144297e-01   1.721405169834042681e-01   1.805587935399624311e-01   5.734705327217567650e+00   4.863269349847865186e+00   3.001732559237275597e-02   3.777829879742490515e+00
7.388475504692652018e-01   1.712027109711016237e-01   1.792878634272895566e-01   5.751036049115257676e+00   4.869022490284975468e+00   2.976902066149272885e-02   3.789757480039839255e+00
7.407888626025159740e-01   1.702744103318991620e-01   1.780331164194636495e-01   5.769072260559731546e+00   4.874925270728176940e+00   2.951504204514482366e-02   3.801877139280709361e+00
7.427301747357667461e-01   1.693555470162664556e-01   1.767943760135719800e-01   5.786633323341102475e+00   4.880974001243449045e+00   2.926668021855642274e-02   3.814186221223580198e+00
7.446714868690175182e-01   1.684460550352468999e-01   1.755714699629917497e-01   5.803746485982648196e+00   4.887165069976327381e+00   2.902367555889665343e-02   3.826678500560350749e+00
7.466127990022682903e-01   1.675458706232575423e-01   1.743642302417638956e-01   5.820437191410282374e+00   4.893494949162287888e+00   2.878578792509252360e-02   3.839373669818331170e+00
7.485541111355190624e-01   1.666549320748344776e-01   1.731724930131338103e-01   5.838063124114124314e+00   4.899960200603366900e+00   2.854627100321443720e-02   3.852270458253826302e+00
7.504954232687698346e-01   1.657731798362647446e-01   1.719960985989082425e-01   5.856788490628190402e+00   4.906557480566247520e+00   2.830445048536901417e-02   3.865355343579749636e+00
7.524367354020206067e-01   1.649005568066286287e-01   1.708348914528802776e-01   5.875039360806026068e+00   4.913846556765515849e+00   2.806799183452706251e-02   3.878670547737161911e+00
7.543780475352713788e-01   1.640370077144552852e-01   1.696887201374331355e-01   5.892843180170066475e+00   4.921683795281469820e+00   2.783664908417284728e-02   3.892201347601930372e+00
7.563193596685221509e-01   1.631824795442753384e-01   1.685574373027640405e-01   5.910225512427277117e+00   4.929640781522671489e+00   2.761019511034829357e-02   3.905944014592845015e+00
7.582606718017729230e-01   1.623369218428933891e-01   1.674408996691849894e-01   5.929309725159491506e+00   4.937714008912985619e+00   2.737872186943762776e-02   3.919934443621237996e+00
7.602019839350236952e-01   1.615002859082323994e-01   1.663389680130342718e-01   5.948672377577601367e+00   4.945900119422243613e+00   2.714896293784429399e-02   3.934137558245921706e+00
7.621432960682744673e-01   1.606725257271364171e-01   1.652515071557554283e-01   5.967575148146148756e+00   4.954195904278948959e+00   2.692425679416035264e-02   3.948592054786201011e+00
7.640846082015252394e-01   1.598535972996160126e-01   1.641783859560691228e-01   5.986043991040236989e+00   4.962598304444599151e+00   2.670438064586243276e-02   3.963291447420131064e+00
7.660259203347760115e-01   1.590434591809071208e-01   1.631194773056556802e-01   6.004301931921837365e+00   4.971278125453994612e+00   2.648825142109417774e-02   3.978221607754506284e+00
7.679672324680267836e-01   1.582420720334312136e-01   1.620746581288372012e-01   6.024891033215927116e+00   4.981047671566295243e+00   2.626471933866093497e-02   3.993440495882819352e+00
7.699085446012775558e-01   1.574493990462997317e-01   1.610438093853905073e-01   6.045007902085415274e+00   4.990905584435260778e+00   2.604618581093709126e-02   4.008912332198513617e+00
7.718498567345283279e-01   1.566654059116672215e-01   1.600268160773941906e-01   6.064678436741098189e+00   5.000849108921981312e+00   2.583243407639805242e-02   4.024656386109420225e+00
7.737911688677791000e-01   1.558900605893995817e-01   1.590235672601239270e-01   6.083926793801948563e+00   5.010875665068092566e+00   2.562326370333941131e-02   4.040695654325620723e+00
7.757324810010298721e-01   1.551233336166433219e-01   1.580339560567615431e-01   6.104185314528963957e+00   5.020982845587626642e+00   2.541261865812368195e-02   4.057008555752219969e+00
7.776737931342806442e-01   1.543651981569382770e-01   1.570578796773103858e-01   6.125564039364673086e+00   5.031168413529121253e+00   2.520016069784630428e-02   4.073623627388371027e+00
7.796151052675314164e-01   1.536156299350750487e-01   1.560952394424633960e-01   6.146487590052042371e+00   5.042519236646209713e+00   2.499242497189754775e-02   4.090544172483832952e+00
7.815564174007821885e-01   1.528746073732918376e-01   1.551459408110227589e-01   6.166979512214013859e+00   5.054179723127269597e+00   2.478921927185196231e-02   4.107784153310583442e+00
7.834977295340329606e-01   1.521421114193799440e-01   1.542098934133170063e-01   6.187061844799162991e+00   5.065896000589360071e+00   2.459036538438199443e-02   4.125339030992663858e+00
7.854390416672837327e-01   1.514181260563418618e-01   1.532870110887395165e-01   6.209737507586381433e+00   5.077666466836969761e+00   2.438398174984943850e-02   4.143228034164134321e+00
7.873803538005345048e-01   1.507026379706530861e-01   1.523772119287254145e-01   6.232070882880308638e+00   5.089489691195311138e+00   2.418179138248216856e-02   4.161471162482695441e+00
7.893216659337852770e-01   1.499956366925516704e-01   1.514804183253855019e-01   6.253958415379310409e+00   5.101683981057599127e+00   2.398411161860183882e-02   4.180053517413606201e+00
7.912629780670360491e-01   1.492971148669539616e-01   1.505965570258112896e-01   6.275421678155614913e+00   5.115084313693354368e+00   2.379077017033751074e-02   4.198999456253470264e+00
7.932042902002868212e-01   1.486070682313993530e-01   1.497255591920788054e-01   6.298268063632892044e+00   5.128512239486806124e+00   2.359491001811720237e-02   4.218331099358684000e+00
7.951456023335375933e-01   1.479254955560236340e-01   1.488673604686089058e-01   6.322091472282192370e+00   5.141967162957396198e+00   2.339818969791407702e-02   4.238039401857506050e+00
7.970869144667883655e-01   1.472523988235252546e-01   1.480219010550489211e-01   6.345453734407112023e+00   5.155448647255044925e+00   2.320596839672392497e-02   4.258132696160065400e+00
7.990282266000391376e-01   1.465877838043070369e-01   1.471891257868643277e-01   6.368375834243553690e+00   5.169214860462228778e+00   2.301807990289866240e-02   4.278662009267141464e+00
8.009695387332899097e-01   1.459316590709249795e-01   1.463689842235401106e-01   6.391780828264233882e+00   5.184386060066885626e+00   2.283114252378933701e-02   4.299597149016656239e+00
8.029108508665406818e-01   1.452840372609216502e-01   1.455614307447847533e-01   6.417270171439020565e+00   5.199555713747744612e+00   2.263953883499078210e-02   4.320959877843050911e+00
8.048521629997914539e-01   1.446449344072107124e-01   1.447664246541044697e-01   6.442275480074290073e+00   5.214724363034596522e+00   2.245246029211137029e-02   4.342767955216712217e+00
8.067934751330422261e-01   1.440143706469143581e-01   1.439839302929037945e-01   6.466817424147551563e+00   5.229892690314587256e+00   2.226974432727210629e-02   4.365053678250428781e+00
8.087347872662929982e-01   1.433923697518366680e-01   1.432139171630560925e-01   6.491281249238713968e+00   5.245998312089168003e+00   2.208999490950318625e-02   4.387816249929639589e+00
8.106760993995437703e-01   1.427789599757716132e-01   1.424563600597625601e-01   6.518522497122177128e+00   5.262929945816809507e+00   2.190357708189336408e-02   4.411083330970620331e+00
8.126174115327945424e-01   1.421741734595798334e-01   1.417112392150483846e-01   6.545253248784865363e+00   5.279832511485311741e+00   2.172172230096286114e-02   4.434845451398817140e+00
8.145587236660453145e-01   1.415780470381378109e-01   1.409785404533717146e-01   6.571493964189218495e+00   5.296707728907852797e+00   2.154427103024898066e-02   4.459140518925145180e+00
8.165000357992960867e-01   1.409906221036862917e-01   1.402582553584518499e-01   6.597549579370401318e+00   5.314022470410669996e+00   2.137014969081003912e-02   4.483978217646276576e+00
8.184413479325468588e-01   1.404119448085339172e-01   1.395503814540903220e-01   6.626718044285539122e+00   5.332785269064876488e+00   2.118876099302523588e-02   4.509401053870198517e+00
8.203826600657976309e-01   1.398420662677608561e-01   1.388549223987212144e-01   6.655340056255023562e+00   5.351489031469622404e+00   2.101200916643323688e-02   4.535374258060240749e+00
8.223239721990484030e-01   1.392810430348845330e-01   1.381718881942483046e-01   6.683436280597696566e+00   5.370136611691947337e+00   2.083973530790192430e-02   4.561974902258602249e+00
8.242652843322991751e-01   1.387289368893789288e-01   1.375012954124319176e-01   6.711807457107530794e+00   5.389242150945237952e+00   2.066938567233042937e-02   4.589204924726618451e+00
8.262065964655499473e-01   1.381858155040163183e-01   1.368431674370712836e-01   6.742972781789776882e+00   5.409866612723599921e+00   2.049330762200375980e-02   4.617076155017391770e+00
8.281479085988007194e-01   1.376517524266773762e-01   1.361975347256714486e-01   6.773550743451297151e+00   5.430402443701146886e+00   2.032194895118483863e-02   4.645611500808661809e+00
8.300892207320514915e-01   1.371268275441934748e-01   1.355644350907175832e-01   6.803562483857882981e+00   5.450853681739673995e+00   2.015515075661321320e-02   4.674856109872432164e+00
8.320305328653022636e-01   1.366111272570833535e-01   1.349439140027325068e-01   6.835016018520312819e+00   5.472360675446205747e+00   1.998695056264956568e-02   4.704820365763873191e+00
8.339718449985530357e-01   1.361047451108561290e-01   1.343360249158257191e-01   6.868332160267175190e+00   5.494904794345971233e+00   1.981627299538782361e-02   4.735545498011914489e+00
8.359131571318038079e-01   1.356077815190701585e-01   1.337408296195107815e-01   6.901009268308023969e+00   5.517329021904664899e+00   1.965042738630000743e-02   4.767038064407337572e+00
8.378544692650545800e-01   1.351203449424929204e-01   1.331583986160998767e-01   6.933069524829747365e+00   5.539638715835462968e+00   1.948925284227710428e-02   4.799356820110881827e+00
8.397957813983053521e-01   1.346425516099998276e-01   1.325888115290361213e-01   6.968536983263299511e+00   5.564207395835779835e+00   1.932149487523391121e-02   4.832508669248367639e+00
8.417370935315561242e-01   1.341745263644043007e-01   1.320321575411821935e-01   7.004033653902487444e+00   5.588688117086653584e+00   1.915675066604588875e-02   4.866516201299456057e+00
8.436784056648068963e-01   1.337164031464226355e-01   1.314885358690375816e-01   7.038834391892549114e+00   5.613018600861381380e+00   1.899695257789265485e-02   4.901457836760396702e+00
8.456197177980576685e-01   1.332683253115192201e-01   1.309580562734128373e-01   7.074951731313302794e+00   5.638904965926028190e+00   1.883664092317149930e-02   4.937345997473600256e+00
8.475610299313084406e-01   1.328304460133722387e-01   1.304408396112271273e-01   7.113527927259766237e+00   5.665557703010220436e+00   1.867293519778735755e-02   4.974204698426738958e+00
8.495023420645592127e-01   1.324029294017918801e-01   1.299370184306447573e-01   7.151313656721678846e+00   5.692020224826190855e+00   1.851449058975946499e-02   5.012109158074173898e+00
8.514436541978099848e-01   1.319859506396596771e-01   1.294467376155704341e-01   7.188659778395194877e+00   5.719680977616775408e+00   1.836030007099937952e-02   5.051073617953342421e+00
8.533849663310607569e-01   1.315796968511904197e-01   1.289701550818256881e-01   7.230459733692938151e+00   5.748582220826935263e+00   1.819797104159882190e-02   5.091171407454782027e+00
8.553262784643115291e-01   1.311843679890216663e-01   1.285074425308622426e-01   7.271364543508386014e+00   5.777251592516300605e+00   1.804123107899168257e-02   5.132432947805128265e+00
8.572675905975623012e-01   1.308001774949616447e-01   1.280587862660747256e-01   7.311404211975829348e+00   5.807201538022292553e+00   1.788988458341770130e-02   5.174910180510150504e+00
8.592089027308130733e-01   1.304273530680575277e-01   1.276243880783785034e-01   7.355848935283894718e+00   5.838461967486320070e+00   1.773110815835748921e-02   5.218653038619947893e+00
8.611502148640638454e-01   1.300661377637197802e-01   1.272044662065889287e-01   7.400114543743042894e+00   5.869444124865320411e+00   1.757623304272952491e-02   5.263731124495254932e+00
8.630915269973146176e-01   1.297167912227905617e-01   1.267992563806445983e-01   7.443395806575122009e+00   5.902252538012982441e+00   1.742709840960026194e-02   5.310247235714965264e+00
8.650328391305653897e-01   1.293795899956649009e-01   1.264090129560616060e-01   7.490949383967032915e+00   5.935937465405877411e+00   1.727145430625623423e-02   5.358160183383949615e+00
8.669741512638161618e-01   1.290548299573401891e-01   1.260340101480917352e-01   7.538675950543104243e+00   5.969296216245949971e+00   1.711903135298483911e-02   5.407644951226123098e+00
8.689154633970669339e-01   1.287428266304004865e-01   1.256745433767741393e-01   7.585288193728835004e+00   6.005596704932098184e+00   1.697270075207413936e-02   5.458707416635622423e+00
8.708567755303177060e-01   1.284439170575524258e-01   1.253309307340209622e-01   7.636961742709674539e+00   6.041805316474893495e+00   1.681871945740285451e-02   5.511483114404687633e+00
8.727980876635684782e-01   1.281584612419237601e-01   1.250035145848658602e-01   7.688363967251765629e+00   6.078862308425228456e+00   1.666914597017113767e-02   5.566022080606276567e+00
8.747393997968192503e-01   1.278868440490441571e-01   1.246926633192821376e-01   7.738772796370215978e+00   6.118095484707776421e+00   1.652546823819766794e-02   5.622425052353318797e+00
8.766807119300700224e-01   1.276294767995977963e-01   1.243987732689490339e-01   7.795368057544840745e+00   6.156876141539682656e+00   1.637247604698665454e-02   5.680783694982228127e+00
4.573572911479032443e-01   4.977491614475866855e-01   7.721757305229495216e-01   6.271635878655335006e+00   6.070101816151355578e+00   7.936512435959630629e-02   2.901652370937896297e+00
4.592986032811540165e-01   4.929116803301667460e-01   7.616211517710270718e-01   6.247402768516265859e+00   6.047191716813832940e+00   7.889865574446250363e-02   2.905640145331385593e+00
4.612399154144047886e-01   4.881437875970959794e-01   7.512622811246466581e-01   6.225679315962760363e+00   6.024500206331090624e+00   7.840811625897370352e-02   2.909626716101030741e+00
4.631812275476555607e-01   4.834441797047474565e-01   7.410946540973197827e-01   6.203847080574266926e+00   6.001724863529133813e+00   7.792651453620241808e-02   2.913610449851630868e+00
4.651225396809063328e-01   4.788115822306053815e-01   7.311139255384060398e-01   6.181820907525196418e+00   5.978831220624383214e+00   7.745478062098870575e-02   2.917593731980412386e+00
4.670638518141571049e-01   4.742447496008708741e-01   7.213158660451682858e-01   6.159553191810068107e+00   5.956065933274635071e+00   7.699336864749237175e-02   2.921573974131675744e+00
4.690051639474078771e-01   4.697424641526595224e-01   7.116963584931639275e-01   6.136992812693844002e+00   5.934711454593501578e+00   7.654277567036374408e-02   2.925554315916965020e+00
4.709464760806586492e-01   4.653035354120902412e-01   7.022513946837205534e-01   6.116385660839899430e+00   5.913304331016429494e+00   7.607491764150708935e-02   2.929538542956858116e+00
4.728877882139094213e-01   4.609267993371304328e-01   6.929770720983562393e-01   6.096081760470363875e+00   5.891815622438366873e+00   7.561033750006103393e-02   2.933522007497686435e+00
4.748291003471601934e-01   4.566111178235132684e-01   6.838695907619920522e-01   6.075620661056674976e+00   5.870215116285966594e+00   7.515464563979200319e-02   2.937506111689899946e+00
4.767704124804109655e-01   4.523553780547899805e-01   6.749252502027713874e-01   6.054963468588363540e+00   5.849023037469380348e+00   7.470819277465447217e-02   2.941493223056230732e+00
4.787117246136617377e-01   4.481584916884457925e-01   6.661404465170013278e-01   6.034068851960733504e+00   5.828964939404795764e+00   7.427135862773913411e-02   2.945482228549417325e+00
4.806530367469125098e-01   4.440193944186603403e-01   6.575116695261625788e-01   6.014084517918346862e+00   5.808860881581941804e+00   7.382992259183425443e-02   2.949478231026962050e+00
4.825943488801632819e-01   4.399370451941422289e-01   6.490355000238369199e-01   5.995354845859223403e+00   5.788685816800398953e+00   7.337965083050772275e-02   2.953475500248937902e+00
4.845356610134140540e-01   4.359104258724073588e-01   6.407086071164110885e-01   5.976511534064914422e+00   5.768413760691776027e+00   7.293726840278071111e-02   2.957476736798794636e+00
4.864769731466648262e-01   4.319385406090532897e-01   6.325277456443020307e-01   5.957523697240944216e+00   5.748497818865167197e+00   7.250303356897987161e-02   2.961483717315713360e+00
4.884182852799155983e-01   4.280204149450810291e-01   6.244897536912179525e-01   5.938358888003383740e+00   5.729686268021390916e+00   7.207722251508978661e-02   2.965495614572007721e+00
4.903595974131663704e-01   4.241550958943207661e-01   6.165915501643582930e-01   5.918982970083152217e+00   5.710839905064923450e+00   7.166013114722005750e-02   2.969517041152065495e+00
4.923009095464171425e-01   4.203416508429427267e-01   6.088301324636773426e-01   5.901290721056875910e+00   5.691937628074681399e+00   7.122876514845938312e-02   2.973544134675005779e+00
4.942422216796679146e-01   4.165791674620322182e-01   6.012025742171124287e-01   5.884027863591166252e+00   5.672957719313322933e+00   7.079829958653251210e-02   2.977577379011735914e+00
4.961835338129186868e-01   4.128667529422500593e-01   5.937060230878785649e-01   5.866674891676794346e+00   5.653998107988165600e+00   7.037491604111129062e-02   2.981617080465224667e+00
4.981248459461694589e-01   4.092035336759636266e-01   5.863376986560648874e-01   5.849207735241166439e+00   5.636444365452509153e+00   6.995879650683869966e-02   2.985666591950534965e+00
5.000661580794202310e-01   4.055886546897226608e-01   5.790948903634579592e-01   5.831601467206409595e+00   5.618871870304315230e+00   6.955013249285316168e-02   2.989727072691377607e+00
5.020074702126710031e-01   4.020212791918993389e-01   5.719749555243144323e-01   5.813830260209362777e+00   5.601263176752652839e+00   6.914912565359658536e-02   2.993796256171276315e+00
5.039487823459217752e-01   3.985005882300356461e-01   5.649753173985703203e-01   5.797641942978432716e+00   5.583600481575824226e+00   6.873494295601725868e-02   2.997874665396442762e+00
5.058900944791725474e-01   3.950257802571287002e-01   5.580934633243083143e-01   5.781933005251025826e+00   5.565865618235655177e+00   6.832071210413107054e-02   3.001963417803533485e+00
5.078314066124233195e-01   3.915960704658800751e-01   5.513269429133856869e-01   5.766169633917328952e+00   5.548979216347477816e+00   6.791268646736703385e-02   3.006065834941174852e+00
5.097727187456740916e-01   3.882106907757361669e-01   5.446733662958794797e-01   5.750334330009316375e+00   5.532638291346506421e+00   6.751097736174710429e-02   3.010177464296962757e+00
5.117140308789248637e-01   3.848688891720257743e-01   5.381304024254771612e-01   5.734409313647367057e+00   5.516282873173750545e+00   6.711569895369574879e-02   3.014303433899877316e+00
5.136553430121756358e-01   3.815699292453018643e-01   5.316957774345686394e-01   5.718376536303714452e+00   5.499898849166079629e+00   6.672696819156015424e-02   3.018440861259402475e+00
5.155966551454264080e-01   3.783130901098274435e-01   5.253672730424779891e-01   5.702805018083156874e+00   5.483471977766514627e+00   6.633807203827339627e-02   3.022592625992259752e+00
5.175379672786771801e-01   3.750976659085836218e-01   5.191427250080912215e-01   5.688673443690735354e+00   5.466987899615268098e+00   6.593763372453759208e-02   3.026760379712448046e+00
5.194792794119279522e-01   3.719229651293289862e-01   5.130200216380408351e-01   5.674531877511120648e+00   5.451743317562304902e+00   6.554249287122805578e-02   3.030935251575296085e+00
5.214205915451787243e-01   3.687883110154643873e-01   5.069971023312822567e-01   5.660369162883145400e+00   5.436644530773998341e+00   6.515269594671095621e-02   3.035133002462270468e+00
5.233619036784294964e-01   3.656930403418527931e-01   5.010719561782810416e-01   5.646174313107230169e+00   5.421543187019276289e+00   6.476828735041353924e-02   3.039345356945699628e+00
5.253032158116802686e-01   3.626365037184768880e-01   4.952426205937510706e-01   5.631936552756656056e+00   5.406428354492904376e+00   6.438930913399187883e-02   3.043575104408578369e+00
5.272445279449310407e-01   3.596180649598181289e-01   4.895071799978454319e-01   5.617645364245915651e+00   5.391289152909306992e+00   6.401580050756576490e-02   3.047818326744777373e+00
5.291858400781818128e-01   3.566371011362434729e-01   4.838637645348186078e-01   5.603631310386022690e+00   5.376114774207218616e+00   6.364392683637772052e-02   3.052078513141821325e+00
5.311271522114325849e-01   3.536930016526866893e-01   4.783105488293656338e-01   5.591160769889721216e+00   5.362020671570407515e+00   6.325931523154230962e-02   3.056360673719612286e+00
5.330684643446833570e-01   3.507851685118339446e-01   4.728457507834301077e-01   5.578719936054189255e+00   5.348152763003266585e+00   6.287915015141326558e-02   3.060657622883846685e+00
5.350097764779341292e-01   3.479130157926419997e-01   4.674676304076975097e-01   5.566303144246542267e+00   5.334299568220171928e+00   6.250342584238388621e-02   3.064974688964158034e+00
5.369510886111849013e-01   3.450759693879490442e-01   4.621744886881030689e-01   5.553905224664390516e+00   5.320453225942905817e+00   6.213213143348177842e-02   3.069312472346876319e+00
5.388924007444356734e-01   3.422734668222346954e-01   4.569646664864424612e-01   5.541521447253613175e+00   5.306606023051022802e+00   6.176525166962332225e-02   3.073671213752184439e+00
5.408337128776864455e-01   3.395049567182013561e-01   4.518365434762547372e-01   5.529147730149161610e+00   5.292750503304803900e+00   6.140276463711748928e-02   3.078049212029045911e+00
5.427750250109372177e-01   3.367698989882228489e-01   4.467885371052481847e-01   5.516780592150924534e+00   5.279342103551981857e+00   6.104464249808427140e-02   3.082449086754543544e+00
5.447163371441879898e-01   3.340677640534295278e-01   4.418191015954755496e-01   5.504667891884169606e+00   5.266728397969087538e+00   6.068808702264558846e-02   3.086871539728257563e+00
5.466576492774387619e-01   3.313980330780168515e-01   4.369267269667237996e-01   5.493998413789334734e+00   5.254149551856127864e+00   6.032000887481948903e-02   3.091317580998348635e+00
5.485989614106895340e-01   3.287601974781181879e-01   4.321099380936604950e-01   5.483404286851213172e+00   5.241600260680146839e+00   5.995549120214611893e-02   3.095784484829942507e+00
5.505402735439403061e-01   3.261537586344047668e-01   4.273672937883982725e-01   5.472885015568568434e+00   5.229075489476391780e+00   5.959448402562889102e-02   3.100276629881797419e+00
5.524815856771910783e-01   3.235782278085252983e-01   4.226973859110083054e-01   5.462440724670168279e+00   5.216570494850220285e+00   5.923693164250556226e-02   3.104794102925230614e+00
5.544228978104418504e-01   3.210331258876522043e-01   4.180988385049456690e-01   5.452072194592054721e+00   5.204080848055966158e+00   5.888277235325075493e-02   3.109334059699699893e+00
5.563642099436926225e-01   3.185179832448739035e-01   4.135703069601137649e-01   5.441780896792034028e+00   5.192007602484288498e+00   5.853193821762327220e-02   3.113902179288436045e+00
5.583055220769433946e-01   3.160323392486361627e-01   4.091104771986128763e-01   5.431569028541296085e+00   5.180684803786570924e+00   5.818435475789394962e-02   3.118493522679072427e+00
5.602468342101941667e-01   3.135757423715404002e-01   4.047180648840775219e-01   5.421439546666391607e+00   5.169415054008942079e+00   5.783994078922379684e-02   3.123115770295318949e+00
5.621881463434449389e-01   3.111477498756585192e-01   4.003918146559615754e-01   5.411396199816930874e+00   5.158195514302939877e+00   5.749860819397861755e-02   3.127764663416761071e+00
5.641294584766957110e-01   3.087479275098985454e-01   3.961304993834258714e-01   5.402184318725353762e+00   5.147023663868497856e+00   5.715242377785948596e-02   3.132438455255157628e+00
5.660707706099464831e-01   3.063758494793091813e-01   3.919329194443242348e-01   5.393700887076663619e+00   5.135897316891113284e+00   5.680252870777231095e-02   3.137145745296388899e+00
5.680120827431972552e-01   3.040310982914888882e-01   3.877979020195063131e-01   5.385347540710596626e+00   5.124814639553251894e+00   5.645524193065764446e-02   3.141878586723702238e+00
5.699533948764480273e-01   3.017132644022240129e-01   3.837243004150374670e-01   5.377128258153707208e+00   5.113774167144399030e+00   5.611048312725581272e-02   3.146640646651766460e+00
5.718947070096987995e-01   2.994219460418889867e-01   3.797109933962037331e-01   5.369047583954146496e+00   5.103402818722421408e+00   5.576816769825933967e-02   3.151438928086186309e+00
5.738360191429495716e-01   2.971567492726308046e-01   3.757568845461004003e-01   5.361110630528337140e+00   5.093478954284539562e+00   5.542820690558031282e-02   3.156265114032160479e+00
5.757773312762003437e-01   2.949172875335079880e-01   3.718609016394816003e-01   5.353323076259686175e+00   5.083627514616329890e+00   5.509050795782790416e-02   3.161125063979473904e+00
5.777186434094511158e-01   2.927031819017429370e-01   3.680219960359065734e-01   5.345691159465626008e+00   5.073847840660736352e+00   5.475497427184000676e-02   3.166016208100874252e+00
5.796599555427018879e-01   2.905140603950258082e-01   3.642391420906649357e-01   5.338221667822998562e+00   5.064139595395158011e+00   5.442150560104063589e-02   3.170942420641177595e+00
5.816012676759526601e-01   2.883495579673081011e-01   3.605113365803513381e-01   5.330921922884295228e+00   5.054502772957785162e+00   5.408999834146822200e-02   3.175903626655761425e+00
5.835425798092034322e-01   2.862093167422017359e-01   3.568375981463422497e-01   5.323799759244588259e+00   5.044937707079634848e+00   5.376034593435064651e-02   3.180897647547260565e+00
5.854838919424542043e-01   2.840929855077547472e-01   3.532169667535414170e-01   5.316863498148358680e+00   5.035445078758645998e+00   5.343243918274231952e-02   3.185928326773914243e+00
5.874252040757049764e-01   2.820002196791620008e-01   3.496485031643930541e-01   5.310121915156474692e+00   5.026025922998788253e+00   5.310616671045908371e-02   3.190997805898473150e+00
5.893665162089557485e-01   2.799306810480857166e-01   3.461312884275519197e-01   5.303590909688894683e+00   5.017350867937121706e+00   5.278134867768417143e-02   3.196101098340458080e+00
5.913078283422065207e-01   2.778840377310416443e-01   3.426644233815315244e-01   5.298078038246909038e+00   5.008954756942666009e+00   5.244997067332576174e-02   3.201243945265545232e+00
5.932491404754572928e-01   2.758599642041872357e-01   3.392470281701954193e-01   5.292766080686096331e+00   5.000654135808135337e+00   5.212018819626877686e-02   3.206425543406454359e+00
5.951904526087080649e-01   2.738581409016660473e-01   3.358782417756314143e-01   5.287661018696966586e+00   4.992450131304296157e+00   5.179192462098348992e-02   3.211642758026327371e+00
3.602916844853646383e-01   8.688792351508709544e-01   1.699107584490113343e+00   7.916588302836206736e+00   7.712765764935261892e+00   1.097542529576263637e-01   2.682419307782490936e+00
3.622329966186154104e-01   8.579464107575631715e-01   1.668844646571937096e+00   7.872954356072628279e+00   7.667648208188645675e+00   1.089738834946763352e-01   2.687557551529558886e+00
3.641743087518661826e-01   8.472107363165833904e-01   1.639286278774203298e+00   7.828907302854976713e+00   7.624289930116764147e+00   1.082157066807560852e-01   2.692647147039760824e+00
3.661156208851169547e-01   8.366677934476456358e-01   1.610412889170734996e+00   7.784269581218460132e+00   7.581705324801609081e+00   1.074818625842969971e-01   2.697689050910188069e+00
3.680569330183677268e-01   8.263132771053278702e-01   1.582205504687622888e+00   7.741493775401368183e+00   7.538963124435945851e+00   1.067382214697300546e-01   2.702685490313903038e+00
3.699982451516184989e-01   8.161429919746298056e-01   1.554645749502123087e+00   7.699979505486659548e+00   7.495947433583684649e+00   1.059928784736482721e-01   2.707636040922451581e+00
3.719395572848692710e-01   8.061528497429435447e-01   1.527715824279507251e+00   7.658034951094145448e+00   7.455404881736431122e+00   1.052688914181260232e-01   2.712544093516788379e+00
3.738808694181200432e-01   7.963388658862412539e-01   1.501398486176030111e+00   7.615492765042476186e+00   7.414795310724654698e+00   1.045682650427676857e-01   2.717410101908238396e+00
3.758221815513708153e-01   7.866971568632834533e-01   1.475677029636483173e+00   7.575302504058089248e+00   7.373995427720109852e+00   1.038502629356187201e-01   2.722235413678474991e+00
3.777634936846215874e-01   7.772239371196291158e-01   1.450535267895627589e+00   7.535943449298488694e+00   7.333539235848626880e+00   1.031355851259711937e-01   2.727020507289430906e+00
3.797048058178723595e-01   7.679155170036436884e-01   1.425957515179242518e+00   7.496163424181175650e+00   7.295007635221761433e+00   1.024411386932276152e-01   2.731767791139782631e+00
3.816461179511231316e-01   7.587682992359533474e-01   1.401928569581791573e+00   7.455807600526476620e+00   7.256366059300184190e+00   1.017687606614707252e-01   2.736478579956297619e+00
3.835874300843739038e-01   7.497787770595323309e-01   1.378433696577432865e+00   7.417824051901173554e+00   7.217520589300042033e+00   1.010779942761469985e-01   2.741152296179069303e+00
3.855287422176246759e-01   7.409435315749988149e-01   1.355458613147473512e+00   7.380449311522693456e+00   7.179469601534663958e+00   1.003927403739775098e-01   2.746268187866659272e+00
3.874700543508754480e-01   7.322592291957334965e-01   1.332989472492084548e+00   7.342662434470549115e+00   7.142769036160582452e+00   9.972666396293811131e-02   2.751171897265447086e+00
3.894113664841262201e-01   7.237226194174581906e-01   1.311012849316443241e+00   7.304321061040324636e+00   7.105939415318283991e+00   9.908143595681176419e-02   2.755580407283082067e+00
3.913526786173769922e-01   7.153305326075951598e-01   1.289515725645312028e+00   7.268279387873624486e+00   7.068892771478938464e+00   9.841813920926741066e-02   2.760032296924865847e+00
3.932939907506277644e-01   7.070798778141806906e-01   1.268485477167832887e+00   7.232929606740066575e+00   7.032999063459818956e+00   9.775843486092861134e-02   2.765294936368816181e+00
3.952353028838785365e-01   6.989676403023850071e-01   1.247909860077998090e+00   7.197197164506717648e+00   6.998122132615573143e+00   9.711664476129311385e-02   2.770062452373818651e+00
3.971766150171293086e-01   6.909908801166011472e-01   1.227776998390992524e+00   7.160953355614189775e+00   6.963112142953507444e+00   9.649425792933898072e-02   2.774374147500966448e+00
3.991179271503800807e-01   6.831467295737638779e-01   1.208075371723004388e+00   7.126483364205314253e+00   6.927887872034353300e+00   9.586028545369973397e-02   2.778268928003977400e+00
4.010592392836308528e-01   6.754323913608005769e-01   1.188793803513112923e+00   7.093013351439720005e+00   6.893918540541833728e+00   9.522502748760555691e-02   2.783370985713466972e+00
4.030005514168816250e-01   6.678451368609330530e-01   1.169921449663493318e+00   7.059189550444390449e+00   6.860732916205565246e+00   9.460648876029838228e-02   2.788044059609219527e+00
4.049418635501323971e-01   6.603823040746874540e-01   1.151447787597442041e+00   7.024896687303313847e+00   6.827410819170458112e+00   9.400598093752068896e-02   2.792296606861954356e+00
4.068831756833831692e-01   6.530412960230478348e-01   1.133362605698390757e+00   6.991725825151995366e+00   6.793877606255875001e+00   9.340201723497233710e-02   2.796164262772749431e+00
4.088244878166339413e-01   6.458195788569581763e-01   1.115655993130512114e+00   6.960169121096564382e+00   6.761621973481695136e+00   9.278791472170583310e-02   2.800560798532296225e+00
4.107657999498847134e-01   6.387146803887162605e-01   1.098318330024623091e+00   6.928301800182471659e+00   6.730128437903698746e+00   9.218921155713720450e-02   2.805176185187597149e+00
4.127071120831354856e-01   6.317241881228028433e-01   1.081340278003863453e+00   6.896022161030789910e+00   6.698506855529968718e+00   9.160704147568679567e-02   2.809402675305399555e+00
4.146484242163862577e-01   6.248457479661055913e-01   1.064712771050751350e+00   6.863864894562526686e+00   6.666689518453958740e+00   9.103409778084371740e-02   2.813272879794045167e+00
4.165897363496370298e-01   6.180770624243905331e-01   1.048427006692307373e+00   6.834093506256065709e+00   6.635912769003342149e+00   9.044024081007824567e-02   2.816918831193497841e+00
4.185310484828878019e-01   6.114158895239825142e-01   1.032474437497274522e+00   6.804053029389045548e+00   6.605997664266230807e+00   8.986054148653264961e-02   2.821508817469644548e+00
4.204723606161385741e-01   6.048600407334561169e-01   1.016846762868188314e+00   6.773654808005313832e+00   6.575963096297964938e+00   8.929596471591878803e-02   2.825738269641104861e+00
4.224136727493893462e-01   5.984073799695579510e-01   1.001535921123575701e+00   6.742800574451673690e+00   6.545748054045829711e+00   8.874760173642248784e-02   2.829637016051516962e+00
4.243549848826401183e-01   5.920558221097280693e-01   9.865340818551170399e-01   6.714236268364672355e+00   6.516246938005881617e+00   8.817917607387532053e-02   2.833234211902500466e+00
4.262962970158908904e-01   5.858033317814488328e-01   9.718336385453471005e-01   6.686048964712936638e+00   6.487911574048124130e+00   8.761577052054989045e-02   2.837083321060415386e+00
4.282376091491416625e-01   5.796479217843852894e-01   9.574272014479927595e-01   6.657566087572306834e+00   6.459473844892133165e+00   8.706604097650871843e-02   2.841341142758477378e+00
4.301789212823924347e-01   5.735876519551084129e-01   9.433075907118999570e-01   6.628703684860407286e+00   6.430879405528664883e+00   8.653089340305721022e-02   2.845291171509595429e+00
4.321202334156432068e-01   5.676206282030307193e-01   9.294678297387480859e-01   6.600394385565551580e+00   6.402463808910495047e+00   8.599798664218674671e-02   2.849271148205262172e+00
4.340615455488939789e-01   5.617450005884165876e-01   9.159011387723350328e-01   6.573939394144524329e+00   6.375608022414440690e+00   8.545028588014801085e-02   2.853352497442161795e+00
4.360028576821447510e-01   5.559589630098571433e-01   9.026009287069266529e-01   6.547247088328131071e+00   6.348666424300477118e+00   8.491492004341381905e-02   2.857423126891975862e+00
4.379441698153955231e-01   5.502607515987847364e-01   8.895607951086819121e-01   6.520246839142859407e+00   6.321590999777082054e+00   8.439262579683579069e-02   2.861482472760468632e+00
4.398854819486462953e-01   5.446486436577515633e-01   8.767745124356655095e-01   6.492861260158395709e+00   6.294330506730053010e+00   8.388422635792847082e-02   2.865532246790153614e+00
4.418267940818970674e-01   5.391209566907946282e-01   8.642360284628396450e-01   6.467245524724613226e+00   6.268663500357236629e+00   8.336175805135391526e-02   2.869574763631939529e+00
4.437681062151478395e-01   5.336760471590196175e-01   8.519394588858333339e-01   6.442347803064950362e+00   6.243219897722563694e+00   8.283875125542321249e-02   2.873605557276070144e+00
4.457094183483986116e-01   5.283123098980695431e-01   8.398790821179648036e-01   6.417214321793409226e+00   6.217670456808492396e+00   8.232735941261548618e-02   2.877630257236364564e+00
4.476507304816493837e-01   5.230281766204143423e-01   8.280493342548241875e-01   6.391781215227289259e+00   6.191970594053003651e+00   8.182823519903843767e-02   2.881649133521256179e+00
4.495920426149001559e-01   5.178221151730895144e-01   8.164448042134293537e-01   6.365978855072485842e+00   6.166886214243477049e+00   8.134210416996325022e-02   2.885658376363280375e+00
4.515333547481509280e-01   5.126926288832009959e-01   8.050602290312158793e-01   6.342543075429533772e+00   6.142848451634717932e+00   8.083392147060508570e-02   2.889666141528106191e+00
4.534746668814017001e-01   5.076382551485494332e-01   7.938904893274629782e-01   6.319147883818640565e+00   6.118731097186142165e+00   8.033333995054176002e-02   2.893663949038567829e+00
4.554159790146524722e-01   5.026575647673325875e-01   7.829306049070229312e-01   6.295530768071459171e+00   6.094495747441104783e+00   7.984355621238813094e-02   2.897660922590886923e+00
4.573572911479032443e-01   4.977491614328073410e-01   7.721757305230316781e-01   6.271635878655872354e+00   6.070101816151780127e+00   7.936512435723296066e-02   2.901651021277284581e+00
4.592986032811540165e-01   4.929116803078841813e-01   7.616211517711899415e-01   6.247402768516839622e+00   6.047191716814241502e+00   7.889865574088855693e-02   2.905640838223391587e+00
4.612399154144047886e-01   4.881437876144900656e-01   7.512622811246466581e-01   6.225679315964137039e+00   6.024500206332152885e+00   7.840811626175028803e-02   2.909625984785993769e+00
4.631812275476555607e-01   4.834441796805322156e-01   7.410946540972878083e-01   6.203847080573290818e+00   6.001724863528407283e+00   7.792651453231140557e-02   2.913610479472700021e+00
4.651225396809063328e-01   4.788115822238978025e-01   7.311139255381484681e-01   6.181820907522054931e+00   5.978831220621919407e+00   7.745478061994302832e-02   2.917593168600623788e+00
4.670638518141571049e-01   4.742447496039403632e-01   7.213158660456444604e-01   6.159553191814050699e+00   5.956065933277551849e+00   7.699336864794091573e-02   2.921574435469198594e+00
4.690051639474078771e-01   4.697424641767611320e-01   7.116963584927864517e-01   6.136992812692993127e+00   5.934711454592756397e+00   7.654277567430162188e-02   2.925556460430044581e+00
4.709464760806586492e-01   4.653035353894665604e-01   7.022513946833314202e-01   6.116385660837836191e+00   5.913304331014600734e+00   7.607491763783388872e-02   2.929538796793826894e+00
4.728877882139094213e-01   4.609267993170078626e-01   6.929770720987833421e-01   6.096081760473793132e+00   5.891815622441099798e+00   7.561033749671759729e-02   2.933522824888302960e+00
4.748291003471601934e-01   4.566111178158962502e-01   6.838695907618301817e-01   6.075620661053372729e+00   5.870215116283342027e+00   7.515464563857915392e-02   2.937506886544155815e+00
2.787565748888322092e-01   1.587169843582046269e+00   4.000188639493183373e+00   1.048862534202555530e+01   1.024778238799898489e+01   1.513229610006770753e-01   2.400714357636098306e+00
2.806978870220829814e-01   1.561813379579348293e+00   3.909539874998064324e+00   1.040664733932319663e+01   1.016667059381038740e+01   1.500784381995711736e-01   2.409481763024663437e+00
2.826391991553337535e-01   1.537004954568828907e+00   3.821461665181237422e+00   1.032652331962333925e+01   1.008959315069310669e+01   1.488405058504134737e-01   2.418118140452403253e+00
2.845805112885845256e-01   1.512730474912359790e+00   3.735869117655753691e+00   1.024938855530306192e+01   1.001265986151791232e+01   1.475922653092968106e-01   2.426626668299716627e+00
2.865218234218352977e-01   1.488976254851650083e+00   3.652680502423813813e+00   1.017180670746820859e+01   9.935627646377913180e+00   1.463826729776956659e-01   2.435009976613901284e+00
2.884631355550860699e-01   1.465729004764284804e+00   3.571817121935682682e+00   1.009338995694130858e+01   9.860617374537623547e+00   1.452167221337060110e-01   2.443269745633696477e+00
2.904044476883368420e-01   1.442975817996511978e+00   3.493203186253257098e+00   1.001986885693108498e+01   9.787360388253484089e+00   1.440114475149399109e-01   2.451409389170915887e+00
2.923457598215876141e-01   1.420704158745934365e+00   3.416765693714244101e+00   9.946608408820777569e+00   9.714070890790376112e+00   1.428330241176516135e-01   2.459430630403375062e+00
2.942870719548383862e-01   1.398901850486481635e+00   3.342434317204706407e+00   9.872750562842078637e+00   9.641023298779177964e+00   1.416932233405660269e-01   2.467335861799740737e+00
2.962283840880891583e-01   1.377557064613483817e+00   3.270141295457298813e+00   9.800012901366317308e+00   9.571368296666122433e+00   1.405668623580510757e-01   2.475127750477618349e+00
2.981696962213399305e-01   1.356658309470844870e+00   3.199821329011638404e+00   9.730543281226154306e+00   9.501764110692340282e+00   1.394226684226712032e-01   2.482808921604710672e+00
3.001110083545907026e-01   1.336194419528624167e+00   3.131411480766543409e+00   9.660632038042143321e+00   9.431992036890015640e+00   1.383133540607786038e-01   2.490380763147880927e+00
3.020523204878414747e-01   1.316154545611652793e+00   3.064851080944814843e+00   9.589942024043940805e+00   9.364428937426596988e+00   1.372432223585695055e-01   2.497846624454349129e+00
3.039936326210922468e-01   1.296528144239005087e+00   3.000081636266565432e+00   9.523055892458756944e+00   9.298134634162758871e+00   1.361462285720402843e-01   2.505207864183909283e+00
3.059349447543430189e-01   1.277304968887392533e+00   2.937046743029213758e+00   9.457028531783777225e+00   9.231742254880019871e+00   1.350640917064536151e-01   2.512467312448703360e+00
3.078762568875937911e-01   1.258475059921920547e+00   2.875692004019874570e+00   9.390438389938976727e+00   9.165807636890857424e+00   1.340166462590569874e-01   2.519626696039015901e+00
3.098175690208445632e-01   1.240028736337421833e+00   2.815964949045242527e+00   9.324140564325524849e+00   9.102762601749233795e+00   1.329912100512312678e-01   2.526688660245437479e+00
3.117588811540953353e-01   1.221956586389637778e+00   2.757814958926637416e+00   9.261531289803169642e+00   9.039702054687225541e+00   1.319389362464279125e-01   2.533654881121092828e+00
3.137001932873461074e-01   1.204249460006280970e+00   2.701193192773845730e+00   9.198506154292418913e+00   8.976431096074579230e+00   1.309179381745944060e-01   2.540527520837884357e+00
3.156415054205968795e-01   1.186898460118186449e+00   2.646052518408942067e+00   9.134775592144643852e+00   8.915398269947401033e+00   1.299318684017642944e-01   2.547309104109892086e+00
3.175828175538476517e-01   1.169894934969647693e+00   2.592347445799268790e+00   9.073593141175152255e+00   8.855333190874636884e+00   1.289340305177195389e-01   2.554001281530561496e+00
3.195241296870984238e-01   1.153230470703419996e+00   2.540034063343239001e+00   9.014072275653242983e+00   8.795130276205668451e+00   1.279366789434630280e-01   2.560606084744289745e+00
3.214654418203491959e-01   1.136896884267684982e+00   2.489069976881869373e+00   8.954042983118588594e+00   8.735406893544553242e+00   1.269702285784334028e-01   2.567126041024519800e+00
3.234067539535999680e-01   1.120886215783343687e+00   2.439414251327455485e+00   8.893264158744086600e+00   8.678284967647819315e+00   1.260376612878702784e-01   2.573562424194629106e+00
3.253480660868507401e-01   1.105190722242127777e+00   2.391027354767271351e+00   8.836837132846007137e+00   8.621107071257721799e+00   1.250663224440561883e-01   2.579917449913428307e+00
3.272893782201015123e-01   1.089802870863422868e+00   2.343871104940531414e+00   8.780040033474254102e+00   8.563701896779388534e+00   1.241227678585183902e-01   2.586193086237382310e+00
3.292306903533522844e-01   1.074715332597293127e+00   2.297908617969508960e+00   8.722628257353472137e+00   8.508329643300593048e+00   1.232100349675307460e-01   2.592390627702673367e+00
3.311720024866030565e-01   1.059920976141029314e+00   2.253104259262950659e+00   8.666247563615309346e+00   8.453874331986591883e+00   1.223044885760061068e-01   2.598512680384314155e+00
3.331133146198538286e-01   1.045412861810859795e+00   2.209423596466790762e+00   8.612618465659251044e+00   8.399265763224226689e+00   1.213815364025694066e-01   2.604560311346496793e+00
3.350546267531046007e-01   1.031184236205149318e+00   2.166833354379881449e+00   8.558553135085896102e+00   8.344904559621848961e+00   1.204858134230418626e-01   2.610536345051928553e+00
3.369959388863553729e-01   1.017228526255280485e+00   2.125301371750794033e+00   8.503812622535770416e+00   8.293123072373342453e+00   1.196202893228791447e-01   2.616442075673673706e+00
3.389372510196061450e-01   1.003539334087349744e+00   2.084796559858122400e+00   8.451598303372881205e+00   8.241268484168337238e+00   1.187395919759763330e-01   2.622279311573833649e+00
3.408785631528569171e-01   9.901104317258386800e-01   2.045288862800248353e+00   8.400466850657037909e+00   8.189192647685235471e+00   1.178637389240334565e-01   2.628049081076432092e+00
3.428198752861076892e-01   9.769357564209713018e-01   2.006749219418372920e+00   8.348825275154194259e+00   8.138664167350333045e+00   1.170147564745782076e-01   2.633753790263101635e+00
3.447611874193584613e-01   9.640094053703478494e-01   1.969149526768154246e+00   8.296438993846727783e+00   8.089291188326940940e+00   1.161955636732013436e-01   2.639394479498200941e+00
3.467024995526092335e-01   9.513256313658756680e-01   1.932462605093284713e+00   8.248134642103304159e+00   8.039770685340576151e+00   1.153382761854726823e-01   2.644973222023322190e+00
3.486438116858600056e-01   9.388788381295398722e-01   1.896662164195658917e+00   8.199516044940562409e+00   7.989980704442532833e+00   1.145041771957829996e-01   2.650491768801200188e+00
3.505851238191107777e-01   9.266635760067174488e-01   1.861722771180052138e+00   8.150351814802711203e+00   7.943040727986616645e+00   1.136961442969500052e-01   2.655951102522173368e+00
3.525264359523615498e-01   9.146745377976231994e-01   1.827619819493287556e+00   8.101506206808640087e+00   7.896030210767417401e+00   1.129017881920420657e-01   2.661353671958395672e+00
3.544677480856123220e-01   9.029065544101513296e-01   1.794329499181733567e+00   8.055547349535808976e+00   7.848823297635115992e+00   1.120850657605755585e-01   2.666700567803077071e+00
3.564090602188630941e-01   8.913545911374285424e-01   1.761828768356556107e+00   8.009191023508169138e+00   7.802382580972900605e+00   1.112914635849201334e-01   2.671992722270772447e+00
3.583503723521138662e-01   8.800137438798855127e-01   1.730095325772272430e+00   7.962249304584348764e+00   7.757636634120292030e+00   1.105232592218895332e-01   2.677231961204196597e+00
3.602916844853646383e-01   8.688792352204472991e-01   1.699107584487677070e+00   7.916588302826318646e+00   7.712765764926253986e+00   1.097542529665521266e-01   2.682420015222898968e+00
3.622329966186154104e-01   8.579464108357797159e-01   1.668844646572170465e+00   7.872954356071826254e+00   7.667648208188058589e+00   1.089738835046222959e-01   2.687557577945387965e+00
3.641743087518661826e-01   8.472107362904354178e-01   1.639286278774356065e+00   7.828907302855903083e+00   7.624289930117490677e+00   1.082157066774033505e-01   2.692646475427713071e+00
3.661156208851169547e-01   8.366677934203607947e-01   1.610412889171001449e+00   7.784269581220371492e+00   7.581705324803084345e+00   1.074818625807654748e-01   2.697688580838350170e+00
3.680569330183677268e-01   8.263132770788388370e-01   1.582205504687553166e+00   7.741493775400267729e+00   7.538963124435017704e+00   1.067382214663235296e-01   2.702684713700594710e+00
3.699982451516184989e-01   8.161429919356352203e-01   1.554645749502854946e+00   7.699979505489769949e+00   7.495947433586541031e+00   1.059928784685412045e-01   2.707635842432764672e+00
3.719395572848692710e-01   8.061528496923527909e-01   1.527715824279003876e+00   7.658034951093749321e+00   7.455404881735931966e+00   1.052688914115252339e-01   2.712543822365709456e+00
3.738808694181200432e-01   7.963388658724853686e-01   1.501398486176376501e+00   7.615492765044978185e+00   7.414795310726658428e+00   1.045682650409270054e-01   2.717410439167684988e+00
3.758221815513708153e-01   7.866971568038252371e-01   1.475677029636999871e+00   7.575302504058557318e+00   7.373995427720714702e+00   1.038502629277633510e-01   2.722235379344155159e+00
3.777634936846215874e-01   7.772239371136038244e-01   1.450535267896208014e+00   7.535943449301291786e+00   7.333539235851041838e+00   1.031355851251332667e-01   2.727020164318490814e+00
3.797048058178723595e-01   7.679155169722662322e-01   1.425957515179307356e+00   7.496163424182991974e+00   7.295007635223157649e+00   1.024411386890169695e-01   2.731768284972558636e+00
3.816461179511231316e-01   7.587682991785412723e-01   1.401928569582681527e+00   7.455807600531318080e+00   7.256366059304135696e+00   1.017687606537043404e-01   2.736477992114314528e+00
3.835874300843739038e-01   7.497787770035984067e-01   1.378433696577857859e+00   7.417824051903937566e+00   7.217520589302544920e+00   1.010779942685688521e-01   2.741151906716644771e+00
3.855287422176246759e-01   7.409435315969403746e-01   1.355458613146640401e+00   7.380449311519483580e+00   7.179469601531961231e+00   1.003927403769940968e-01   2.746268187868447175e+00
3.874700543508754480e-01   7.322592292263153668e-01   1.332989472491378891e+00   7.342662434467027488e+00   7.142769036157643470e+00   9.972666396715089421e-02   2.751171897266408539e+00
3.894113664841262201e-01   7.237226194215510278e-01   1.311012849315771556e+00   7.304321061034340090e+00   7.105939415313454965e+00   9.908143595745326493e-02   2.755580407282567368e+00
3.913526786173769922e-01   7.153305326467034320e-01   1.289515725644651223e+00   7.268279387872033759e+00   7.068892771477272241e+00   9.841813921466960324e-02   2.760032296924674888e+00
3.932939907506277644e-01   7.070798777399431856e-01   1.268485477167739406e+00   7.232929606739797457e+00   7.032999063459587141e+00   9.775843485066841587e-02   2.765294936368260625e+00
3.952353028838785365e-01   6.989676403339899480e-01   1.247909860077148325e+00   7.197197164505258371e+00   6.998122132613884716e+00   9.711664476570409932e-02   2.770062452374963957e+00
2.049867138253022025e-01   3.151171034667299864e+00   1.066811558368824109e+01   1.467540288210620680e+01   1.436508221250374184e+01   2.147246695700285590e-01   1.944041543850260290e+00
2.069280259585530024e-01   3.088786873702815683e+00   1.036527072022700047e+01   1.453327245086594566e+01   1.422501991800274013e+01   2.125320972372450323e-01   1.959826640816501708e+00
2.088693380918038023e-01   3.027994128548130437e+00   1.007282311242458661e+01   1.439104308048291614e+01   1.408560170163273106e+01   2.104082457132440687e-01   1.975338541543514959e+00
2.108106502250546022e-01   2.968737804167630667e+00   9.790344812727516555e+00   1.424805320378649753e+01   1.394640007312276708e+01   2.083609431903772624e-01   1.990594946724149938e+00
2.127519623583054020e-01   2.910941650533459324e+00   9.517386152791246445e+00   1.411128361520700736e+01   1.381019188078035498e+01   2.062846818128215298e-01   2.005640120973184004e+00
2.146932744915562019e-01   2.854560975348817919e+00   9.253578065322994206e+00   1.397637983958333940e+01   1.367763070586266494e+01   2.042417999591171207e-01   2.020480010915547631e+00
2.166345866248070018e-01   2.799575158281641052e+00   8.998609469628739532e+00   1.384158848957576105e+01   1.354596380687450718e+01   2.022582278320171900e-01   2.035092552330702187e+00
2.185758987580578017e-01   2.745953066717561786e+00   8.752157426779495708e+00   1.370651518008251202e+01   1.341487815237848125e+01   2.003392569621063601e-01   2.049471249693398001e+00
2.205172108913086015e-01   2.693647698356585352e+00   8.513880103804403632e+00   1.357977236807643528e+01   1.328838029194797166e+01   1.983573527851511809e-01   2.063630660923916338e+00
2.224585230245594014e-01   2.642615547374703056e+00   8.283455920702987640e+00   1.345346480462012728e+01   1.316392285587195587e+01   1.964263916955569789e-01   2.077581733968688837e+00
2.243998351578102013e-01   2.592824735573572070e+00   8.060596926568180720e+00   1.332696030101350715e+01   1.303997690335093651e+01   1.945548479930858110e-01   2.091321923291598495e+00
2.263411472910610012e-01   2.544245474536182883e+00   7.845028232211687325e+00   1.320154194264046055e+01   1.291668262884570240e+01   1.927233565284044714e-01   2.104847955095233925e+00
2.282824594243118010e-01   2.496843096455677369e+00   7.636474837204882959e+00   1.308184586576343555e+01   1.279851541807102677e+01   1.908632101368949729e-01   2.118164137121147039e+00
2.302237715575626009e-01   2.450582056852454116e+00   7.434669958426367131e+00   1.296214341453537955e+01   1.268096735394495589e+01   1.890568541391419166e-01   2.131277121202796554e+00
2.321650836908134008e-01   2.405430737670940289e+00   7.239363584668017104e+00   1.284196113254803784e+01   1.256374426963659907e+01   1.873102334482511233e-01   2.144189078153334815e+00
2.341063958240642007e-01   2.361360048186384120e+00   7.050318731160981400e+00   1.272547832983535621e+01   1.244910705537622597e+01   1.855615943842431337e-01   2.156901170211447560e+00
2.360477079573150005e-01   2.318340415564648538e+00   6.867305328796892816e+00   1.261273004557884647e+01   1.233758075575589430e+01   1.838095643993664097e-01   2.169415514706006132e+00
2.379890200905658004e-01   2.276342027675013924e+00   6.690100673488741378e+00   1.249990155186364404e+01   1.222653005788987812e+01   1.821087964757312772e-01   2.181736414086990372e+00
2.399303322238166003e-01   2.235336515276912905e+00   6.518492296375320905e+00   1.238641508982020945e+01   1.211555628022858500e+01   1.804667855119781172e-01   2.193866816598678771e+00
2.418716443570674002e-01   2.195297038360877195e+00   6.352277586747615779e+00   1.227892688562095636e+01   1.200947602479136123e+01   1.787857407092834083e-01   2.205808935582922015e+00
2.438129564903182001e-01   2.156197341169331594e+00   6.191261640794794019e+00   1.217220461663154651e+01   1.190423590584140889e+01   1.771410692704920298e-01   2.217565583072600433e+00
2.457542686235689999e-01   2.118011548912704711e+00   6.035256668823268278e+00   1.206503147039251900e+01   1.179919364771824597e+01   1.755496083131060647e-01   2.229139725233990621e+00
2.476955807568197998e-01   2.080714620766684675e+00   5.884082581028883041e+00   1.195903428628583143e+01   1.169593423490560902e+01   1.739868429972451502e-01   2.240534455786827639e+00
2.496368928900705997e-01   2.044282479492721905e+00   5.737566895308388482e+00   1.185823417992097895e+01   1.159587942182884746e+01   1.723934987684941078e-01   2.251752282012906115e+00
2.515782050233213996e-01   2.008691752579466083e+00   5.595543963993653058e+00   1.175729783360449510e+01   1.149614149168679234e+01   1.708463782246172069e-01   2.262796282875863429e+00
2.535195171565721717e-01   1.973919647281377365e+00   5.457854510565164574e+00   1.165574808409793128e+01   1.139638636015946638e+01   1.693516051513174192e-01   2.273669216995613862e+00
2.554608292898229438e-01   1.939944044769390530e+00   5.324345571984852477e+00   1.155811919262163912e+01   1.130094257288939019e+01   1.678425366998977930e-01   2.284373993024969351e+00
2.574021414230737159e-01   1.906743543632842375e+00   5.194870333301212284e+00   1.146258130970188738e+01   1.120638435306831049e+01   1.663450397528680180e-01   2.294913240867856530e+00
2.593434535563244880e-01   1.874297385194381604e+00   5.069287761676441129e+00   1.136661336424001156e+01   1.111192391917450983e+01   1.648949713633283409e-01   2.305289827478204323e+00
2.612847656895752602e-01   1.842585398021697074e+00   4.947462298188887608e+00   1.127053252064029643e+01   1.101909836793563535e+01   1.634869864975126152e-01   2.315506629894185764e+00
2.632260778228260323e-01   1.811588003821270831e+00   4.829263671950284831e+00   1.118020976420514678e+01   1.092913651130840158e+01   1.620352428110337084e-01   2.325566331146988741e+00
2.651673899560768044e-01   1.781286219564776729e+00   4.714566708200360168e+00   1.108969014252987151e+01   1.083934834140838532e+01   1.606254274619809130e-01   2.335471606646533527e+00
2.671087020893275765e-01   1.751661627517819397e+00   4.603251089653280559e+00   1.099855496820475942e+01   1.074943308406083098e+01   1.592628879504281725e-01   2.345225376249578275e+00
2.690500142225783486e-01   1.722696347316400534e+00   4.495201132899226515e+00   1.091010846895166253e+01   1.066372001717979856e+01   1.578991035899326989e-01   2.354830218733552805e+00
2.709913263558291208e-01   1.694373024410992912e+00   4.390305602328505863e+00   1.082434767439999312e+01   1.057852540849996181e+01   1.565334997893916003e-01   2.364288971554840302e+00
2.729326384890798929e-01   1.666674818722754248e+00   4.288457531352335650e+00   1.073814925730603420e+01   1.049332420083792350e+01   1.552106213823373770e-01   2.373604031759734667e+00
2.748739506223306650e-01   1.639585386591875249e+00   4.189554038111156231e+00   1.065111276422838849e+01   1.040990649799185164e+01   1.539355955462606285e-01   2.382778256806094674e+00
2.768152627555814371e-01   1.613088862202289420e+00   4.093496149480877477e+00   1.056998972987784846e+01   1.032881528166603324e+01   1.526102582335177871e-01   2.391814122583547420e+00
2.787565748888322092e-01   1.587169843524520729e+00   4.000188639493338805e+00   1.048862534202940289e+01   1.024778238800227825e+01   1.513229609951369792e-01   2.400714301391451144e+00
2.806978870220829814e-01   1.561813379528871337e+00   3.909539874997997266e+00   1.040664733932475805e+01   1.016667059381159888e+01   1.500784381946982105e-01   2.409481487924832077e+00
2.826391991553337535e-01   1.537004954539156643e+00   3.821461665180298173e+00   1.032652331962177605e+01   1.008959315069159324e+01   1.488405058475626153e-01   2.418118136378429206e+00
2.845805112885845256e-01   1.512730474910654266e+00   3.735869117654407212e+00   1.024938855530114701e+01   1.001265986151611820e+01   1.475922653091580050e-01   2.426626756743127444e+00
2.865218234218352977e-01   1.488976254852104830e+00   3.652680502425592390e+00   1.017180670747022297e+01   9.935627646379852962e+00   1.463826729777113755e-01   2.435009924625008981e+00
2.884631355550860699e-01   1.465729004794752655e+00   3.571817121937192141e+00   1.009338995694271723e+01   9.860617374538943380e+00   1.452167221367043348e-01   2.443270026420829577e+00
2.904044476883368420e-01   1.442975817970705066e+00   3.493203186252995085e+00   1.001986885693126439e+01   9.787360388253596000e+00   1.440114475123617788e-01   2.451409340056734720e+00
2.923457598215876141e-01   1.420704158794137584e+00   3.416765693714225449e+00   9.946608408822335434e+00   9.714070890791743906e+00   1.428330241224754216e-01   2.459430714308430410e+00
2.942870719548383862e-01   1.398901850526158563e+00   3.342434317204939997e+00   9.872750562841535071e+00   9.641023298778836903e+00   1.416932233445926670e-01   2.467336045115781751e+00
2.962283840880891583e-01   1.377557064628604389e+00   3.270141295457203334e+00   9.800012901365303009e+00   9.571368296665236031e+00   1.405668623596085243e-01   2.475127886762697127e+00
2.981696962213399305e-01   1.356658309448562250e+00   3.199821329010609450e+00   9.730543281225115138e+00   9.501764110691302889e+00   1.394226684203961064e-01   2.482808714986176835e+00
3.001110083545907026e-01   1.336194419547496182e+00   3.131411480766184141e+00   9.660632038043592829e+00   9.431992036891148956e+00   1.383133540627113356e-01   2.490381005385034374e+00
3.020523204878414747e-01   1.316154545582207902e+00   3.064851080946408235e+00   9.589942024046532509e+00   9.364428937428835198e+00   1.372432223554620467e-01   2.497846575884897113e+00
3.039936326210922468e-01   1.296528144274361694e+00   3.000081636267021956e+00   9.523055892458293314e+00   9.298134634162360967e+00   1.361462285757596702e-01   2.505207924586850154e+00
3.059349447543430189e-01   1.277304968874204860e+00   2.937046743030779172e+00   9.457028531785883985e+00   9.231742254882021825e+00   1.350640917050290601e-01   2.512467542724991620e+00
3.078762568875937911e-01   1.258475059978422905e+00   2.875692004018374881e+00   9.390438389936653252e+00   9.165807636888718690e+00   1.340166462651071755e-01   2.519626653212514000e+00
3.098175690208445632e-01   1.240028736281374222e+00   2.815964949045563159e+00   9.324140564326432568e+00   9.102762601750098881e+00   1.329912100452072810e-01   2.526688585149994282e+00
3.117588811540953353e-01   1.221956586443752713e+00   2.757814958926237736e+00   9.261531289803505373e+00   9.039702054687406729e+00   1.319389362522661313e-01   2.533655096082424674e+00
3.137001932873461074e-01   1.204249460019923390e+00   2.701193192772951779e+00   9.198506154290472026e+00   8.976431096072802873e+00   1.309179381761052252e-01   2.540527605851068849e+00
3.156415054205968795e-01   1.186898460073393835e+00   2.646052518408374521e+00   9.134775592154216639e+00   8.915398269952257593e+00   1.299318683967246035e-01   2.547309332576918273e+00
1.173269324352037984e-01   8.328589985664848427e+00   4.510741726842014998e+01   2.252410003220369106e+01   2.207016289248664975e+01   3.697634965995133527e-01   1.011381405718609239e+00
1.188398155348440594e-01   8.212104653786354902e+00   4.412096181265292927e+01   2.248630785127794240e+01   2.203514899034159669e+01   3.652046706867283499e-01   1.031063285488498016e+00
1.203526986344843203e-01   8.090579255382635893e+00   4.310487777342839166e+01   2.241565576953081163e+01   2.196751545989629761e+01   3.609343103127061747e-01   1.050361704602319035e+00
1.218655817341245812e-01   7.966168694971884179e+00   4.207758565325620737e+01   2.232364607944280976e+01   2.187834792186588828e+01   3.568489066088399997e-01   1.069413181073864294e+00
1.233784648337648421e-01   7.840205240369414241e+00   4.105029427560548072e+01   2.221509191046426679e+01   2.177198405378769053e+01   3.529224759442178838e-01   1.088305713374193129e+00
1.248913479334051030e-01   7.713582360713644448e+00   4.003023776824222324e+01   2.209346476565152884e+01   2.165338232368143778e+01   3.491341191855913961e-01   1.107088955379105455e+00
1.259719787188624263e-01   7.623093966766646190e+00   3.930881438742702016e+01   2.200043917666793902e+01   2.156329410801647839e+01   3.464973542369619297e-01   1.120451060819327216e+00
1.270526095043197634e-01   7.532774090442217130e+00   3.859487766530128994e+01   2.190328427394549138e+01   2.146890367441455538e+01   3.439107120297316134e-01   1.133773297607003405e+00
1.281332402897771006e-01   7.442765764387559102e+00   3.788942307308967372e+01   2.180268053166116360e+01   2.137091131880125161e+01   3.413692987694522119e-01   1.147059688645339248e+00
1.292138710752344377e-01   7.353186255165155671e+00   3.719322232978419152e+01   2.169957165856001424e+01   2.126988786631916994e+01   3.388631983555528970e-01   1.160312556643644522e+00
1.302945018606917749e-01   7.264132596225408633e+00   3.650687130919068579e+01   2.159393846572137221e+01   2.116630574627470196e+01   3.363968369066454023e-01   1.173533514935819033e+00
1.310663809931612855e-01   7.200890101959885214e+00   3.602290836483195591e+01   2.151707829357822632e+01   2.109097371839953894e+01   3.346592880181595842e-01   1.182957886463430031e+00
1.318382601256307962e-01   7.137982607680214642e+00   3.554433597539500056e+01   2.143919313048868958e+01   2.101466394556057082e+01   3.329408231100490778e-01   1.192366045877188085e+00
1.326101392581003069e-01   7.075432323773839904e+00   3.507125923326501038e+01   2.136039656420166466e+01   2.093748737478979649e+01   3.312406819090477628e-01   1.201757875078779181e+00
1.333820183905698176e-01   7.013258831661915771e+00   3.460376156087161803e+01   2.128078886268699321e+01   2.085954315600161735e+01   3.295582168929237499e-01   1.211133217458146394e+00
1.341538975230393282e-01   6.951479394632769093e+00   3.414190756293957918e+01   2.120045870160021906e+01   2.078092013227574597e+01   3.278928768700683505e-01   1.220491671543226131e+00
1.347052397605175700e-01   6.907600983051680466e+00   3.381549445145257238e+01   2.114276388441210486e+01   2.072438975557186325e+01   3.267122983927582824e-01   1.227165639705926292e+00
1.352565819979958117e-01   6.863936381372012896e+00   3.349199867049921409e+01   2.108498144380424577e+01   2.066758044381374759e+01   3.255367522928961366e-01   1.233830638703347526e+00
1.358079242354740535e-01   6.820490115265101849e+00   3.317142984425881735e+01   2.102696305704333568e+01   2.061051679666362091e+01   3.243687686501386946e-01   1.240486404402246556e+00
1.363592664729522952e-01   6.777266306423598508e+00   3.285379451302101472e+01   2.096873065017368276e+01   2.055322163371225841e+01   3.232082294102748832e-01   1.247132768479441767e+00
1.363592664729522952e-01   6.777266306436104060e+00   3.285379451301042053e+01   2.096873065110848344e+01   2.055322163455211282e+01   3.232082293964624320e-01   1.247132779269664704e+00
1.369106087104305369e-01   6.734268702140298046e+00   3.253909640613755272e+01   2.091030452445633614e+01   2.049571612587807934e+01   3.220550276665752332e-01   1.253769435641481245e+00
1.374619509479087787e-01   6.691500703283054463e+00   3.222733668907165594e+01   2.085170345304600303e+01   2.043801989878665282e+01   3.209090671345397605e-01   1.260396211803870958e+00
1.380132931853870204e-01   6.648965388480520211e+00   3.191851418674070828e+01   2.079294478277458680e+01   2.038015113921014887e+01   3.197702614008139377e-01   1.267013092322282208e+00
1.385646354228652621e-01   6.606665537311073422e+00   3.161262558655511157e+01   2.073404450877420402e+01   2.032212667578183130e+01   3.186385335729010615e-01   1.273619626477123123e+00
1.389584513067782801e-01   6.576596914751007716e+00   3.139592715139644952e+01   2.069189438956712834e+01   2.028059396364116651e+01   3.178344520290483088e-01   1.278332223771748266e+00
1.393522671906912980e-01   6.546650537602999975e+00   3.118072047232881516e+01   2.064968453592103614e+01   2.023899505207838345e+01   3.170339249597161069e-01   1.283039369779084060e+00
1.397460830746043159e-01   6.516827170942633529e+00   3.096700263076172988e+01   2.060741961846346371e+01   2.019733491834945482e+01   3.162369326969886596e-01   1.287740984850403114e+00
1.401398989585173338e-01   6.487127519176738133e+00   3.075477029993801992e+01   2.056510400816169337e+01   2.015561824327886598e+01   3.154434578401444367e-01   1.292437072075500071e+00
1.405337148424303517e-01   6.457552228522217774e+00   3.054401977067491103e+01   2.052274178376366720e+01   2.011384941977793517e+01   3.146534852195546628e-01   1.297127459437182662e+00
1.408150119023682256e-01   6.436503490078848699e+00   3.039438866407344619e+01   2.049245662566879034e+01   2.008404671731686619e+01   3.140913560366648816e-01   1.300474239181995673e+00
1.410963089623060995e-01   6.415518702934831730e+00   3.024550992211824507e+01   2.046215092142240266e+01   2.005435306926627348e+01   3.135310030490609523e-01   1.303818171112409940e+00
1.413776060222439734e-01   6.394598053222352974e+00   3.009738187327413783e+01   2.043182589446517383e+01   2.002464503027318088e+01   3.129724228393410690e-01   1.307159081698265668e+00
1.416589030821818473e-01   6.373741713822255406e+00   2.995000276649312454e+01   2.040148269749994014e+01   1.999492403645379923e+01   3.124156125477739465e-01   1.310496901883779541e+00
1.419402001421197212e-01   6.352949846209867246e+00   2.980337077492237441e+01   2.037112241338664731e+01   1.996519146264474287e+01   3.118605699426311162e-01   1.313831665762529743e+00
1.421411266135039209e-01   6.338138067901354589e+00   2.969909000634299190e+01   2.034942659907321172e+01   1.994394755082704762e+01   3.114651922521500804e-01   1.316211754821102531e+00
1.423420530848881205e-01   6.323359310871637717e+00   2.959518873773885517e+01   2.032772293375219874e+01   1.992269886352647390e+01   3.110707151745125687e-01   1.318590463917359790e+00
1.425429795562723201e-01   6.308613622722077707e+00   2.949166623809149357e+01   2.030601174800894881e+01   1.990144584623061164e+01   3.106771384262915214e-01   1.320967293319417424e+00
1.427439060276565197e-01   6.293901049234592371e+00   2.938852175960585456e+01   2.028429335493843411e+01   1.988018892943520299e+01   3.102844619283852690e-01   1.323342743292396317e+00
1.429448324990407193e-01   6.279221632886446969e+00   2.928575453842075760e+01   2.026256805032754116e+01   1.985892852888349225e+01   3.098926857291884329e-01   1.325716506304544406e+00
1.430883514071722984e-01   6.268756657871562332e+00   2.921257992308853346e+01   2.024704589906429675e+01   1.984374061838231995e+01   3.096133968936806702e-01   1.327411158217846054e+00
1.432318703153038775e-01   6.258308633919114072e+00   2.913959709980010615e+01   2.023152046020942763e+01   1.982855127714508470e+01   3.093345676232151509e-01   1.329104805235567399e+00
1.433753892234354566e-01   6.247877574149470092e+00   2.906680577595822257e+01   2.021599182554052732e+01   1.981336064316599987e+01   3.090561980865075276e-01   1.330797772791974865e+00
1.435189081315670356e-01   6.237463491168000473e+00   2.899420565520870596e+01   2.020046008243794589e+01   1.979816885076562016e+01   3.087782885000120436e-01   1.332489843651340822e+00
1.126914586179060401e-01   8.520660682947891473e+00   4.676048665761347678e+01   2.181814563722413780e+01   2.136009679063988287e+01   3.905309289168330533e-01   9.348442297654188105e-01
1.127882831362830157e-01   8.542102180497522568e+00   4.695071747203128609e+01   2.195632179428487163e+01   2.149786494389885760e+01   3.890497807661478236e-01   9.394032016294825427e-01
1.143011662359232766e-01   8.525258280351863505e+00   4.680419863238855527e+01   2.240996536464117028e+01   2.195204892678814801e+01   3.804226441957452853e-01   9.689825398147153823e-01
1.158140493355635375e-01   8.436088596972467712e+00   4.602947795739682135e+01   2.251309184039800471e+01   2.205699845247478663e+01   3.747192370012260021e-01   9.909794086083889564e-01
1.173269324352037984e-01   8.328589985640064697e+00   4.510741726845095911e+01   2.252410003224118640e+01   2.207016289251946972e+01   3.697634965977975030e-01   1.011381396274002809e+00
1.126759666949657263e-01   8.509998430558425753e+00   4.666585474142740964e+01   2.175972198539366786e+01   2.130266408352003893e+01   3.910894834166910861e-01   9.332296124774523971e-01
1.126914586179060401e-01   8.520660683039295691e+00   4.676048665756693623e+01   2.181814563725928480e+01   2.136009679066702915e+01   3.905309289203933165e-01   9.348442343842560120e-01
1.127882831362830157e-01   8.542102180329493422e+00   4.695071747204899992e+01   2.195632179438761966e+01   2.149786494398750847e+01   3.890497807566742905e-01   9.394031674280649558e-01
1.126734879872952760e-01   8.505933847687629168e+00   4.662977772972969603e+01   2.173883698253123598e+01   2.128212617114230909e+01   3.912782387817148044e-01   9.326814560571144996e-01
1.126759666949657263e-01   8.509998430668247238e+00   4.666585474201964701e+01   2.175972198506061872e+01   2.130266408329614691e+01   3.910894834277240384e-01   9.332296418805151594e-01
1.126914586179060401e-01   8.520660683030428117e+00   4.676048665767072521e+01   2.181814563720744005e+01   2.136009679063155176e+01   3.905309289209148993e-01   9.348442104192731250e-01
