# freq   mass   ang   radius99   radius95   compactness   kappa
2.778584927988331232e-01   2.301864716311115444e+00   4.690161143865916316e+00   5.358082341566827722e+00   5.170761800742648795e+00   4.296060735113668705e-01   9.692054765658393300e-01
2.778569725634748577e-01   2.303694805147301850e+00   4.696747491165662147e+00   5.366481130501609798e+00   5.178922590272537541e+00   4.292747424478455809e-01   9.694196636002835321e-01
2.778597753485530508e-01   2.304890008006054813e+00   4.701048916939211786e+00   5.371879992908113799e+00   5.184494113682314165e+00   4.290658039734582263e-01   9.695680665766606143e-01
2.778625781336312439e-01   2.305524907145013458e+00   4.703333836022697945e+00   5.374722693542190122e+00   5.187507857949789525e+00   4.289569971517109281e-01   9.696495285596661295e-01
2.778695850963266989e-01   2.306606073951343205e+00   4.707224747060616998e+00   5.379718524801519131e+00   5.192635840527791480e+00   4.287596206599756377e-01   9.697931037951480482e-01
2.781432945766180165e-01   2.317082906699056366e+00   4.744914771315158930e+00   5.435134473832867741e+00   5.248430839957201499e+00   4.263156537992784378e-01   9.716435988741214391e-01
2.798539788284385987e-01   2.327330195965487292e+00   4.781688698018013106e+00   5.532690661307192670e+00   5.347005606561404889e+00   4.206506993498920211e-01   9.768429688552944246e-01
2.815646630802591810e-01   2.325849436865723874e+00   4.776422384627935891e+00   5.578255099206120171e+00   5.393162406634136374e+00   4.169492781347937105e-01   9.808373632917216645e-01
2.832753473320797633e-01   2.320760300967890544e+00   4.758406729402212321e+00   5.607922392337473028e+00   5.423383229132327621e+00   4.138360231480592843e-01   9.845317815682506080e-01
2.849860315839003455e-01   2.313698955410700364e+00   4.733556688444025440e+00   5.628503481865140046e+00   5.444608773102523003e+00   4.110682285025433758e-01   9.880945901225427486e-01
2.866967158357209278e-01   2.305355056022108329e+00   4.704367622214971512e+00   5.644130098748847857e+00   5.460261907014080762e+00   4.084517925150491502e-01   9.915921257080823059e-01
2.884074000875415100e-01   2.296100241373778772e+00   4.672183918856807061e+00   5.655273183757449473e+00   5.471471589524174561e+00   4.060104908757413700e-01   9.950570792155670752e-01
2.901180843393620923e-01   2.286163473730084661e+00   4.637832702310044297e+00   5.663227601604750028e+00   5.479755569938987492e+00   4.036856073173308856e-01   9.985081464845284582e-01
2.918287685911826745e-01   2.275698418920455879e+00   4.601867660863439013e+00   5.668729065907904818e+00   5.485473494590186405e+00   4.014477306044930138e-01   1.001957494590876019e+00
2.935394528430032568e-01   2.264814548706794994e+00   4.564681742576816248e+00   5.672189693412993172e+00   5.489048290620957005e+00   3.992839928003256711e-01   1.005412494184992012e+00
2.952501370948238391e-01   2.253593357133809150e+00   4.526565991225994345e+00   5.673818138378443621e+00   5.490826529373221021e+00   3.971916797773638041e-01   1.008877931555054897e+00
7.930592543746227685e-01   5.654710698737517305e-01   5.637808706218075949e-01   6.257295681245885532e+00   5.039270187439053750e+00   9.036988160373479739e-02   3.071191463528779586e+00
7.947699386264434063e-01   5.648048455597063366e-01   5.629417242988233872e-01   6.291985183961867456e+00   5.064493282352215964e+00   8.976576216348720882e-02   3.097000530176001742e+00
7.964806228782640440e-01   5.641709756589534663e-01   5.621450472589542002e-01   6.325765353497904364e+00   5.089357082249123643e+00   8.918620026697460235e-02   3.123438879961632164e+00
7.981913071300846818e-01   5.635698578286110205e-01   5.613911558701741855e-01   6.360402881411421738e+00   5.115456164235650860e+00   8.860600001859482433e-02   3.150527980349584478e+00
7.999019913819053196e-01   5.630019036509565922e-01   5.606803819890970875e-01   6.396450518417817754e+00   5.141730172885519146e+00   8.801786272399976518e-02   3.178290335130298683e+00
8.016126756337259573e-01   5.624675389484536936e-01   5.600130731870233136e-01   6.431532428151725433e+00   5.168712813870421030e+00   8.745466888831250618e-02   3.206753556190575338e+00
8.033233598855465951e-01   5.619672041302692378e-01   5.593895929631238495e-01   6.469543586185109163e+00   5.196433223097582932e+00   8.686350074683460432e-02   3.235944125288044315e+00
8.050340441373672329e-01   5.615013544661451306e-01   5.588103209472419231e-01   6.506968507056400952e+00   5.224412699561384876e+00   8.629231167435834349e-02   3.265885617984507050e+00
8.067447283891878707e-01   5.610704602149780840e-01   5.582756530837178488e-01   6.545247935899060288e+00   5.253636743939484433e+00   8.572180392703626639e-02   3.296608370168391033e+00
8.084554126410085084e-01   5.606750071750639108e-01   5.577860017984609398e-01   6.585115004583904863e+00   5.282740587902735818e+00   8.514278137660125090e-02   3.328147017678687813e+00
8.101660968928291462e-01   5.603154964920804559e-01   5.573417961406312848e-01   6.623851292542942915e+00   5.313501694605032633e+00   8.459059114489440867e-02   3.360523509481238680e+00
8.118767811446497840e-01   5.599924452816367193e-01   5.569434818994251080e-01   6.666224062076092416e+00   5.343854537844821451e+00   8.400444390512067094e-02   3.393782051153973800e+00
8.135874653964704217e-01   5.597063864960318824e-01   5.565915216873285054e-01   6.707468403135049329e+00   5.376208721039762217e+00   8.344525130143391756e-02   3.427951111125203454e+00
8.152981496482910595e-01   5.594578692926006624e-01   5.562863949874996550e-01   6.750538928755068113e+00   5.408001948719458163e+00   8.287603037284842211e-02   3.463069608090444174e+00
8.170088339001116973e-01   5.592474590024494319e-01   5.560285981571527758e-01   6.794385851323658798e+00   5.441941359692602731e+00   8.231022953951000476e-02   3.499173487958807449e+00
8.187195181519323350e-01   5.590757371688823696e-01   5.558186443825083867e-01   6.838288141841840861e+00   5.475306205023761308e+00   8.175668026447033276e-02   3.536304569036059053e+00
8.204302024037529728e-01   5.589433018282079502e-01   5.556570635773815381e-01   6.884922938078668508e+00   5.510894137109906055e+00   8.118366855449346553e-02   3.574500581189172355e+00
8.221408866555736106e-01   5.588507673570575207e-01   5.555444022159731210e-01   6.930103182692618269e+00   5.545918192619165410e+00   8.064104568496799352e-02   3.613813601267682696e+00
8.238515709073942483e-01   5.587987643084488809e-01   5.554812230923977801e-01   6.979347848935351983e+00   5.583269120493365101e+00   8.006461010446548621e-02   3.654286369003365564e+00
8.255622551592148861e-01   5.587879392720651595e-01   5.554681049966149198e-01   7.027265282364713705e+00   5.620180359048922547e+00   7.951712605391067501e-02   3.695974289246347855e+00
8.272729394110355239e-01   5.588189546223247817e-01   5.555056422963218221e-01   7.077974548854734316e+00   5.659278412427965144e+00   7.895181746771688658e-02   3.738912661297032702e+00
8.289836236628561617e-01   5.588924884733614817e-01   5.555944444087103085e-01   7.128810165269777954e+00   5.698276397237442836e+00   7.839912629405963729e-02   3.783175052436614116e+00
8.306943079146767994e-01   5.590092339404009181e-01   5.557351351547575868e-01   7.181177484156526347e+00   5.739137235032398365e+00   7.784367329365067534e-02   3.828816342467827205e+00
8.324049921664974372e-01   5.591698983500918985e-01   5.559283519742455049e-01   7.235008592127813998e+00   5.780414121482784218e+00   7.728669444270006017e-02   3.875884905728309793e+00
8.341156764183180750e-01   5.593752034457111222e-01   5.561747449896143891e-01   7.289272625657407190e+00   5.823078644279292782e+00   7.673950916265283306e-02   3.924457988544811204e+00
8.358263606701387127e-01   5.596258834610807753e-01   5.564749758978425609e-01   7.346287703990438622e+00   5.866850236459070445e+00   7.617805155617536628e-02   3.974595314517768596e+00
8.375370449219593505e-01   5.599226847044747046e-01   5.568297166693964018e-01   7.402742991777063963e+00   5.911324250736003982e+00   7.563719087997981816e-02   4.026370146889516555e+00
8.392477291737799883e-01   5.602663646640166917e-01   5.572396480341272884e-01   7.463005317065634081e+00   5.957816350858242238e+00   7.507248633239710367e-02   4.079864893295421346e+00
8.409584134256006260e-01   5.606576897223476408e-01   5.577054577265259105e-01   7.521916443485149095e+00   6.004234597059234346e+00   7.453654848930715837e-02   4.135151937452299364e+00
8.426690976774212638e-01   5.610974342567942585e-01   5.582278384663826865e-01   7.585616615429383813e+00   6.053569433495601615e+00   7.396859908731800992e-02   4.192318615273369353e+00
8.443797819292419016e-01   5.615863783913255247e-01   5.588074856417295511e-01   7.647380927753422597e+00   6.103096757953773377e+00   7.343512552817259287e-02   4.251461843272129393e+00
8.460904661810625393e-01   5.621253057453259316e-01   5.594450946649986989e-01   7.714559109646510926e+00   6.154367328507621693e+00   7.286551282527967133e-02   4.312663794897893865e+00
8.478011504328831771e-01   5.627150010980130901e-01   5.601413579651846053e-01   7.779489124691715496e+00   6.207271236810496085e+00   7.233315608244549055e-02   4.376031332068407664e+00
8.495118346847038149e-01   5.633562474212112647e-01   5.608969615790673213e-01   7.850330311253759241e+00   6.260457325732612155e+00   7.176210746363344273e-02   4.441673653966313751e+00
8.512225189365244526e-01   5.640498221357574948e-01   5.617125812985008793e-01   7.918921419764329173e+00   6.317016013400120755e+00   7.122811204161991205e-02   4.509697517535984801e+00
8.529332031883450904e-01   5.647964941457530585e-01   5.625888783324020093e-01   7.993431157710663371e+00   6.373995557325498496e+00   7.065757907990941056e-02   4.580227294636947555e+00
8.546438874401657282e-01   5.655970189794743419e-01   5.635264944311484392e-01   8.066071704165469924e+00   6.432601505661919461e+00   7.012050471698502707e-02   4.653395394819487940e+00
8.563545716919863660e-01   5.664521339393786548e-01   5.645260464258597954e-01   8.144418988763908018e+00   6.493737678172044170e+00   6.955095688481395533e-02   4.729329583917055935e+00
8.580652559438070037e-01   5.673625530350818735e-01   5.655881201286008242e-01   8.221688284999173035e+00   6.555501071772425803e+00   6.900803501274299645e-02   4.808168453184431534e+00
8.597759401956276415e-01   5.683289609814892174e-01   5.667132635298313126e-01   8.303830256314574498e+00   6.619902920554472381e+00   6.844178450653040646e-02   4.890075578805780587e+00
8.614866244474482793e-01   5.693520059645607034e-01   5.679019792416354351e-01   8.386227103659933846e+00   6.686385411601206030e+00   6.789131738586985654e-02   4.975211660591947194e+00
8.631973086992689170e-01   5.704322925467977257e-01   5.691547161158716506e-01   8.472303740843805997e+00   6.753747412063128230e+00   6.732906538711808109e-02   5.063749648995424124e+00
8.644192260219979440e-01   5.712392799729286708e-01   5.700889413076555279e-01   8.533914002849014580e+00   6.804379681928194756e+00   6.693754820850346399e-02   5.129169056050393749e+00
8.656411433447269710e-01   5.720759379256605826e-01   5.710561469419976888e-01   8.599560502812604312e+00   6.854442319881845158e+00   6.652385755511056042e-02   5.196488375119119318e+00
8.668630606674559980e-01   5.729424310380863972e-01   5.720564301237620608e-01   8.662839729419518520e+00   6.907520158861544246e+00   6.613794655490852492e-02   5.265776264181583066e+00
8.680849779901850249e-01   5.738389042173821508e-01   5.730898646446512812e-01   8.731122168993870503e+00   6.959667049689458374e+00   6.572338504839732309e-02   5.337118287188704180e+00
8.693068953129140519e-01   5.747654802854640366e-01   5.741564986313948404e-01   8.799170662531928144e+00   7.015249005651966741e+00   6.532041510831174125e-02   5.410590842653508759e+00
8.701796934005776585e-01   5.754458061829836879e-01   5.749387184983744126e-01   8.846210840520166485e+00   7.054099611105576706e+00   6.504997637487315576e-02   5.464420659746891396e+00
8.710524914882412650e-01   5.761415690961939617e-01   5.757378854518493405e-01   8.898993289628050363e+00   7.094792034554466831e+00   6.474233099688907200e-02   5.519409290844586202e+00
8.719252895759048716e-01   5.768527891972325961e-01   5.765539887063364510e-01   8.950610164903954669e+00   7.136036924834183282e+00   6.444843184648099688e-02   5.575599741087353678e+00
8.727980876635684782e-01   5.775794787460881707e-01   5.773870083829401034e-01   9.000779679572925573e+00   7.176519721080756753e+00   6.416993852842463320e-02   5.633018098760115500e+00
8.727980876635684782e-01   5.775794787399490815e-01   5.773870083828764876e-01   9.000779679566283775e+00   7.176519721075713676e+00   6.416993852778991869e-02   5.633016039448640377e+00
8.747393997968192503e-01   5.792512844487873735e-01   5.793003366680152810e-01   9.120940433063259078e+00   7.272204159989019701e+00   6.350784644410251145e-02   5.765314469940034492e+00
8.766807119300700224e-01   5.809994989828055623e-01   5.812966780623758378e-01   9.241959631584204971e+00   7.371008346219872998e+00   6.286540107762988994e-02   5.904278973890444426e+00
8.786220240633207945e-01   5.828237430455374124e-01   5.833752331673639491e-01   9.368713453692846471e+00   7.473086918898250275e+00   6.220958148910051000e-02   6.050362382456951238e+00
8.805633361965715666e-01   5.847233481759985807e-01   5.855348795356557501e-01   9.502061567821897370e+00   7.578619105704758496e+00   6.153647226998881087e-02   6.204028718420123489e+00
8.825046483298223388e-01   5.866973192563591510e-01   5.877741312984235966e-01   9.636887053916943557e+00   7.687809533935537232e+00   6.088037723944208363e-02   6.365793369455547079e+00
8.844459604630731109e-01   5.887442929277995063e-01   5.900910957635649989e-01   9.777610922127252024e+00   7.802023672445794311e+00   6.021351203446231870e-02   6.536212195561677873e+00
8.863872725963238830e-01   5.908624937262629828e-01   5.924834270567655992e-01   9.926727636883148520e+00   7.921324849016626146e+00   5.952238394563078711e-02   6.715883184872183165e+00
8.883285847295746551e-01   5.930496865577197241e-01   5.949482769385110448e-01   1.007810418864179525e+01   8.045006170150257319e+00   5.884536173242755491e-02   6.905443634309635925e+00
8.902698968628254272e-01   5.953031268733184334e-01   5.974822430228984294e-01   1.023336878660596483e+01   8.173328383010689535e+00   5.817274245529841653e-02   7.105588772010585252e+00
8.922112089960761994e-01   5.976195085502240545e-01   6.000813147104649969e-01   1.040123763246964828e+01   8.306530135041949592e+00   5.745657677165544319e-02   7.317072456596012131e+00
8.941525211293269715e-01   5.999949084108493480e-01   6.027408172595937197e-01   1.057232943627463229e+01   8.444872791474679730e+00   5.675143893570055997e-02   7.540694674844667489e+00
8.960938332625777436e-01   6.024247307072982949e-01   6.054553545336414100e-01   1.074636854236669237e+01   8.588645173398143484e+00   5.605844693789230337e-02   7.777334244697622800e+00
8.980351453958285157e-01   6.049036489872605671e-01   6.082187510595862268e-01   1.093245539058421301e+01   8.738107198650038043e+00   5.533099632020867242e-02   8.027936111060304469e+00
8.999764575290792878e-01   6.074255480058354806e-01   6.110239941801739461e-01   1.112686672626175088e+01   8.893602451726115632e+00   5.459088914691349187e-02   8.293514576852247799e+00
9.019177696623300600e-01   6.099834664779564264e-01   6.138631771621291255e-01   1.132560322845596446e+01   9.056883554074738996e+00   5.385880594380634823e-02   8.575178619691888215e+00
9.038590817955808321e-01   6.125695399463211288e-01   6.167274442186088113e-01   1.152842961090126117e+01   9.227131350758998707e+00   5.313555797461577690e-02   8.874119085024750220e+00
9.058003939288316042e-01   6.151749465439024789e-01   6.196069384929797641e-01   1.174961797046490197e+01   9.404428600800635252e+00   5.235701689112549212e-02   9.191631776202546789e+00
9.077417060620823763e-01   6.177898559316190585e-01   6.224907540647983684e-01   1.197747119115629566e+01   9.589192352111519213e+00   5.157932305341476203e-02   9.529119080304800704e+00
9.096830181953331484e-01   6.204033817360823377e-01   6.253668930501622425e-01   1.221089962064002776e+01   9.781767049900556898e+00   5.080734434074106465e-02   9.888098808997677125e+00
9.116243303285839206e-01   6.230035399822781983e-01   6.282222288140653088e-01   1.244920450572884008e+01   9.982596746647132591e+00   5.004364252314966871e-02   1.027022347996051543e+01
9.135656424618346927e-01   6.255772127475438538e-01   6.310424761894958268e-01   1.271119447183454021e+01   1.019207813765344817e+01   4.921466775869864918e-02   1.067728890882708725e+01
9.155069545950854648e-01   6.281101195378369084e-01   6.338121694510557846e-01   1.298054109745926965e+01   1.041068780364565427e+01   4.838859295786824416e-02   1.111125173913574393e+01
9.174482667283362369e-01   6.305867950611627748e-01   6.365146485321196979e-01   1.325704901134726299e+01   1.063888281401819924e+01   4.756615099796471929e-02   1.157424097503194815e+01
9.193895788615870091e-01   6.329905750175157664e-01   6.391320536863646096e-01   1.354025854403711726e+01   1.087717963794607989e+01   4.674878053168883552e-02   1.206857227564201196e+01
9.213308909948377812e-01   6.353035901756811654e-01   6.416453284550492908e-01   1.384861833919054064e+01   1.112610710635106948e+01   4.587487174643409271e-02   1.259680277193821141e+01
9.232722031280885533e-01   6.375067658941589999e-01   6.440342303836713578e-01   1.417012981088796408e+01   1.138623092347435062e+01   4.498947958855784024e-02   1.316171351622261376e+01
9.252135152613393254e-01   6.395798301873583114e-01   6.462773485274306839e-01   1.450061598224557891e+01   1.165816739914020239e+01   4.410708006959524613e-02   1.376636878236308803e+01
9.271548273945900975e-01   6.415013250240235720e-01   6.483521263162417281e-01   1.483882478441425334e+01   1.194254263518104331e+01   4.323127568012092442e-02   1.441414484244189431e+01
9.290961395278408697e-01   6.432486223935711678e-01   6.502348879484676214e-01   1.520338657985046638e+01   1.224008173254059528e+01   4.230956168976780091e-02   1.510876572354661818e+01
9.310374516610916418e-01   6.447979409905428838e-01   6.519008660074584460e-01   1.559002474536493921e+01   1.255148341235845599e+01   4.135964833424959214e-02   1.585435213184831227e+01
9.329787637943424139e-01   6.461243627118165023e-01   6.533242276767545764e-01   1.598839502077806607e+01   1.287761006949680365e+01   4.041208400668932360e-02   1.665550024706210763e+01
9.349200759275931860e-01   6.472018435799782310e-01   6.544780965124229466e-01   1.639683829789729685e+01   1.321924450039398202e+01   3.947113655825795764e-02   1.751731040359166158e+01
9.368613880608439581e-01   6.480032204303824983e-01   6.553345664949937754e-01   1.683011820935786318e+01   1.357742431054540866e+01   3.850259471559032420e-02   1.844551196571849161e+01
9.388027001940947303e-01   6.485002039710253685e-01   6.558647047585345335e-01   1.730144603804506431e+01   1.395302322327021116e+01   3.748242791642987515e-02   1.944652501020606650e+01
9.407440123273455024e-01   6.486633600825371104e-01   6.560385392214637124e-01   1.778692616163390028e+01   1.435046644923790105e+01   3.646854741443145143e-02   2.052759800600843576e+01
9.426853244605962745e-01   6.484620713973754391e-01   6.558250270458075848e-01   1.828390215925783835e+01   1.476975777225661624e+01   3.546628426192022232e-02   2.169693099335008313e+01
9.446266365938470466e-01   6.478644779166417011e-01   6.551919996080339814e-01   1.881173825689300472e+01   1.521164706901041441e+01   3.443937338854111130e-02   2.296387048520605489e+01
9.465679487270978187e-01   6.468373885880964735e-01   6.541060793175174082e-01   1.939333932072099032e+01   1.567771265133267278e+01   3.335358485152565416e-02   2.433908182619802929e+01
9.485092608603485909e-01   6.453461623729027652e-01   6.525325630870258964e-01   1.999465789522318815e+01   1.617010623050615692e+01   3.227592918841981628e-02   2.583483188784559914e+01
9.504505729935993630e-01   6.433545495259522795e-01   6.504352666135662098e-01   2.061045177077713220e+01   1.669084035680725364e+01   3.121496591540720567e-02   2.746529941427864330e+01
9.523918851268501351e-01   6.408244882192093428e-01   6.477763225449424400e-01   2.127171457767270368e+01   1.724258708255506178e+01   3.012566222056373144e-02   2.924694165131419865e+01
9.543331972601009072e-01   6.377158472929522759e-01   6.445159242661661070e-01   2.200899664508975917e+01   1.782794970836159365e+01   2.897523488128786462e-02   3.119901560395695483e+01
9.562745093933516793e-01   6.339861044381223110e-01   6.406120049535042327e-01   2.277060331927658510e+01   1.845029064150477538e+01   2.784230595688335155e-02   3.334418132698315418e+01
9.582158215266024515e-01   6.295899470795802699e-01   6.360198387975946055e-01   2.354716481819884066e+01   1.911304848352146024e+01   2.673739925551421939e-02   3.570929359240591339e+01
9.601571336598532236e-01   6.244787778279032864e-01   6.306915473681383721e-01   2.442439722983310091e+01   1.982051217428185907e+01   2.556782760907342841e-02   3.832643495211397067e+01
9.620984457931039957e-01   6.186001034495802742e-01   6.245754886675748407e-01   2.538717894873246195e+01   2.057737179700809094e+01   2.436663422504712490e-02   4.123426077627867414e+01
9.640397579263547678e-01   6.118967744614565163e-01   6.176154987627953119e-01   2.638867174870211230e+01   2.138918113828177425e+01   2.318785804334967324e-02   4.447976055237855064e+01
9.659810700596055399e-01   6.043060368441501851e-01   6.097499450737047244e-01   2.741474045372443058e+01   2.227686363006331760e+01   2.204310625753351516e-02   4.812064449080808970e+01
9.679223821928563121e-01   5.957583375457033981e-01   6.009105348312476780e-01   2.864470391507793678e+01   2.325342263242860241e+01   2.079820197520385050e-02   5.222859534991368946e+01
9.698636943261070842e-01   5.861758037298159252e-01   5.910207994601455184e-01   2.998533707221186262e+01   2.432008326692388778e+01   1.954874818709439327e-02   5.689377769111726479e+01
9.718050064593578563e-01   5.754702835711213993e-01   5.799941418321654663e-01   3.139573528787039791e+01   2.549108801783325617e+01   1.832956859568922806e-02   6.223116469836025999e+01
9.737463185926086284e-01   5.635407826222262884e-01   5.677312816758642855e-01   3.284644681592313020e+01   2.678618527437706476e+01   1.715682630089035779e-02   6.838975978698000802e+01
9.756876307258594005e-01   5.502700493015026950e-01   5.541168538683775013e-01   3.473197112829736000e+01   2.822851418249379307e+01   1.584332911221322110e-02   7.556615668096524985e+01
9.776289428591101727e-01   5.355199336910345664e-01   5.390147844384475251e-01   3.679424832183708816e+01   2.985195011016927680e+01   1.455444690721423989e-02   8.402521028084765931e+01
9.795702549923609448e-01   5.191249266050590450e-01   5.222618531343010684e-01   3.906693181279252514e+01   3.169773367237493034e+01   1.328809052865192845e-02   9.413242144792008048e+01
9.809569065161115597e-01   5.062969839950710593e-01   5.091759875005145153e-01   4.077339537580659368e+01   3.312686055286533815e+01   1.241733682781514733e-02   1.026400926038861172e+02
9.823435580398621747e-01   4.924391734988376457e-01   4.950595053153715175e-01   4.302567791587034662e+01   3.478638971679470160e+01   1.144523915373795234e-02   1.125078977051292526e+02
9.837302095636127897e-01   4.774464259165824842e-01   4.798084334186211164e-01   4.498867857764202682e+01   3.672178439412142836e+01   1.061259056748242724e-02   1.240835975622949690e+02
9.851168610873634046e-01   4.611921812738728477e-01   4.632974052401843679e-01   4.800583467251383496e+01   3.883675380712424641e+01   9.607002657490142095e-03   1.378446440139427125e+02
9.865035126111140196e-01   4.435213074366401997e-01   4.453725925713202805e-01   5.107889287870268191e+01   4.112420297225509813e+01   8.683064225567155986e-03   1.544650138003085544e+02
9.874939779852215382e-01   4.299263648572377305e-01   4.315987896156542325e-01   5.354377691375457005e+01   4.333578671411149941e+01   8.029436652362794899e-03   1.686149176521800825e+02
9.884844433593290569e-01   4.154238281853395165e-01   4.169201163533062249e-01   5.631010902298007892e+01   4.549508641887207716e+01   7.377428944699887005e-03   1.852201048765631413e+02
9.894749087334365756e-01   3.999084364505733902e-01   4.012318652552058218e-01   5.984106621079136801e+01   4.816460995564430192e+01   6.682842766234943152e-03   2.049775484577611451e+02
9.904653741075440943e-01   3.832505014188427594e-01   3.844048404443568545e-01   6.339462608241652219e+01   5.125163883675936916e+01   6.045473017233288573e-03   2.288795022081075956e+02
5.740916701415811341e-01   8.739172440358515814e-01   1.036421516515334540e+00   4.545477792051259236e+00   4.149327173959184378e+00   1.922608104177921384e-01   1.722783365283761414e+00
5.758023543934017718e-01   8.696732287088480007e-01   1.029039998175679704e+00   4.546594913944512761e+00   4.146382259910817325e+00   1.912801217547532018e-01   1.727998633695233766e+00
5.775130386452224096e-01   8.654646720157188611e-01   1.021741867463216158e+00   4.547766339806680769e+00   4.143528737560510322e+00   1.903054394946132044e-01   1.733238828689523947e+00
5.792237228970430474e-01   8.612913263133350483e-01   1.014526202936109067e+00   4.549948601387121982e+00   4.140766313848954105e+00   1.892969353655461207e-01   1.738501686647424105e+00
5.809344071488636851e-01   8.571529468625840309e-01   1.007392096105306001e+00   4.552119459351642305e+00   4.138094678490953804e+00   1.882975511773296584e-01   1.743790249444703511e+00
5.826450914006843229e-01   8.530492914513841951e-01   1.000338651277869806e+00   4.554278773590308305e+00   4.135513504433546927e+00   1.873072189603566251e-01   1.749104430609295102e+00
5.843557756525049607e-01   8.489801208062317528e-01   9.933649853988621992e-01   4.556426449028079695e+00   4.133022448330122778e+00   1.863258696927557467e-01   1.754442323590932551e+00
5.860664599043255985e-01   8.449451985269433862e-01   9.864702278947242720e-01   4.558562433804103975e+00   4.130837844916714019e+00   1.853534334116467563e-01   1.759806898215052318e+00
5.877771441561462362e-01   8.409442908554183305e-01   9.796535205235676891e-01   4.560706445451023328e+00   4.128765772676541879e+00   1.843890416788828424e-01   1.765201848627008019e+00
5.894878284079668740e-01   8.369771667611303201e-01   9.729140172245424045e-01   4.563926747971120079e+00   4.126785654695457772e+00   1.833897021097470603e-01   1.770622092759287280e+00
5.911985126597875118e-01   8.330435980282119290e-01   9.662508839686290152e-01   4.567103450579300450e+00   4.124896978009663151e+00   1.824008602044140392e-01   1.776073117001405244e+00
5.929091969116081495e-01   8.291433591612076270e-01   9.596632986166303558e-01   4.570237642892139185e+00   4.123099214755169939e+00   1.814223731780627569e-01   1.781550052315498789e+00
5.946198811634287873e-01   8.252762274688619781e-01   9.531504507736504594e-01   4.573330422455140543e+00   4.121391822968858420e+00   1.804541004552699390e-01   1.787056897676048806e+00
5.963305654152494251e-01   8.214419831582517872e-01   9.467115416507839720e-01   4.576382893265660279e+00   4.119774247402188116e+00   1.794959037118677714e-01   1.792596786940226172e+00
5.980412496670700628e-01   8.176404087479340888e-01   9.403457839292111986e-01   4.579974561226157093e+00   4.118245920372319624e+00   1.785250982985884249e-01   1.798165463739900494e+00
5.997519339188907006e-01   8.138712900574773812e-01   9.340524016219622361e-01   4.584133713022412238e+00   4.116806262586896636e+00   1.775409141634473609e-01   1.803765643668601149e+00
6.014626181707113384e-01   8.101344151725697884e-01   9.278306299421719139e-01   4.588217914806100417e+00   4.115454684005831254e+00   1.765684259586450533e-01   1.809400391366368099e+00
6.031733024225319761e-01   8.064295751979672078e-01   9.216797151742779359e-01   4.592229705022832675e+00   4.114190584713355747e+00   1.756074123025511136e-01   1.815068872163374980e+00
6.048839866743526139e-01   8.027565639574731904e-01   9.155989145444791699e-01   4.596171566452051493e+00   4.113013355781501623e+00   1.746576585210350419e-01   1.820769211320245828e+00
6.065946709261732517e-01   7.991151779325490478e-01   9.095874960941724430e-01   4.600437442631832852e+00   4.111933597831241904e+00   1.737041722439744418e-01   1.826507057347261709e+00
6.083053551779938894e-01   7.955052163631535223e-01   9.036447385617581984e-01   4.605481471189209586e+00   4.111252013442429742e+00   1.727300872535572906e-01   1.832281556694588476e+00
6.100160394298145272e-01   7.919264811647508395e-01   8.977699312553563127e-01   4.610420741843772596e+00   4.110656814388207181e+00   1.717688092926738797e-01   1.838088868060365977e+00
6.117267236816351650e-01   7.883787771808101752e-01   8.919623739392393835e-01   4.615259291510812822e+00   4.110147230411727470e+00   1.708200400854906487e-01   1.843936704577016972e+00
6.134374079334558028e-01   7.848619118925627136e-01   8.862213767154800692e-01   4.620001022556307291e+00   4.109722487995048468e+00   1.698834931119318770e-01   1.849822834708973573e+00
6.151480921852764405e-01   7.813756953477195566e-01   8.805462599107336530e-01   4.625213569631332788e+00   4.109381811368925774e+00   1.689382951909832731e-01   1.855745996759182059e+00
6.168587764370970783e-01   7.779199407012811207e-01   8.749363539656889177e-01   4.631074506648195310e+00   4.109124423501811840e+00   1.679782822721873070e-01   1.861709805884485203e+00
6.185694606889177161e-01   7.744944635290949009e-01   8.693909993237369793e-01   4.636803020252999730e+00   4.108949547063343921e+00   1.670319959994409909e-01   1.867717820455298661e+00
6.202801449407383538e-01   7.710990823512702264e-01   8.639095463275417996e-01   4.642404656866352397e+00   4.108856405413791713e+00   1.660990670450873952e-01   1.873765324418815492e+00
6.219908291925589916e-01   7.677336181837972617e-01   8.584913551112072216e-01   4.647884738286344408e+00   4.108844223539272811e+00   1.651791430754923351e-01   1.879853890534475269e+00
6.237015134443796294e-01   7.643978952182804987e-01   8.531357954999478910e-01   4.654282083596868347e+00   4.108962987913488796e+00   1.642354033315375494e-01   1.885989638858254880e+00
6.254121976962002671e-01   7.610917400050993820e-01   8.478422469108067849e-01   4.660843973055856182e+00   4.109510965356482970e+00   1.632948333831681365e-01   1.892168540271641053e+00
6.271228819480209049e-01   7.578149820258205382e-01   8.426100982527585659e-01   4.667251609055980133e+00   4.110137064895470260e+00   1.623685726639236548e-01   1.898395105533539962e+00
6.288335661998415427e-01   7.545674534455883986e-01   8.374387478344756941e-01   4.673511790734965032e+00   4.110840398215072966e+00   1.614561997985081987e-01   1.904666448024331160e+00
6.305442504516621804e-01   7.513489894088252186e-01   8.323276032673624369e-01   4.680030762855133197e+00   4.111620086334739632e+00   1.605436005618159356e-01   1.910989924876224322e+00
6.322549347034828182e-01   7.481594275926681803e-01   8.272760813790039913e-01   4.687407605925419496e+00   4.112475260476688099e+00   1.596104905933311835e-01   1.917358987034391227e+00
6.339656189553034560e-01   7.449986085122191071e-01   8.222836081224383920e-01   4.694603787798587113e+00   4.113405062910803878e+00   1.586925419453910913e-01   1.923778838872095776e+00
6.356763032071240938e-01   7.418663755676107030e-01   8.173496184895157057e-01   4.701627569752623970e+00   4.114408647786591544e+00   1.577892686227046204e-01   1.930252239652149315e+00
6.373869874589447315e-01   7.387625748878008380e-01   8.124735564270508803e-01   4.708486810847450244e+00   4.115485181938616677e+00   1.569002111646216335e-01   1.936774940313172211e+00
6.390976717107653693e-01   7.356870555482827312e-01   8.076548747568333964e-01   4.716536628337987480e+00   4.117045636537499220e+00   1.559803545525573765e-01   1.943354529978649659e+00
6.408083559625860071e-01   7.326396691820491469e-01   8.028930350941125837e-01   4.724460479065109020e+00   4.118728658363503214e+00   1.550737216299089838e-01   1.949989194569815565e+00
6.425190402144066448e-01   7.296202705450695047e-01   7.981875077714549738e-01   4.732190952860308109e+00   4.120479729970180749e+00   1.541823391771755536e-01   1.956680061028510220e+00
6.442297244662272826e-01   7.266287169002225710e-01   7.935377717646536766e-01   4.739737044972579305e+00   4.122297979469067286e+00   1.533057024062030593e-01   1.963424970836827876e+00
6.459404087180479204e-01   7.236648687145362802e-01   7.889433146166653366e-01   4.748189356271860895e+00   4.124182554966872694e+00   1.524085950276289625e-01   1.970232260652874157e+00
6.476510929698685581e-01   7.207285890372077120e-01   7.844036323715312120e-01   4.756825442409851057e+00   4.126132625179977254e+00   1.515146178397667187e-01   1.977100508640737830e+00
6.493617772216891959e-01   7.178197440757685399e-01   7.799182295032057732e-01   4.765248675383869426e+00   4.128147380030005920e+00   1.506363661111440044e-01   1.984030077046510909e+00
6.510724614735098337e-01   7.149382026663033685e-01   7.754866188502341773e-01   4.773469079414622840e+00   4.130613084256283152e+00   1.497732971078503950e-01   1.991020378298841154e+00
6.527831457253304714e-01   7.120838367524129353e-01   7.711083215545476710e-01   4.782421461265476736e+00   4.133281611266961697e+00   1.488960859095819766e-01   1.998077277161004028e+00
6.544938299771511092e-01   7.092565210224393013e-01   7.667828669964830146e-01   4.791714459125195447e+00   4.136008075665536410e+00   1.480172758774790376e-01   2.005200302907647725e+00
6.562045142289717470e-01   7.064561332973653407e-01   7.625097927374561158e-01   4.800779230807289188e+00   4.138791697635972433e+00   1.471544720831849395e-01   2.012389406060773211e+00
6.579151984807923847e-01   7.036825542505765751e-01   7.582886444649432622e-01   4.809626546369986322e+00   4.141631724555775662e+00   1.463071087674517046e-01   2.019647966202421596e+00
6.596258827326130225e-01   7.009356675482649734e-01   7.541189759350370725e-01   4.819181343395486650e+00   4.144527431396588746e+00   1.454470412301192839e-01   2.026976229703974397e+00
6.613365669844336603e-01   6.982153600101810298e-01   7.500003489228714848e-01   4.829125218597068780e+00   4.147685607054547141e+00   1.445842318027575901e-01   2.034380062963389690e+00
6.630472512362542981e-01   6.955215212160510418e-01   7.459323331712176541e-01   4.838826682812014113e+00   4.151272913616445237e+00   1.437376386483548985e-01   2.041859839861053683e+00
6.647579354880749358e-01   6.928540438836989779e-01   7.419145063458121303e-01   4.848297138028451414e+00   4.154907731980903129e+00   1.429066792233461280e-01   2.049407816143435479e+00
6.664686197398955736e-01   6.902128241243872253e-01   7.379464539857459870e-01   4.858549816578653591e+00   4.158589434464221135e+00   1.420614895764162056e-01   2.057038130802161469e+00
6.681793039917162114e-01   6.875977606305240242e-01   7.340277694664302244e-01   4.869100876054543114e+00   4.162317425027622697e+00   1.412165773792076473e-01   2.064746558299900503e+00
6.698899882435368491e-01   6.850087556221069462e-01   7.301580539555430072e-01   4.879398778453466257e+00   4.166091139507659413e+00   1.403879425979652484e-01   2.072537194388135884e+00
6.716006724953574869e-01   6.824457142912480068e-01   7.263369163765939218e-01   4.889455304496798327e+00   4.170275089803232582e+00   1.395749979887549730e-01   2.080409753924564065e+00
6.733113567471781247e-01   6.799085449822541705e-01   7.225639733749356086e-01   4.900507205086370277e+00   4.174778057270373210e+00   1.387424845078400193e-01   2.088367124647440232e+00
6.750220409989987624e-01   6.773971594457179890e-01   7.188388492828099441e-01   4.911670589087816730e+00   4.179317124828425101e+00   1.379158368133809320e-01   2.096412136270057402e+00
6.767327252508194002e-01   6.749114724540276056e-01   7.151611760904038606e-01   4.922570539876285345e+00   4.183891889950206000e+00   1.371054953883890370e-01   2.104546932930837944e+00
6.784434095026400380e-01   6.724514022940865088e-01   7.115305934183400183e-01   4.933219144417979152e+00   4.188501984027645619e+00   1.363108717874365605e-01   2.112772257873082538e+00
6.801540937544606757e-01   6.700168702534482490e-01   7.079467484922815634e-01   4.945162747625203359e+00   4.193316705986695148e+00   1.354893467510665805e-01   2.121086798091357917e+00
6.818647780062813135e-01   6.676078013639427100e-01   7.044092961203173298e-01   4.956906818121770364e+00   4.198687522992305965e+00   1.346823383734510327e-01   2.129498940035583932e+00
6.835754622581019513e-01   6.652241237308089694e-01   7.009178986732000904e-01   4.968379683055254681e+00   4.204083050365151841e+00   1.338915634808602595e-01   2.138011564300637879e+00
6.852861465099225891e-01   6.628657690486079446e-01   6.974722260669676821e-01   4.979920005374514069e+00   4.209503134330470075e+00   1.331077142470599162e-01   2.146625068237078438e+00
6.869968307617432268e-01   6.605326724472888600e-01   6.940719557492709413e-01   4.992551354528329988e+00   4.214947655312230701e+00   1.323036310579308317e-01   2.155338178212703681e+00
6.887075150135638646e-01   6.582247725860953524e-01   6.907167726866102475e-01   5.004890470096983179e+00   4.220641706706702578e+00   1.315163191919643537e-01   2.164157923155206387e+00
6.904181992653845024e-01   6.559420116258252165e-01   6.874063693560203969e-01   5.016950329507686490e+00   4.226882309785779945e+00   1.307451675907249644e-01   2.173084225015461168e+00
6.921288835172051401e-01   6.536843353696895065e-01   6.841404457388486904e-01   5.029594511139925395e+00   4.233135527953717059e+00   1.299676015475720869e-01   2.182119102815408773e+00
6.938395677690257779e-01   6.514516933951880473e-01   6.809187093169074556e-01   5.042804951251210532e+00   4.239401508559639709e+00   1.291843923555978935e-01   2.191269740708736702e+00
6.955502520208464157e-01   6.492440387630723508e-01   6.777408750733909804e-01   5.055716785328163709e+00   4.245680432023623219e+00   1.284178023276931480e-01   2.200533818475948422e+00
6.972609362726670534e-01   6.470613285231365808e-01   6.746066654949111063e-01   5.068342953268047957e+00   4.252508720887043125e+00   1.276672345358780547e-01   2.209915734278561583e+00
6.989716205244876912e-01   6.449035233246149801e-01   6.715158105767141672e-01   5.082211777435423627e+00   4.259603494606558627e+00   1.268942640658798082e-01   2.219418449591952225e+00
7.006823047763083290e-01   6.427705879206087047e-01   6.684680478318164587e-01   5.096022243931263240e+00   4.266698877807766799e+00   1.261318254028560570e-01   2.229046835034240281e+00
7.023929890281289667e-01   6.406624908262302798e-01   6.654631223033038445e-01   5.109526832950587405e+00   4.273795354738263441e+00   1.253858746165480709e-01   2.238802804457832085e+00
7.041036732799496045e-01   6.385792046813776324e-01   6.625007865788641315e-01   5.123235691255286106e+00   4.281159182894674231e+00   1.246437296982747384e-01   2.248691251028370086e+00
7.058143575317702423e-01   6.365207059867543649e-01   6.595808008099023345e-01   5.137953840658237681e+00   4.289110511524128810e+00   1.238860304562813819e-01   2.258707164389944566e+00
7.075250417835908801e-01   6.344869756006801254e-01   6.567029327320829113e-01   5.152346404863127560e+00   4.297049448999061383e+00   1.231452479596110011e-01   2.268865502407824586e+00
7.092357260354115178e-01   6.324779985180839503e-01   6.538669576916670279e-01   5.166426865824139902e+00   4.304976820413683569e+00   1.224207784110754316e-01   2.279161912870346640e+00
4.423689827513939132e-01   1.331196981047810368e+00   1.953499922017718049e+00   4.863253448659447642e+00   4.647700123102202596e+00   2.737256026446151513e-01   1.360976012595068063e+00
4.440796670032144955e-01   1.323260746090795470e+00   1.935594291091699226e+00   4.854672791853756664e+00   4.638160118863097203e+00   2.725746518511515393e-01   1.365408312465448137e+00
4.457903512550350777e-01   1.315386978366291260e+00   1.917897900567064440e+00   4.846176739244534737e+00   4.628689784314610201e+00   2.714277768109929490e-01   1.369843755795599360e+00
4.475010355068556600e-01   1.307575260938961037e+00   1.900408214104829296e+00   4.837766118247652791e+00   4.619289719594108945e+00   2.702849267571856284e-01   1.374283583546095366e+00
4.492117197586762423e-01   1.299825176045715347e+00   1.883122722764118739e+00   4.829441713258412427e+00   4.609960504247531787e+00   2.691460531508778620e-01   1.378727528629065446e+00
4.509224040104968245e-01   1.292136305595022350e+00   1.866038945076632372e+00   4.821204267492090523e+00   4.600702698849244321e+00   2.680111096531427317e-01   1.383175717193211085e+00
4.526330882623174068e-01   1.284508230971937337e+00   1.849154427094033659e+00   4.813247131267988088e+00   4.591516846497434301e+00   2.668693702900624132e-01   1.387627694524062871e+00
4.543437725141379890e-01   1.276940533658034616e+00   1.832466742395825410e+00   4.805401029609079444e+00   4.582403474198714299e+00   2.657302742872043599e-01   1.392083639705454345e+00
4.560544567659585713e-01   1.269432795145689852e+00   1.815973492093212238e+00   4.797644008009596561e+00   4.573363094161553732e+00   2.645950372779619086e-01   1.396544723408460031e+00
4.577651410177791536e-01   1.261984597142031816e+00   1.799672304792172994e+00   4.789976900460195530e+00   4.564396204985210481e+00   2.634636081482537029e-01   1.401008656527510388e+00
4.594758252695997358e-01   1.254595521715373252e+00   1.783560836553240270e+00   4.782400493235485328e+00   4.555503292757169476e+00   2.623359385082760231e-01   1.405477183407801256e+00
4.611865095214203181e-01   1.247265151713236264e+00   1.767636770816750191e+00   4.774915526136047639e+00   4.546684832073897731e+00   2.612119826803610545e-01   1.409950715044432812e+00
4.628971937732409003e-01   1.239993070435730260e+00   1.751897818327067702e+00   4.767522693534767875e+00   4.537941286965650356e+00   2.600916975428944622e-01   1.414428904644670970e+00
4.646078780250614826e-01   1.232778862225472949e+00   1.736341717022257480e+00   4.760222645317099044e+00   4.529273111752557313e+00   2.589750425724787197e-01   1.418910321560458598e+00
4.663185622768820648e-01   1.225622112479300085e+00   1.720966231925972201e+00   4.753015987685254018e+00   4.520680751827569566e+00   2.578619797734332808e-01   1.423397015974690039e+00
4.680292465287026471e-01   1.218522407644854866e+00   1.705769155014535077e+00   4.745903283841513165e+00   4.512164644359499377e+00   2.567524736109954575e-01   1.427888016268431981e+00
4.697399307805232294e-01   1.211479335253102363e+00   1.690748305079678993e+00   4.738885054581257528e+00   4.503725218936573071e+00   2.556464909571756761e-01   1.432384392778909055e+00
4.714506150323438116e-01   1.204492484406955555e+00   1.675901527572252192e+00   4.731961778782552308e+00   4.495362898133292262e+00   2.545440011387516965e-01   1.436885016953816985e+00
4.731612992841643939e-01   1.197561445560381799e+00   1.661226694437955453e+00   4.725133893848615152e+00   4.487078098032760920e+00   2.534449758385512452e-01   1.441390681329009382e+00
4.748719835359849761e-01   1.190685810695754299e+00   1.646721703946247395e+00   4.718401796047750452e+00   4.478871228669785154e+00   2.523493890861736588e-01   1.445900998348638167e+00
4.765826677878055584e-01   1.183865173659455650e+00   1.632384480508473956e+00   4.711765840812471851e+00   4.470742694426002473e+00   2.512572172846594953e-01   1.450416812399619060e+00
4.782933520396261406e-01   1.177099129681778322e+00   1.618212974486063382e+00   4.705226343005093348e+00   4.462692894374276520e+00   2.501684390659937307e-01   1.454936747009622389e+00
4.800040362914467229e-01   1.170387276180235858e+00   1.604205161993423223e+00   4.698783577108397225e+00   4.454722222554048372e+00   2.490830354226455101e-01   1.459463573138401582e+00
4.817147205432673052e-01   1.163729212199086760e+00   1.590359044696270319e+00   4.692437777428851042e+00   4.446831068215399085e+00   2.480009895489193317e-01   1.463995202663216144e+00
4.834254047950878874e-01   1.157124538831681093e+00   1.576672649596653653e+00   4.686189138239723384e+00   4.439019815995655982e+00   2.469222868939371651e-01   1.468532293554395851e+00
4.851360890469084697e-01   1.150572859340854848e+00   1.563144028823326259e+00   4.680037813935947533e+00   4.431288846062410691e+00   2.458469151498616501e-01   1.473076048740219690e+00
4.868467732987290519e-01   1.144073778726692581e+00   1.549771259405974488e+00   4.673983919170239254e+00   4.423638534204478390e+00   2.447748641227240618e-01   1.477624204894870674e+00
4.885574575505496342e-01   1.137626904789158289e+00   1.536552443052666250e+00   4.668027528979434848e+00   4.416069251874684909e+00   2.437061259229283683e-01   1.482178606116073327e+00
4.902681418023702165e-01   1.131231846911191496e+00   1.523485705925057054e+00   4.662168678955588952e+00   4.408581366215450714e+00   2.426406946658584141e-01   1.486739386881587688e+00
4.919788260541907987e-01   1.124888217219790931e+00   1.510569198398793667e+00   4.656433617706984940e+00   4.401175240005702705e+00   2.415772046963553799e-01   1.491307800251011173e+00
4.936895103060113810e-01   1.118595629729156826e+00   1.497801094837109215e+00   4.651111172279990491e+00   4.393851231609615660e+00   2.405007294591966216e-01   1.495881628394320595e+00
4.954001945578319632e-01   1.112353701230517800e+00   1.485179593346883875e+00   4.645889099288303292e+00   4.386609694855672537e+00   2.394275191374924394e-01   1.500461145597533852e+00
4.971108788096525455e-01   1.106162050755756354e+00   1.472702915543107061e+00   4.640767249893690938e+00   4.379450978911675563e+00   2.383575799413547303e-01   1.505047634187173022e+00
4.988215630614731277e-01   1.100020299806601543e+00   1.460369306305888015e+00   4.635745425108857454e+00   4.372375428105849338e+00   2.372909206464396403e-01   1.509643021104144278e+00
5.005322473132937100e-01   1.093928072418066222e+00   1.448177033538707192e+00   4.630823376498051758e+00   4.365383381724888601e+00   2.362275525276722743e-01   1.514244311385214203e+00
5.022429315651143478e-01   1.087884995028730373e+00   1.436124387924634593e+00   4.626000806944148280e+00   4.358475173792951018e+00   2.351674892480979384e-01   1.518853585672110817e+00
5.039536158169349855e-01   1.081890696866025792e+00   1.424209682680404487e+00   4.621277371438456960e+00   4.351651132804367883e+00   2.341107468581284379e-01   1.523470512345841854e+00
5.056643000687556233e-01   1.075944809493307730e+00   1.412431253315787893e+00   4.616652677976764707e+00   4.344911581458140049e+00   2.330573436087112205e-01   1.528093289655426457e+00
5.073749843205762611e-01   1.070046967356006462e+00   1.400787457377913992e+00   4.612126288453763934e+00   4.338256836332039512e+00   2.320072999810992853e-01   1.532726818380124811e+00
5.090856685723968988e-01   1.064196807406574408e+00   1.389276674218407726e+00   4.607697719709790363e+00   4.331687207591634170e+00   2.309606385102886961e-01   1.537368073748494934e+00
5.107963528242175366e-01   1.058393969177245708e+00   1.377897304738665563e+00   4.603366444541181934e+00   4.325202998619619876e+00   2.299173837078129778e-01   1.542016776631662589e+00
5.125070370760381744e-01   1.052638095042652822e+00   1.366647771146749069e+00   4.599131892850852665e+00   4.318804505675377214e+00   2.288775620196785987e-01   1.546674235498590511e+00
5.142177213278588122e-01   1.046928830254273635e+00   1.355526516714594232e+00   4.594993452819343460e+00   4.312492017515393350e+00   2.278412017348819263e-01   1.551342146693100554e+00
5.159284055796794499e-01   1.041265822333116375e+00   1.344532005533072727e+00   4.590950472162178997e+00   4.306265815013349041e+00   2.268083327509120839e-01   1.556018255003601469e+00
5.176390898315000877e-01   1.035648721882694190e+00   1.333662722267172418e+00   4.587002259425467798e+00   4.300126170761134681e+00   2.257789866474605722e-01   1.560703702587274089e+00
5.193497740833207255e-01   1.030077182384502521e+00   1.322917171915380496e+00   4.583448037981386669e+00   4.294073348663756562e+00   2.247384881095243481e-01   1.565400188955099470e+00
5.210604583351413632e-01   1.024550859699161265e+00   1.312293879571000854e+00   4.580197503047471308e+00   4.288107603543785729e+00   2.236914148390911350e-01   1.570105576540458125e+00
5.227711425869620010e-01   1.019069412732392266e+00   1.301791390175836671e+00   4.577039867415845897e+00   4.282229180704867133e+00   2.226481399008982953e-01   1.574820965367767611e+00
5.244818268387826388e-01   1.013632503307803745e+00   1.291408268287379313e+00   4.573974073995039191e+00   4.276438315534361045e+00   2.216087120105751374e-01   1.579547339360833469e+00
5.261925110906032765e-01   1.008239795787631010e+00   1.281143097842439849e+00   4.570999031166982363e+00   4.270735233082578297e+00   2.205731808108097602e-01   1.584283854517529067e+00
5.279031953424239143e-01   1.002890957605245603e+00   1.270994481916543739e+00   4.568113615165603214e+00   4.265120147643075121e+00   2.195415968367697424e-01   1.589033890311871478e+00
5.296138795942445521e-01   9.975856587923317420e-01   1.260961042496440809e+00   4.565316672499901252e+00   4.259593262348587928e+00   2.185140112626772768e-01   1.593795051084817782e+00
5.313245638460651898e-01   9.923235722847039142e-01   1.251041420244735969e+00   4.562607022372333176e+00   4.254154768763163119e+00   2.174904758220321255e-01   1.598564634799915840e+00
5.330352480978858276e-01   9.871043739850620113e-01   1.241234274269232829e+00   4.559983459107428416e+00   4.248804846483616338e+00   2.164710426774833218e-01   1.603348882574401113e+00
5.347459323497064654e-01   9.819277426230428318e-01   1.231538281902444965e+00   4.557444754589845104e+00   4.243543662760897561e+00   2.154557642490639580e-01   1.608145829469757704e+00
5.364566166015271031e-01   9.767933595834392690e-01   1.221952138463087811e+00   4.554989660655842876e+00   4.238371372102131218e+00   2.144446930408173968e-01   1.612955023761707629e+00
5.381673008533477409e-01   9.717009092532862269e-01   1.212474557044825652e+00   4.552833242089097787e+00   4.233288115933545370e+00   2.134277399554864729e-01   1.617777077051753443e+00
5.398779851051683787e-01   9.666500789168139818e-01   1.203104268287751299e+00   4.551197048359885144e+00   4.228294022234281968e+00   2.123946883963562238e-01   1.622613952441277929e+00
5.415886693569890165e-01   9.616405586212976031e-01   1.193840020159827597e+00   4.549635847432933033e+00   4.223389205205980268e+00   2.113664897299175338e-01   1.627463171834882205e+00
5.432993536088096542e-01   9.566720413099574216e-01   1.184680577742398544e+00   4.548148097698466508e+00   4.218573764961897510e+00   2.103432035984204862e-01   1.632327301583440748e+00
5.450100378606302920e-01   9.517442226837147246e-01   1.175624723011816419e+00   4.546732257920354847e+00   4.213847787229817676e+00   2.093248884461554327e-01   1.637206704333046714e+00
5.467207221124509298e-01   9.468568015538495475e-01   1.166671254629734200e+00   4.545386789911684211e+00   4.209211343073666178e+00   2.083116014802882665e-01   1.642099840961856128e+00
5.484314063642715675e-01   9.420094791840939452e-01   1.157818987732657234e+00   4.544110161134462089e+00   4.204664488647304132e+00   2.073033984169336541e-01   1.647008736057028688e+00
5.501420906160922053e-01   9.372019601099736974e-01   1.149066753721609047e+00   4.542900847156609245e+00   4.200272237924237650e+00   2.063003335625443191e-01   1.651933798307863466e+00
5.518527748679128431e-01   9.324339516053896659e-01   1.140413400058619686e+00   4.541757334018750036e+00   4.196027508741503098e+00   2.053024596055048057e-01   1.656875064169068601e+00
5.535634591197334808e-01   9.277051634859391216e-01   1.131857790066998604e+00   4.540941301431611343e+00   4.191876290725168985e+00   2.042979862332648666e-01   1.661832475976802614e+00
5.552741433715541186e-01   9.230153087835333281e-01   1.123398802724826950e+00   4.540726355398957637e+00   4.187818560890915087e+00   2.032748147630744628e-01   1.666806544192872108e+00
5.569848276233747564e-01   9.183641033615685956e-01   1.115035332470472484e+00   4.540561124629082457e+00   4.183854276214534984e+00   2.022578439435917808e-01   1.671797960126804705e+00
5.586955118751953941e-01   9.137512656006947509e-01   1.106766289007677706e+00   4.540444065953953334e+00   4.179983373613109343e+00   2.012471142310426064e-01   1.676808646718760620e+00
5.604061961270160319e-01   9.091765170568351095e-01   1.098590597111048561e+00   4.540373671951308587e+00   4.176205769938680312e+00   2.002426634339327105e-01   1.681835740407076063e+00
5.621168803788366697e-01   9.046395819079862122e-01   1.090507196437862980e+00   4.540348472339295505e+00   4.172521362039323556e+00   1.992445265862808068e-01   1.686883664505195446e+00
5.638275646306573075e-01   9.001401874226075961e-01   1.082515041335742279e+00   4.540367035139750485e+00   4.168930026821580981e+00   1.982527360576922248e-01   1.691950391779791119e+00
5.655382488824779452e-01   8.956780632347545179e-01   1.074613100664529419e+00   4.540427967744913751e+00   4.165431621384532157e+00   1.972673214061822222e-01   1.697036253795537242e+00
5.672489331342985830e-01   8.912529423336081891e-01   1.066800357604817284e+00   4.541190555514880600e+00   4.162025983148390118e+00   1.962597542292646435e-01   1.702143561270763161e+00
5.689596173861192208e-01   8.868645601870639439e-01   1.059075809486140551e+00   4.542233221859159897e+00   4.158712930067833824e+00   1.952485741857318546e-01   1.707270530529841457e+00
5.706703016379398585e-01   8.825126552177380290e-01   1.051438467603268423e+00   4.543295994899789747e+00   4.155492260831963769e+00   1.942450274444871006e-01   1.712420390474152398e+00
5.723809858897604963e-01   8.781969684938530918e-01   1.043887357043670860e+00   4.544377844092764462e+00   4.152363755134000023e+00   1.932491088159452031e-01   1.717590612373228964e+00
5.740916701415811341e-01   8.739172440500624361e-01   1.036421516515580565e+00   4.545477792052866839e+00   4.149327173959984627e+00   1.922608104208505253e-01   1.722782405838304554e+00
5.758023543934017718e-01   8.696732286894075514e-01   1.029039998175945936e+00   4.546594913944855598e+00   4.146382259911081114e+00   1.912801217504629392e-01   1.727998398516296108e+00
5.775130386452224096e-01   8.654646719851369907e-01   1.021741867463571207e+00   4.547766333680185014e+00   4.143528735523736906e+00   1.903054397442574541e-01   1.733237942624623162e+00
7.679672324680267836e-01   5.787434692473425457e-01   5.808084817952365864e-01   5.833160837777176866e+00   4.733430077840601768e+00   9.921610004291984974e-02   2.752688857042773662e+00
7.699085446012775558e-01   5.774936424614907082e-01   5.791831138769797382e-01   5.861480914262135578e+00   4.753948575556113276e+00   9.852350470959227169e-02   2.773920600476900589e+00
7.718498567345283279e-01   5.762798435008562592e-01   5.776085746682534383e-01   5.891934825830595912e+00   4.774431966695957819e+00   9.780825153978466024e-02   2.795646225804789609e+00
7.737911688677791000e-01   5.751024046343218288e-01   5.760850387243220405e-01   5.921583953366738484e+00   4.796272176946446031e+00   9.711969114401311498e-02   2.817889808336934809e+00
7.757324810010298721e-01   5.739616746104729827e-01   5.746127005567198687e-01   5.952736055222821676e+00   4.817832524705702113e+00   9.641980919125239802e-02   2.840664533645771872e+00
7.776737931342806442e-01   5.728580191985201964e-01   5.731917750524558874e-01   5.984336460567720728e+00   4.840628990860636804e+00   9.572623848495551147e-02   2.863994931017160184e+00
7.796151052675314164e-01   5.717918215050303843e-01   5.718224979047344947e-01   6.015754960589212885e+00   4.863508435273759645e+00   9.504905456605004799e-02   2.887903700492546744e+00
7.815564174007821885e-01   5.707634826611638346e-01   5.705051260499065524e-01   6.049378323647441213e+00   4.887161778402190571e+00   9.435076666142859503e-02   2.912411439752649489e+00
7.834977295340329606e-01   5.697734220888150958e-01   5.692399381187736029e-01   6.082076756160661013e+00   4.911410335145022010e+00   9.368073520474397287e-02   2.937537469015814917e+00
7.854390416672837327e-01   5.688220785347084529e-01   5.680272348895900603e-01   6.116908207508157780e+00   4.936033605880561836e+00   9.299176303422562739e-02   2.963307041926273477e+00
7.873803538005345048e-01   5.679099100406119760e-01   5.668673397496997168e-01   6.151683455163045267e+00   4.961679211715395610e+00   9.231780441563047779e-02   2.989748783239027929e+00
7.893216659337852770e-01   5.670373947517646229e-01   5.657605991635030751e-01   6.187146579658953982e+00   4.987391762019624863e+00   9.164764200285370477e-02   3.016886138722590260e+00
7.912629780670360491e-01   5.662050314550697294e-01   5.647073831398562449e-01   6.224066676725902525e+00   5.014482975901397133e+00   9.097027086363336512e-02   3.044746528381315098e+00
7.932042902002868212e-01   5.654133401646959101e-01   5.637080856994910461e-01   6.260272872466670968e+00   5.041422942800321216e+00   9.031768290028416302e-02   3.073357708038362723e+00
7.951456023335375933e-01   5.646628626408300988e-01   5.627631253414270285e-01   6.299480030312223811e+00   5.069983667171961805e+00   8.963642394669889268e-02   3.102750600227345501e+00
7.970869144667883655e-01   5.639541628353299529e-01   5.618729455016205909e-01   6.337525563236853010e+00   5.098283126367415541e+00   8.898649121145221774e-02   3.132961834003647805e+00
7.990282266000391376e-01   5.632878274967652033e-01   5.610380150022853396e-01   6.378161466111354372e+00   5.128359141654689424e+00   8.831507801889990072e-02   3.164023588055487668e+00
8.009695387332899097e-01   5.626644670297764605e-01   5.602588284870709812e-01   6.418454289852510541e+00   5.158178288481551022e+00   8.766354664538802965e-02   3.195968109343449104e+00
8.029108508665406818e-01   5.620847155925048355e-01   5.595359068359132548e-01   6.460360977394278947e+00   5.189788211779656990e+00   8.700515614519360730e-02   3.228836373463903620e+00
8.048521629997914539e-01   5.615492315987467009e-01   5.588697975555898534e-01   6.503038959052169332e+00   5.221277369602589147e+00   8.635181722494149337e-02   3.262666384241582840e+00
8.067934751330422261e-01   5.610586987368151313e-01   5.582610751378894731e-01   6.546400044522806105e+00   5.254462579714326509e+00   8.570492101322735312e-02   3.297497735773846195e+00
8.087347872662929982e-01   5.606138258169721666e-01   5.577103413780915009e-01   6.591517204019551102e+00   5.287800081028664501e+00   8.505080218483024312e-02   3.333377552663778776e+00
8.106760993995437703e-01   5.602153475959994466e-01   5.572182256449681459e-01   6.636533334087089564e+00   5.322572454174416379e+00   8.441385274425984575e-02   3.370349800958619912e+00
8.126174115327945424e-01   5.598640251781716870e-01   5.567853850936050897e-01   6.684230900164113365e+00   5.357932414879941874e+00   8.375892956726341265e-02   3.408459925275984403e+00
8.145587236660453145e-01   5.595606459813780020e-01   5.564125048068505608e-01   6.731164551992878664e+00   5.394327034654353703e+00   8.312984204430276525e-02   3.447770308945252715e+00
8.165000357992960867e-01   5.593060243554646149e-01   5.561002978539730801e-01   6.781485047990149617e+00   5.431900997636048167e+00   8.247544902000895906e-02   3.488328348047961214e+00
8.184413479325468588e-01   5.591010016383961556e-01   5.558495052549417004e-01   6.830563362198292410e+00   5.469921436063371445e+00   8.185283877645777029e-02   3.530193023119096551e+00
8.203826600657976309e-01   5.589464462362911945e-01   5.556608958252520214e-01   6.883646849700699732e+00   5.509912470322483991e+00   8.119917515242580652e-02   3.573421988557210938e+00
8.223239721990484030e-01   5.588432536814025298e-01   5.555352658928992549e-01   6.935209512274050248e+00   5.549951187331571667e+00   8.058058703091122710e-02   3.618090810923192180e+00
8.242652843322991751e-01   5.587923464278219399e-01   5.554734388586185512e-01   6.991080285826933860e+00   5.592192316756752213e+00   7.992932759771985418e-02   3.664254927823126007e+00
8.262065964655499473e-01   5.587946733837725333e-01   5.554762645772394203e-01   7.045400267460281363e+00   5.635001230707742614e+00   7.931340337959340292e-02   3.711992082598315701e+00
8.281479085988007194e-01   5.588512100090383683e-01   5.555446185339963927e-01   7.104190903740839502e+00   5.678970611938800594e+00   7.866500458409207697e-02   3.761387774537763296e+00
8.300892207320514915e-01   5.589629567045903968e-01   5.556794007852771111e-01   7.161678223256840781e+00   5.724783148790155707e+00   7.804915821118764419e-02   3.812512138169249720e+00
8.320305328653022636e-01   5.591309387972387412e-01   5.558815346278221936e-01   7.223386327956691666e+00   5.770948936007630259e+00   7.740565344445619889e-02   3.865453783671933152e+00
8.339718449985530357e-01   5.593562048952662735e-01   5.561519649587691738e-01   7.284383264023026605e+00   5.819527303769887361e+00   7.678840948112668208e-02   3.920313857308459493e+00
8.359131571318038079e-01   5.596398254220957824e-01   5.564916562839539171e-01   7.349125574513196923e+00   5.869131175874615636e+00   7.615053243380809356e-02   3.977179067865916906e+00
8.378544692650545800e-01   5.599828909296320489e-01   5.569015903259704192e-01   7.414098144303546079e+00   5.919467146530146273e+00   7.552946832243948028e-02   4.036165216513412979e+00
8.397957813983053521e-01   5.603865096081790398e-01   5.573827631768558666e-01   7.481835443923268159e+00   5.972772197868010835e+00   7.489960368793247003e-02   4.097378303443345082e+00
8.417370935315561242e-01   5.608518048408086543e-01   5.579361819371941866e-01   7.551222793249830367e+00   6.026841978460550031e+00   7.427297805888655180e-02   4.160939069494177467e+00
8.436784056648068963e-01   5.613799115925530714e-01   5.585628607758293951e-01   7.622045543461246631e+00   6.082117081901230016e+00   7.365213293354645752e-02   4.226966943823624590e+00
8.456197177980576685e-01   5.619719732734438367e-01   5.592638163354717307e-01   7.696345209695076406e+00   6.140387908375464221e+00   7.301803102146826874e-02   4.295608494038844150e+00
8.475610299313084406e-01   5.626291361602397956e-01   5.600400624007301209e-01   7.770166016563024414e+00   6.199693403983061124e+00   7.240889512024961672e-02   4.367000423893670380e+00
8.495023420645592127e-01   5.633525454517211983e-01   5.608926037475958637e-01   7.849945344198699715e+00   6.260165939324099149e+00   7.176515513806124014e-02   4.441299857644332327e+00
8.514436541978099848e-01   5.641433379598765896e-01   5.618224290677352739e-01   7.928738893701832602e+00   6.324223437493100342e+00   7.115171094964446719e-02   4.518674795255499532e+00
8.533849663310607569e-01   5.650026359159028289e-01   5.628305028657980547e-01   8.012567572573246366e+00   6.389633976378231495e+00   7.051455489122963882e-02   4.599289467912140772e+00
8.553262784643115291e-01   5.659315385563559175e-01   5.639177562149375600e-01   8.097755488963505499e+00   6.456461398881288005e+00   6.988745700307553987e-02   4.683343881635241068e+00
8.572675905975623012e-01   5.669311129073548727e-01   5.650850762449226572e-01   8.184793291287855155e+00   6.526287191069434890e+00   6.926639350938938733e-02   4.771034896851544360e+00
8.592089027308130733e-01   5.680023832607048462e-01   5.663332942277599091e-01   8.277034283196643472e+00   6.598772871419258834e+00   6.862390124610413811e-02   4.862581025609651775e+00
8.611502148640638454e-01   5.691463188749139590e-01   5.676631721223888150e-01   8.368791723709270158e+00   6.673081288543304623e+00   6.800818298088236180e-02   4.958208268670080798e+00
8.630915269973146176e-01   5.703638209919290603e-01   5.690753874251166522e-01   8.467103539025043091e+00   6.749307495569932591e+00   6.736232979354879469e-02   5.058168465379446310e+00
8.650328391305653897e-01   5.716557069368946031e-01   5.705705161709244688e-01   8.567182394760738617e+00   6.829361722465877804e+00   6.672622113035561742e-02   5.162730326669005443e+00
8.669741512638161618e-01   5.730226929554191884e-01   5.721490139241842687e-01   8.668478983282144057e+00   6.912281676994806112e+00   6.610417975985630190e-02   5.272178054666706970e+00
8.689154633970669339e-01   5.744653750967927408e-01   5.738111945930695068e-01   8.777654789138914282e+00   6.997597405362202316e+00   6.544633947186109801e-02   5.386815741059717944e+00
8.708567755303177060e-01   5.759842076294034996e-01   5.755572069054005757e-01   8.887214892648508169e+00   7.085436038149193649e+00   6.481042875489112509e-02   5.506979860359236589e+00
8.727980876635684782e-01   5.775794787384711526e-01   5.773870083829163447e-01   9.000779679585642512e+00   7.176519721089983150e+00   6.416993852748770211e-02   5.633017389697290156e+00
8.747393997968192503e-01   5.792512844142265749e-01   5.793003366678057819e-01   9.120940433046994755e+00   7.272204159977099458e+00   6.350784644042659077e-02   5.765315881728283465e+00
8.766807119300700224e-01   5.809994990607947329e-01   5.812966780625464791e-01   9.241959631609566017e+00   7.371008346238130393e+00   6.286540108589597220e-02   5.904283536646656394e+00
8.786220240633207945e-01   5.828237430813487663e-01   5.833752331674098013e-01   9.368713453714747175e+00   7.473086918915399224e+00   6.220958149277752702e-02   6.050361814653447468e+00
8.805633361965715666e-01   5.847233481509874764e-01   5.855348795358723546e-01   9.502061567854555690e+00   7.578619105729300642e+00   6.153647226714513419e-02   6.204028233646214474e+00
8.825046483298223388e-01   5.866973192028126505e-01   5.877741312986163313e-01   9.636887053900577982e+00   7.687809533923720906e+00   6.088037723398905671e-02   6.365794557187853364e+00
8.844459604630731109e-01   5.887442929238204670e-01   5.900910957637678367e-01   9.777610922155492545e+00   7.802023672467591986e+00   6.021351203388145001e-02   6.536211480273678376e+00
8.863872725963238830e-01   5.908624937676449917e-01   5.924834270571706085e-01   9.926727636928902143e+00   7.921324849050833450e+00   5.952238394952518580e-02   6.715884316219185912e+00
8.883285847295746551e-01   5.930496865349823565e-01   5.949482769385008307e-01   1.007810418863352808e+01   8.045006170143757629e+00   5.884536173021970989e-02   6.905442430666253628e+00
8.902698968628254272e-01   5.953031269250459445e-01   5.974822430229185244e-01   1.023336878660315463e+01   8.173328383008090725e+00   5.817274246036917978e-02   7.105591552404293409e+00
8.922112089960761994e-01   5.976195085758035930e-01   6.000813147103497558e-01   1.040123763245770760e+01   8.306530135031520601e+00   5.745657677418068016e-02   7.317074955261208657e+00
8.941525211293269715e-01   5.999949084219906581e-01   6.027408172602605196e-01   1.057232943628165245e+01   8.444872791481611074e+00   5.675143893671669854e-02   7.540697820579156385e+00
8.960938332625777436e-01   6.024247307155974340e-01   6.054553545340584098e-01   1.074636854237590455e+01   8.588645173405794253e+00   5.605844693861652267e-02   7.777336907271949151e+00
8.980351453958285157e-01   6.049036489681611783e-01   6.082187510595491453e-01   1.093245539058481874e+01   8.738107198650894247e+00   5.533099631845857236e-02   8.027937275808485040e+00
8.999764575290792878e-01   6.074255480002648255e-01   6.110239941801440811e-01   1.112686672631160612e+01   8.893602451769961448e+00   5.459088914616824079e-02   8.293511328761603352e+00
2.797931530134477596e-01   2.327270102204124669e+00   4.781473965363919554e+00   5.530611714114717969e+00   5.344797914402578343e+00   4.207979555434492314e-01   9.766903502414623350e-01
2.818068567479646847e-01   2.325291820250981800e+00   4.774442776010786815e+00   5.583149953006062205e+00   5.398272303820553120e+00   4.164838558561382298e-01   9.813727131505842749e-01
2.838205604824816097e-01   2.318681294340308341e+00   4.751074629880000622e+00   5.615102732206604941e+00   5.430798734444055142e+00   4.129365756820482236e-01   9.856774408461883574e-01
2.858342642169985348e-01   2.309694265552366232e+00   4.719525483995163917e+00   5.636992500940045225e+00   5.452891444368491491e+00   4.097387507908150095e-01   9.898344651422879004e-01
2.878479679515154599e-01   2.299211010124281529e+00   4.682980408062373812e+00   5.651860945851541196e+00   5.468336685596136171e+00   4.068060117105145035e-01   9.939259204183041874e-01
2.898616716860323850e-01   2.287689691857167418e+00   4.643095714760819170e+00   5.662242226379409438e+00   5.478615679494211577e+00   4.040254020216966224e-01   9.979911830421797081e-01
2.918753754205493101e-01   2.275407020703141825e+00   4.600869215005904955e+00   5.668837524450100140e+00   5.485614232124615519e+00   4.013886464180970726e-01   1.002051431318509600e+00
2.938890791550662351e-01   2.262546330410714290e+00   4.556959209550226042e+00   5.672636491383344470e+00   5.489671861192977786e+00   3.988526911335655845e-01   1.006119389799943642e+00
2.959027828895831602e-01   2.249237044263963980e+00   4.511827648552405812e+00   5.674191842186056434e+00   5.491370105744350916e+00   3.963977790707576832e-01   1.010203558783126843e+00
2.979164866241000853e-01   2.235574843449398941e+00   4.465813410185631049e+00   5.673806139968259110e+00   5.491099142176232739e+00   3.940167831433707413e-01   1.014308371992729940e+00
2.999301903586170104e-01   2.221632982946061929e+00   4.419173484236353033e+00   5.671605757641398071e+00   5.489122310025835283e+00   3.917114619528761499e-01   1.018437531618924252e+00
3.019438940931339355e-01   2.207469102478512468e+00   4.372107802716540981e+00   5.668305417659523116e+00   5.486033624461879477e+00   3.894407481292688766e-01   1.022593184514828613e+00
3.039575978276508605e-01   2.193129557712495625e+00   4.324775056193270295e+00   5.664065303994647138e+00   5.481734346190676455e+00   3.872006129883011627e-01   1.026777078615760397e+00
3.059713015621677856e-01   2.178652297836379148e+00   4.277303223680993582e+00   5.658198606961981625e+00   5.476156014420490159e+00   3.850434474243646377e-01   1.030989704964870413e+00
3.079850052966847107e-01   2.164068850603257488e+00   4.229796842740405793e+00   5.652098368560838360e+00   5.469859893580935939e+00   3.828788371130706358e-01   1.035231373001286759e+00
3.099987090312016358e-01   2.149405731445654055e+00   4.182342184312020095e+00   5.644751081357228806e+00   5.462747289388634186e+00   3.807795419968897921e-01   1.039502733786471511e+00
3.120124127657185609e-01   2.134685472202136225e+00   4.135011032805558706e+00   5.637017157248773280e+00   5.454777563267094287e+00   3.786906111252639762e-01   1.043803317877592729e+00
3.140261165002354860e-01   2.119927387920824913e+00   4.087863509633901771e+00   5.628282990386956008e+00   5.446389129775588422e+00   3.766561474505878415e-01   1.048133251813532008e+00
3.160398202347524110e-01   2.105148160394264778e+00   4.040950223492100868e+00   5.619527372390317410e+00   5.437237207494137081e+00   3.746130271981966686e-01   1.052492007411136132e+00
3.180535239692693361e-01   2.090362289296763265e+00   3.994313935957610973e+00   5.609493750539500390e+00   5.427688627387021292e+00   3.726472266941593392e-01   1.056878855787609428e+00
3.200672277037862612e-01   2.075582447230431171e+00   3.947990871176460637e+00   5.599977081339224227e+00   5.417723052657365201e+00   3.706412396127270470e-01   1.061294201982932561e+00
3.220809314383031863e-01   2.060819761578954967e+00   3.902011759486391895e+00   5.589519450131271050e+00   5.407022601723702415e+00   3.686935486968483944e-01   1.065736685106679182e+00
3.240946351728201114e-01   2.046084042545430748e+00   3.856402679012884693e+00   5.578455367913810470e+00   5.396493361681430123e+00   3.667832594510135880e-01   1.070206060421213801e+00
3.261083389073370364e-01   2.031383968545469543e+00   3.811185741612557187e+00   5.567841553056924297e+00   5.385295358399297072e+00   3.648422731121316320e-01   1.074701740280104900e+00
3.281220426418539615e-01   2.016727238841099279e+00   3.766379657414411497e+00   5.556436117738810410e+00   5.373665334396737769e+00   3.629533744485495261e-01   1.079223075044321023e+00
3.301357463763708866e-01   2.002120700413229315e+00   3.722000203474238766e+00   5.544383106493485869e+00   5.362204745861602007e+00   3.611079288637865092e-01   1.083769213379123686e+00
3.321494501108878117e-01   1.987570454282377108e+00   3.678060615959868773e+00   5.533015900912692686e+00   5.350250724336195418e+00   3.592200871778661320e-01   1.088339808984649659e+00
3.341631538454047368e-01   1.973081945018066108e+00   3.634571920696656022e+00   5.521119353397707208e+00   5.337879691216754097e+00   3.573699133679890116e-01   1.092934028359840992e+00
3.361768575799216618e-01   1.958660036974492868e+00   3.591543213628023867e+00   5.508720758493887537e+00   5.325625951648516043e+00   3.555562394326193254e-01   1.097551674338606453e+00
3.381905613144385869e-01   1.944309079554045860e+00   3.548981900192937911e+00   5.495972686066645352e+00   5.313216539227036961e+00   3.537697857347882890e-01   1.102191443540315285e+00
3.402042650489555120e-01   1.930032963131907087e+00   3.506893900795292396e+00   5.483907276736846192e+00   5.300487082726927035e+00   3.519448571494369626e-01   1.106853119165151833e+00
3.422179687834724371e-01   1.915835167748696222e+00   3.465283828049562587e+00   5.471434045805823487e+00   5.287486126663650587e+00   3.501522912840915325e-01   1.111536100274006955e+00
3.442316725179893622e-01   1.901718804986671785e+00   3.424155140410153564e+00   5.458621560958591523e+00   5.274502083143073783e+00   3.483881019684958447e-01   1.116239229046964043e+00
3.462453762525062873e-01   1.887686655307220462e+00   3.383510275890736274e+00   5.445527467515619335e+00   5.261612345500065402e+00   3.466490007750210878e-01   1.120962613143025033e+00
3.482590799870232123e-01   1.873741199839400906e+00   3.343350768923679883e+00   5.432425714688535301e+00   5.248507925969720489e+00   3.449179608242154971e-01   1.125705080025232840e+00
3.502727837215401374e-01   1.859884649617242758e+00   3.303677352865920458e+00   5.419787421666807603e+00   5.235222189361033784e+00   3.431656087067067595e-01   1.130466478080975667e+00
3.522864874560570625e-01   1.846118969952840194e+00   3.264490050207640159e+00   5.406907614109292659e+00   5.221784207561303681e+00   3.414371211254662586e-01   1.135246336367744080e+00
3.543001911905739876e-01   1.832445903562302192e+00   3.225788252208142914e+00   5.393828062946834478e+00   5.208219427741619612e+00   3.397301289876811237e-01   1.140043501704669504e+00
3.557385510009432039e-01   1.822736990041903482e+00   3.198440731032367701e+00   5.384383344396568738e+00   5.198740807971788946e+00   3.385228861794903898e-01   1.143480893491491734e+00
3.571769108113124203e-01   1.813076620186620858e+00   3.171339745669092380e+00   5.374866697736811361e+00   5.189235923112922144e+00   3.373249463005381643e-01   1.146926369443803662e+00
3.586152706216816366e-01   1.803465251548914239e+00   3.144484592774864584e+00   5.365288555695206796e+00   5.179673773375875534e+00   3.361357423422364765e-01   1.150380383254813621e+00
3.600536304320508529e-01   1.793903299256498718e+00   3.117874459684011779e+00   5.355658368890658494e+00   5.170061918738389828e+00   3.349547666588894579e-01   1.153842542742828492e+00
3.614919902424200693e-01   1.784391138844739544e+00   3.091508433341863871e+00   5.346390037138680107e+00   5.160407296999485638e+00   3.337562591673021717e-01   1.157312668117028709e+00
3.625193901069695412e-01   1.777627411992966699e+00   3.072824457099021966e+00   5.339808890017813781e+00   5.153488502612711741e+00   3.329009424505895431e-01   1.159795664788595415e+00
3.635467899715190132e-01   1.770889374606554156e+00   3.054264120970531682e+00   5.333197184213680053e+00   5.146553311868389713e+00   3.320502343038065907e-01   1.162283104700441605e+00
3.645741898360684852e-01   1.764177130111420411e+00   3.035827011245377349e+00   5.326558259441746657e+00   5.139603764776754957e+00   3.312039490010790233e-01   1.164774460198918060e+00
3.656015897006179571e-01   1.757490773489962521e+00   3.017512694794264316e+00   5.319895240152450633e+00   5.132641787445001214e+00   3.303619139386659298e-01   1.167269330180027209e+00
3.666289895651674291e-01   1.750830391889963034e+00   2.999320720262978135e+00   5.313211049765335758e+00   5.125669198425820916e+00   3.295239687434005638e-01   1.169767525677523512e+00
3.673628466112741631e-01   1.746088923840829921e+00   2.986401097106780700e+00   5.308425195903271998e+00   5.120683239806706588e+00   3.289278570202623930e-01   1.171554589250354939e+00
3.680967036573808970e-01   1.741360775570115038e+00   2.973543478849102861e+00   5.303630890877101933e+00   5.115693345918503887e+00   3.283337040979737442e-01   1.173343184630802005e+00
3.688305607034876310e-01   1.736645971973644009e+00   2.960747685722141309e+00   5.298829039173818423e+00   5.110700091960703517e+00   3.277414612048736853e-01   1.175134278964397705e+00
3.695644177495943650e-01   1.731944535834600174e+00   2.948013534167006178e+00   5.294020505871856130e+00   5.105704031329545423e+00   3.271510818504794194e-01   1.176925990256058263e+00
3.702982747957010989e-01   1.727256488608418294e+00   2.935340836984210444e+00   5.289206118138375601e+00   5.100714318240108014e+00   3.265625218660139772e-01   1.178720711767323515e+00
3.708224584000630597e-01   1.723916091546357165e+00   2.926326430075251395e+00   5.285764126473218028e+00   5.097223483074164285e+00   3.261432122769717945e-01   1.180002860488598815e+00
3.713466420044250205e-01   1.720582542150168592e+00   2.917343209718754160e+00   5.282319831342762839e+00   5.093730312221179446e+00   3.257247946141113570e-01   1.181286684672168574e+00
3.718708256087869812e-01   1.717255846517673490e+00   2.908391104568110119e+00   5.278873502564779940e+00   5.090235021291171336e+00   3.253072546033414225e-01   1.182571122907125849e+00
3.723950092131489420e-01   1.713936010499082840e+00   2.899470042474661113e+00   5.275425401868176323e+00   5.086737820076548289e+00   3.248905784720469980e-01   1.183856030918103874e+00
3.729191928175109028e-01   1.710623039350252839e+00   2.890579950522341512e+00   5.271975783051127351e+00   5.083238912661102837e+00   3.244747528715389850e-01   1.185141879262339826e+00
3.732936096777694224e-01   1.708260837248758435e+00   2.884248805372340740e+00   5.269510977110156702e+00   5.080738758859336457e+00   3.241782481655599013e-01   1.186061297342221099e+00
3.736680265380279420e-01   1.705902141889623636e+00   2.877933396674155819e+00   5.267045610093497032e+00   5.078237906857937745e+00   3.238821662414542168e-01   1.186981134373993774e+00
3.740424433982864616e-01   1.703546954876401287e+00   2.871633697169737154e+00   5.264579767686837108e+00   5.075736426080765362e+00   3.235865026364506680e-01   1.187900814147581752e+00
3.744168602585449812e-01   1.701195277781607729e+00   2.865349679427862117e+00   5.262113533750500061e+00   5.073234384623503068e+00   3.232912530051596511e-01   1.188821728836449543e+00
2.778801478553508120e-01   2.298204403763634218e+00   4.676988442839305371e+00   5.342422480528230544e+00   5.154726505615284005e+00   4.301802061031309576e-01   9.688161075738060957e-01
2.778664184173424423e-01   2.300034595831789375e+00   4.683574794369620875e+00   5.350197171635377558e+00   5.162572200066980699e+00   4.298971649167735443e-01   9.690046178101071606e-01
3.387293618916519811e-01   1.940481778020852976e+00   3.537673950415664237e+00   5.492788717450076241e+00   5.309839769650546160e+00   3.532780665413406407e-01   1.103436400785367422e+00
3.404287665757897430e-01   1.928446156103859721e+00   3.502231179954732987e+00   5.482535514917039166e+00   5.299050281992665035e+00   3.517434863589826710e-01   1.107374154162965807e+00
3.421281712599275049e-01   1.916466580198402880e+00   3.467129122112441397e+00   5.471997959697040947e+00   5.288071064702059232e+00   3.502315962677202132e-01   1.111326700413746371e+00
3.438275759440652668e-01   1.904544912792403011e+00   3.432369830934922206e+00   5.461216980965876822e+00   5.277059546875698892e+00   3.487400188328652062e-01   1.115293865842954091e+00
3.455269806282030287e-01   1.892682847639548527e+00   3.397954840454040060e+00   5.450227906144237799e+00   5.266237314129492475e+00   3.472667345719357979e-01   1.119275465783016177e+00
3.472263853123407906e-01   1.880881923626361640e+00   3.363885215460172162e+00   5.439061399839054900e+00   5.255252953011818384e+00   3.458100185598232401e-01   1.123270778827483829e+00
3.489257899964785525e-01   1.869143537749892170e+00   3.330161596949414715e+00   5.428270938517777644e+00   5.244127767250241767e+00   3.443349749709201379e-01   1.127279758947362653e+00
3.506251946806163144e-01   1.857468956185357456e+00   3.296784242872941473e+00   5.417549543910823218e+00   5.232880684702830187e+00   3.428614618343641118e-01   1.131301707514059007e+00
3.523245993647540764e-01   1.845859324752495700e+00   3.263753064784758795e+00   5.406661799611552688e+00   5.221528578987148173e+00   3.414046214033793492e-01   1.135336750074340761e+00
3.540240040488918383e-01   1.834315678116126946e+00   3.231067660851801193e+00   5.395632417123692015e+00   5.210086540603694694e+00   3.399630546170462897e-01   1.139384690360540908e+00
3.557234087330296002e-01   1.822838948158619132e+00   3.198727345656401599e+00   5.384483167102884771e+00   5.198840536842118887e+00   3.385355458617573809e-01   1.143444435475005738e+00
3.574228134171673621e-01   1.811429972016298962e+00   3.166731177156774990e+00   5.373233299277837105e+00   5.187605014581286866e+00   3.371210351614092882e-01   1.147516680750060081e+00
3.591222181013051240e-01   1.800089498404076949e+00   3.135077981103583156e+00   5.361899892893385200e+00   5.176291394160459802e+00   3.357185949685296822e-01   1.151599639797902030e+00
3.608216227854428859e-01   1.788818194910959614e+00   3.103766373215367302e+00   5.350665993317765157e+00   5.164911869198569150e+00   3.343169237520980941e-01   1.155693967005560374e+00
3.625210274695806478e-01   1.777616653203381247e+00   3.072794779313829938e+00   5.339798372218556466e+00   5.153477460210228678e+00   3.328995833347963562e-01   1.159800406797285355e+00
3.642204321537184097e-01   1.766485394390088004e+00   3.042161453682296290e+00   5.328847065426706386e+00   5.141998151685353236e+00   3.314948567113057409e-01   1.163916145208989672e+00
3.659198368378561717e-01   1.755424874539926128e+00   3.011864495753173276e+00   5.317826875609220849e+00   5.130483010412903333e+00   3.301019223832519778e-01   1.168042404833509185e+00
3.676192415219939336e-01   1.744435488581416394e+00   2.981901865391888506e+00   5.306751074584362016e+00   5.118940288011732065e+00   3.287200518856153164e-01   1.172179577892477509e+00
3.693186462061316955e-01   1.733517574719826371e+00   2.952271396811311011e+00   5.295631593546476168e+00   5.107377510004081245e+00   3.273485974425370260e-01   1.176325667429627408e+00
3.710180508902694574e-01   1.722671418560707934e+00   2.922970811323057028e+00   5.284479185830230463e+00   5.095920311871318553e+00   3.259869814947645716e-01   1.180481858795180861e+00
3.727174555744072193e-01   1.711897256094971453e+00   2.893997729014405884e+00   5.273303566681128984e+00   5.084585690888393295e+00   3.246346876200021381e-01   1.184647176432576776e+00
3.744168602585449812e-01   1.701195277770693792e+00   2.865349679428150331e+00   5.262113533750016003e+00   5.073234384623162896e+00   3.232912530031153420e-01   1.188821053479423684e+00
3.761162649426827431e-01   1.690565630833020805e+00   2.837024111383642300e+00   5.250917071297352301e+00   5.061872863523477761e+00   3.219562617116956682e-01   1.193004400369011897e+00
3.778156696268205050e-01   1.680008422592777606e+00   2.809018401958788491e+00   5.239721440603194225e+00   5.050507067193830579e+00   3.206293391045947905e-01   1.197195758932137588e+00
3.795150743109582669e-01   1.669523722922008346e+00   2.781329864769346294e+00   5.228933497096372562e+00   5.039142456869456943e+00   3.192857059377586237e-01   1.201395615781690518e+00
3.812144789950960289e-01   1.659111566870365095e+00   2.753955757554665595e+00   5.218164454046183565e+00   5.027784061774739577e+00   3.179492676939079665e-01   1.205603498132659324e+00
3.829138836792337908e-01   1.648771956672476335e+00   2.726893289171150592e+00   5.207392061286683749e+00   5.016436520222380402e+00   3.166214368474273844e-01   1.209819320740862514e+00
3.846132883633715527e-01   1.638504864156402618e+00   2.700139626003218218e+00   5.196623153891815505e+00   5.005104116091366961e+00   3.153018442234561403e-01   1.214042915720837446e+00
3.863126930475093146e-01   1.628310232391413592e+00   2.673691897885150048e+00   5.185863997479907006e+00   4.993790816562190038e+00   3.139901534600016419e-01   1.218273533355722416e+00
3.880120977316470765e-01   1.618187978074843381e+00   2.647547203538590299e+00   5.175120308261050184e+00   4.982500279517201314e+00   3.126860597794660079e-01   1.222511293387246623e+00
3.897115024157848384e-01   1.608137992786396353e+00   2.621702615585504326e+00   5.164397365885839974e+00   4.971235912805981094e+00   3.113892829798846074e-01   1.226756151104208881e+00
3.914109070999226003e-01   1.598160144841244801e+00   2.596155185162733137e+00   5.153700017842030690e+00   4.960000874555452910e+00   3.100995671669749543e-01   1.231008161296961001e+00
3.931103117840603622e-01   1.588254280720207356e+00   2.570901946170895958e+00   5.143032731046807804e+00   4.948798099931239314e+00   3.088166775864433777e-01   1.235266507763724819e+00
3.948097164681981242e-01   1.578420226536650262e+00   2.545939919197695467e+00   5.132399628066449004e+00   4.937630319896665121e+00   3.075403984337235497e-01   1.239531161065016818e+00
3.965091211523358861e-01   1.568657789435065064e+00   2.521266115114939144e+00   5.121804519338223116e+00   4.926500078124939286e+00   3.062705309256409936e-01   1.243801904269084657e+00
3.982085258364736480e-01   1.558966758775909511e+00   2.496877538414683961e+00   5.111250931899198768e+00   4.915409746289328474e+00   3.050068915706005135e-01   1.248079539330885224e+00
3.999079305206114099e-01   1.549346907186532007e+00   2.472771190250811379e+00   5.100742135007320321e+00   4.904412957227651582e+00   3.037493106254249842e-01   1.252362152157967090e+00
4.016073352047491718e-01   1.539797991914269693e+00   2.448944071279366419e+00   5.090281163113973939e+00   4.893518766651413721e+00   3.024976307934039710e-01   1.256651082479491199e+00
4.033067398888869337e-01   1.530319755916593971e+00   2.425393184234531319e+00   5.079870836434016823e+00   4.882663930409627540e+00   3.012517060356700860e-01   1.260945896552405632e+00
4.050061445730246956e-01   1.520911928292775661e+00   2.402115536321079770e+00   5.069513779403357567e+00   4.871850630815142580e+00   3.000114003974115873e-01   1.265246192516634283e+00
4.067055492571624575e-01   1.511574225884146472e+00   2.379108141409474797e+00   5.059370134768382599e+00   4.861080910604598238e+00   2.987672745064630653e-01   1.269551376922085195e+00
4.084049539413002194e-01   1.502306353707467679e+00   2.356368022055186806e+00   5.049388773002356778e+00   4.850356683826325011e+00   2.975224173151158058e-01   1.273861787940850920e+00
4.101043586254379814e-01   1.493108006031548030e+00   2.333892211339140932e+00   5.039457848128892969e+00   4.839679745780067321e+00   2.962834596554718702e-01   1.278177427097867636e+00
4.118037633095757433e-01   1.483978867035148141e+00   2.311677754580816480e+00   5.029580060170946609e+00   4.829051782107987911e+00   2.950502525621811478e-01   1.282498862735081069e+00
4.135031679937135052e-01   1.474918611319367301e+00   2.289721710893763529e+00   5.019757935553172068e+00   4.818474377121150454e+00   2.938226564418654485e-01   1.286824611742620972e+00
4.152025726778512671e-01   1.465926904872844716e+00   2.268021154603033107e+00   5.009993841173471907e+00   4.807949021420167668e+00   2.926005403091446189e-01   1.291155094604694353e+00
4.169019773619890290e-01   1.457003405855516576e+00   2.246573176557022933e+00   5.000289997128283481e+00   4.797477118900522086e+00   2.913837810791550242e-01   1.295490200139933101e+00
4.186013820461267909e-01   1.448147764782675262e+00   2.225374885323246676e+00   4.990648488263696336e+00   4.787059993212143816e+00   2.901722628207987764e-01   1.299830620528691805e+00
4.203007867302645528e-01   1.439359625298834766e+00   2.204423408264388318e+00   4.981071274573897867e+00   4.776698893665133561e+00   2.889658762054079788e-01   1.304175100440397195e+00
4.220001914144023147e-01   1.430638624872926812e+00   2.183715892539043857e+00   4.971560200694140619e+00   4.766395000718028463e+00   2.877645180024527849e-01   1.308523877600848317e+00
4.236995960985400766e-01   1.421984395100821530e+00   2.163249505988426247e+00   4.962117004492692551e+00   4.756149431027367314e+00   2.865680905575904713e-01   1.312876705638990504e+00
4.253990007826778386e-01   1.413396562302295711e+00   2.143021437952994823e+00   4.952743324846348827e+00   4.745963242099878521e+00   2.853765013849459686e-01   1.317234627661413748e+00
4.270984054668156005e-01   1.404874747883354535e+00   2.123028900017486453e+00   4.943440711087142780e+00   4.735837437814953255e+00   2.841896626235454471e-01   1.321597074750572531e+00
4.283122659554854383e-01   1.398827945054677002e+00   2.108891185032415461e+00   4.936840306460712924e+00   4.728642218293710897e+00   2.833447829422531261e-01   1.324714857603105589e+00
4.295261264441552762e-01   1.392814488939848161e+00   2.094871226464662062e+00   4.930277413611467985e+00   4.721478625308393795e+00   2.825022553689530147e-01   1.327835533101734411e+00
4.307399869328251141e-01   1.386834237625862443e+00   2.080968030002144253e+00   4.923752520352630668e+00   4.714346979266242244e+00   2.816620518381658389e-01   1.330957315853164458e+00
4.319538474214949519e-01   1.380887048599220179e+00   2.067180607642543411e+00   4.917266095737268472e+00   4.707247589584158121e+00   2.808241453103988428e-01   1.334082534852781388e+00
4.331677079101647898e-01   1.374972778178175536e+00   2.053507977773346926e+00   4.910818591555272228e+00   4.700180755585393833e+00   2.799885095618482866e-01   1.337208836932529454e+00
4.340347511163575311e-01   1.370768373740474999e+00   2.043811554275432485e+00   4.906237300508871968e+00   4.695153109166434469e+00   2.793930031876565856e-01   1.339443624877166394e+00
4.349017943225502725e-01   1.366580638104778700e+00   2.034172847390331995e+00   4.901676241360070740e+00   4.690142322764120131e+00   2.787986335314535102e-01   1.341679301439698824e+00
4.357688375287430138e-01   1.362409518257777563e+00   2.024591505500836330e+00   4.897135563055292629e+00   4.685148496471649437e+00   2.782053918490626221e-01   1.343916188960520675e+00
4.366358807349357551e-01   1.358254961073839695e+00   2.015067178717723895e+00   4.892615410551882427e+00   4.680171728133229792e+00   2.776132696112793008e-01   1.346153576996097501e+00
4.375029239411284965e-01   1.354116913357643170e+00   2.005599518889205068e+00   4.888115925114316695e+00   4.675212113522456470e+00   2.770222584944064814e-01   1.348392595099521918e+00
4.381222405169804546e-01   1.351171243115118159e+00   1.998871406824512587e+00   4.884914736249118761e+00   4.671680085756135803e+00   2.766007834463483084e-01   1.349992524623817802e+00
4.387415570928324127e-01   1.348233949317886982e+00   1.992171904004464977e+00   4.881724210779162298e+00   4.668156891135576636e+00   2.761798682401802596e-01   1.351592740434680362e+00
4.393608736686843708e-01   1.345305012296080349e+00   1.985500885193163922e+00   4.878544396683816231e+00   4.664642562640155532e+00   2.757595099904285862e-01   1.353193521256515597e+00
4.399801902445363289e-01   1.342384412523756509e+00   1.978858225618882027e+00   4.875375341037234911e+00   4.661137132762221746e+00   2.753397058939394126e-01   1.354794877544831522e+00
4.405995068203882870e-01   1.339472130387889592e+00   1.972243800966198668e+00   4.872217090068050815e+00   4.657640633539139152e+00   2.749204531789820050e-01   1.356396738279567193e+00
4.410418758031396935e-01   1.337397010475001480e+00   1.967536429991280533e+00   4.869967836697577823e+00   4.655148619304629420e+00   2.746213230397671623e-01   1.357541722121305527e+00
4.414842447858911001e-01   1.335326117063686979e+00   1.962843356402006911e+00   4.867724135273086006e+00   4.652661188979045015e+00   2.743224718482887847e-01   1.358685584274393676e+00
4.419266137686425067e-01   1.333259442992016375e+00   1.958164535325227273e+00   4.865486001810712224e+00   4.650178353798664510e+00   2.740238986394859522e-01   1.359830548411709250e+00
4.423689827513939132e-01   1.331196981041102845e+00   1.953499922016796342e+00   4.863253452140048338e+00   4.647700124906491759e+00   2.737256024473322391e-01   1.360976425927502342e+00
6.553711287394820006e-01   7.078170279467030923e-01   7.645849705341438707e-01   4.796391015412179826e+00   4.137428525339577057e+00   1.475728366749674836e-01   2.008877785329129750e+00
6.573124408727327728e-01   7.046567700318746574e-01   7.597700645552226684e-01   4.806533372560512163e+00   4.140624657442471879e+00   1.466039482955869833e-01   2.017082014772211274e+00
6.592537530059835449e-01   7.015309392415930434e-01   7.550216561391253078e-01   4.816984964328193008e+00   4.143892820343276995e+00   1.456369377186613190e-01   2.025376352846853134e+00
6.611950651392343170e-01   6.984393687208694246e-01   7.503391015185963964e-01   4.828312060107591286e+00   4.147391028454662454e+00   1.446549767343136006e-01   2.033766194185534726e+00
6.631363772724850891e-01   6.953818965108666816e-01   7.457217701600185045e-01   4.839325705411308576e+00   4.151461121827464851e+00   1.436939645813246902e-01   2.042246858897649009e+00
6.650776894057358612e-01   6.923583660519625482e-01   7.411690446718073311e-01   4.850042579846934210e+00   4.155592359115019008e+00   1.427530489997910768e-01   2.050831063908196583e+00
6.670190015389866334e-01   6.893686254846899120e-01   7.366803207223172612e-01   4.861972805240426965e+00   4.159783828532519045e+00   1.417878406768670330e-01   2.059509474246458804e+00
6.689603136722374055e-01   6.864125283501607555e-01   7.322550069589287558e-01   4.873833052323137238e+00   4.164034670840791819e+00   1.408362824456982076e-01   2.068292502528168431e+00
6.709016258054881776e-01   6.834899333720159120e-01   7.278925249336738457e-01   4.885374291952946813e+00   4.168445509433544416e+00   1.399053363214854684e-01   2.077183761461063316e+00
6.728429379387389497e-01   6.806007044295938613e-01   7.235923090334056562e-01   4.897402846688459377e+00   4.173541453154390624e+00   1.389717623270065594e-01   2.086179138879704187e+00
6.747842500719897219e-01   6.777447108187288904e-01   7.193538064198337079e-01   4.910134895105024100e+00   4.178684037415142605e+00   1.380297538249674605e-01   2.095288192121342430e+00
6.767255622052404940e-01   6.749218271932021507e-01   7.151764769649392450e-01   4.922525438796501618e+00   4.183872663766644351e+00   1.371088551160870306e-01   2.104510935027263496e+00
6.786668743384912661e-01   6.721319334598092610e-01   7.110597932038502655e-01   4.934722424955413800e+00   4.189106789974150757e+00   1.362046079959364775e-01   2.113852159162673328e+00
6.806081864717420382e-01   6.693749153647559069e-01   7.070032402826952334e-01   4.948307315390916727e+00   4.194739947547523329e+00   1.352735132845877541e-01   2.123311925161258884e+00
6.825494986049928103e-01   6.666506639026010816e-01   7.030063159195859557e-01   4.961530822122131035e+00   4.200844190593101324e+00   1.343639065850775471e-01   2.132895404415894980e+00
6.844908107382435825e-01   6.639590759027669264e-01   6.990685303670300943e-01   4.974411441499420938e+00   4.206980172368871784e+00   1.334749012443232630e-01   2.142609250848972913e+00
6.864321228714943546e-01   6.613000537553261893e-01   6.951894063810269975e-01   4.988414640946943202e+00   4.213147691474776302e+00   1.325671784232019257e-01   2.152448035545295291e+00
6.883734350047451267e-01   6.586735059123611791e-01   6.913684791974673560e-01   5.002503108061793213e+00   4.219424443514959044e+00   1.316687849430567270e-01   2.162423386723150376e+00
6.903147471379958988e-01   6.560793464676635267e-01   6.876052965110434068e-01   5.016228731940779006e+00   4.226504561650182623e+00   1.307913537295629647e-01   2.172540804438712669e+00
6.922560592712466709e-01   6.535174954125296809e-01   6.838994184653652830e-01   5.030587181863215740e+00   4.233600916476777165e+00   1.299087903234551478e-01   2.182795127925274414e+00
6.941973714044974431e-01   6.509878791760000949e-01   6.802504176434230887e-01   5.045529830374104741e+00   4.240713723687845160e+00   1.290226995105749341e-01   2.193197418487736527e+00
6.961386835377482152e-01   6.484904300710923053e-01   6.766578790679553812e-01   5.060091468137700055e+00   4.247854483253359348e+00   1.281578473738065882e-01   2.203746588965116882e+00
6.980799956709989873e-01   6.460250865751504534e-01   6.731214002081002956e-01   5.074887875793613112e+00   4.255905588829246078e+00   1.272983960210401500e-01   2.214449626429560780e+00
7.000213078042497594e-01   6.435917937669728417e-01   6.696405909910141396e-01   5.090722971049792989e+00   4.263957170851725209e+00   1.264244386164767864e-01   2.225311574080192756e+00
7.019626199375005315e-01   6.411905031374089958e-01   6.662150738205979694e-01   5.106157470809625565e+00   4.272009916649533778e+00   1.255720190383675661e-01   2.236335118983625581e+00
7.039039320707513037e-01   6.388211726764438936e-01   6.628444836036160304e-01   5.121495321933872802e+00   4.280229937139280239e+00   1.247333312871650723e-01   2.247528145690919299e+00
7.058452442040020758e-01   6.364837671421810228e-01   6.595284677821836583e-01   5.138216554049614082e+00   4.289253962142952403e+00   1.238725072108035619e-01   2.258891441393973576e+00
7.077865563372528479e-01   6.341782581721417955e-01   6.562666863729197386e-01   5.154518795199975578e+00   4.298262049587236788e+00   1.230334553756415455e-01   2.270430335726560944e+00
7.097278684705036200e-01   6.319046243081629655e-01   6.530588120149577458e-01   5.170482199143109803e+00   4.307255418618585630e+00   1.222138670959715956e-01   2.282151581403884855e+00
7.116691806037543921e-01   6.296628511599919875e-01   6.499045300229018274e-01   5.188132472651559191e+00   4.316781317477815350e+00   1.213659933471557817e-01   2.294057092956816035e+00
7.136104927370051643e-01   6.274529316700636628e-01   6.468035384497070606e-01   5.205343390689686878e+00   4.326760887178805248e+00   1.205401612489831742e-01   2.306157388609833880e+00
7.155518048702559364e-01   6.252748661885334513e-01   6.437555481559146253e-01   5.222135097410644633e+00   4.336708511727655591e+00   1.197354826187034399e-01   2.318457258251248376e+00
7.174931170035067085e-01   6.231286625089751396e-01   6.407602828865756051e-01   5.240643855924878913e+00   4.346703732982307500e+00   1.189030736756684636e-01   2.330959528348969911e+00
7.194344291367574806e-01   6.210143361059863309e-01   6.378174793574432622e-01   5.258760337858490175e+00   4.357681488397945557e+00   1.180913934478482474e-01   2.343668400404320895e+00
7.213757412700082527e-01   6.189319105750428207e-01   6.349268873492972531e-01   5.276438334266192243e+00   4.368608754712231423e+00   1.173010791305152678e-01   2.356595291054552455e+00
7.233170534032590249e-01   6.168814173282726188e-01   6.320882698093479579e-01   5.295891730555268850e+00   4.379487900129118039e+00   1.164830114953262497e-01   2.369745303204324749e+00
7.252583655365097970e-01   6.148628960534097132e-01   6.293014029630563666e-01   5.314956742644483256e+00   4.391204391950093822e+00   1.156853998678983864e-01   2.383121836795929926e+00
7.271996776697605691e-01   6.128763950300708530e-01   6.265660764347270595e-01   5.333566455373771831e+00   4.403119469832394550e+00   1.149093013386145168e-01   2.396737666004567835e+00
7.291409898030113412e-01   6.109219709621811489e-01   6.238820933759665621e-01   5.354079708140967675e+00   4.414968208029348418e+00   1.141040111960350684e-01   2.410595729857066605e+00
7.310823019362621134e-01   6.089996893457509941e-01   6.212492706048010627e-01   5.374089825773779694e+00   4.427496576702052877e+00   1.133214570446941100e-01   2.424704179412914495e+00
7.330236140695128855e-01   6.071096250050231902e-01   6.186674387543520393e-01   5.393850723037981965e+00   4.440419438240795103e+00   1.125558819067726118e-01   2.439071295964267527e+00
7.349649262027636576e-01   6.052518618097337821e-01   6.161364424307199661e-01   5.415376481727061098e+00   4.453256636754300501e+00   1.117654264393281999e-01   2.453704848890580159e+00
7.369062383360144297e-01   6.034264931381585484e-01   6.136561403818268090e-01   5.436374329244557657e+00   4.466748668872669192e+00   1.109979660326317341e-01   2.468609929091486688e+00
7.388475504692652018e-01   6.016336222602376438e-01   6.112264056757895636e-01   5.457473883608312981e+00   4.480680516311846162e+00   1.102403117433621293e-01   2.483798451175370126e+00
7.407888626025159740e-01   5.998733623088128297e-01   6.088471258904878392e-01   5.480005837797450319e+00   4.494507405995173954e+00   1.094658254141416681e-01   2.499283100291521453e+00
7.427301747357667461e-01   5.981458366605920673e-01   6.065182033144705942e-01   5.501985062098356138e+00   4.509124874176477782e+00   1.087145511864530956e-01   2.515065819205767994e+00
7.446714868690175182e-01   5.964511792939219958e-01   6.042395551570028944e-01   5.524591479789500603e+00   4.524080187093396432e+00   1.079629473918401195e-01   2.531160427046995398e+00
7.466127990022682903e-01   5.947895350310545837e-01   6.020111137720315364e-01   5.548172435151587756e+00   4.538910291027725030e+00   1.072045870929755479e-01   2.547576611771507960e+00
7.485541111355190624e-01   5.931610596629752763e-01   5.998328268916991446e-01   5.571172671684131217e+00   4.554816705089717921e+00   1.064696958106786384e-01   2.564326929733516724e+00
7.504954232687698346e-01   5.915659204746361866e-01   5.977046578725629944e-01   5.595489551125615968e+00   4.570790161985315514e+00   1.057219238941539824e-01   2.581413268537851469e+00
7.524367354020206067e-01   5.900042965272405127e-01   5.956265859546121533e-01   5.620107573510553678e+00   4.586818966453806823e+00   1.049809614513658174e-01   2.598858732227448787e+00
7.543780475352713788e-01   5.884763787274778224e-01   5.935986065290895786e-01   5.644116715788643823e+00   4.603992173738972404e+00   1.042636799273295861e-01   2.616667412262594805e+00
7.563193596685221509e-01   5.869823706747183678e-01   5.916207314242881710e-01   5.670367951164573483e+00   4.620992609949632346e+00   1.035175099270523730e-01   2.634858607098071737e+00
7.582606718017729230e-01   5.855224884381868833e-01   5.896929891982989336e-01   5.696060144237792500e+00   4.638624761480737213e+00   1.027942952868060866e-01   2.653439163767250086e+00
7.602019839350236952e-01   5.840969612074786710e-01   5.878154254480451035e-01   5.722061916342679133e+00   4.656834563055727294e+00   1.020780567821626961e-01   2.672419713201737768e+00
7.621432960682744673e-01   5.827060319960537527e-01   5.859881031293049380e-01   5.749507540212399626e+00   4.674850539748714340e+00   1.013488595189366986e-01   2.691825582697708885e+00
7.640846082015252394e-01   5.813499571470401861e-01   5.842111028898708813e-01   5.776253215879560976e+00   4.694271998120946421e+00   1.006448186081670831e-01   2.711658146690983262e+00
7.660259203347760115e-01   5.800290077531826682e-01   5.824845234173429143e-01   5.804597139299787933e+00   4.713522027880729937e+00   9.992579912671629983e-02   2.731941295689912064e+00
7.679672324680267836e-01   5.787434692772421840e-01   5.808084817953902412e-01   5.833160837774589602e+00   4.733430077839156702e+00   9.921610004808965877e-02   2.752687874168460613e+00
7.699085446012775558e-01   5.774936424134011759e-01   5.791831138768913645e-01   5.861480914264621589e+00   4.753948575556921519e+00   9.852350470134614568e-02   2.773919138263697182e+00
7.718498567345283279e-01   5.762798433997886605e-01   5.776085746682575461e-01   5.891934825829608258e+00   4.774431966695345864e+00   9.780825152264750744e-02   2.795642024378642176e+00
7.737911688677791000e-01   5.751024045672465945e-01   5.760850387243537929e-01   5.921583953367183462e+00   4.796272176947270260e+00   9.711969113267857057e-02   2.817885787293315403e+00
7.757324810010298721e-01   5.739616746450337814e-01   5.746127005566372681e-01   5.952736055225336997e+00   4.817832524707291952e+00   9.641980919701752251e-02   2.840663913806233065e+00
7.776737931342806442e-01   5.728580192543404337e-01   5.731917750524054833e-01   5.984336460560601978e+00   4.840628990856721714e+00   9.572623849439711174e-02   2.863996150251191697e+00
7.796151052675314164e-01   5.717918214621704465e-01   5.718224979045102296e-01   6.015754960594703604e+00   4.863508435275969433e+00   9.504905455883869148e-02   2.887901771565509090e+00
7.815564174007821885e-01   5.707634826309231357e-01   5.705051260499841570e-01   6.049378323644904576e+00   4.887161778400118450e+00   9.435076665646918714e-02   2.912413437329524513e+00
7.834977295340329606e-01   5.697734221328119020e-01   5.692399381188916196e-01   6.082076756159666253e+00   4.911410335144961614e+00   9.368073521199314635e-02   2.937538053642148927e+00
7.854390416672837327e-01   5.688220785544899627e-01   5.680272348894706003e-01   6.116908207503543693e+00   4.936033605877024222e+00   9.299176303752967887e-02   2.963308348232589928e+00
7.873803538005345048e-01   5.679099100037774406e-01   5.668673397496711841e-01   6.151683455164455694e+00   4.961679211716202964e+00   9.231780440962160383e-02   2.989747702888704950e+00
7.893216659337852770e-01   5.670373947748430510e-01   5.657605991633805065e-01   6.187146579660556256e+00   4.987391762020725317e+00   9.164764200656003168e-02   3.016888226115039373e+00
7.912629780670360491e-01   5.662050314111866101e-01   5.647073831399225252e-01   6.224066676713618129e+00   5.014482975893499450e+00   9.097027085676236136e-02   3.044745458380415659e+00
7.932042902002868212e-01   5.654133401820899962e-01   5.637080856995966283e-01   6.260272872468001459e+00   5.041422942801276896e+00   9.031768290304345581e-02   3.073359048860563103e+00
7.951456023335375933e-01   5.646628626282108598e-01   5.627631253413154511e-01   6.299480030312687440e+00   5.069983667171614528e+00   8.963642394468908370e-02   3.102753080256527518e+00
7.970869144667883655e-01   5.639541628198685430e-01   5.618729455016642227e-01   6.337525563229722714e+00   5.098283126362601614e+00   8.898649120911267252e-02   3.132961863035014449e+00
7.990282266000391376e-01   5.632878275787334132e-01   5.610380150024674162e-01   6.378161466113555278e+00   5.128359141656157583e+00   8.831507803172081172e-02   3.164025425188954355e+00
8.009695387332899097e-01   5.626644670494442835e-01   5.602588284872510593e-01   6.418454289851482919e+00   5.158178288481179763e+00   8.766354664846633116e-02   3.195966694114996898e+00
8.029108508665406818e-01   5.620847155606725210e-01   5.595359068360725718e-01   6.460360923478823736e+00   5.189788180930100303e+00   8.700515686637472212e-02   3.228837442924039181e+00
