# freq   mass   ang   radius99   radius95   compactness   kappa
2.482502601351725402e-01   2.955651317013575863e+00   7.393536625572504128e+00   8.026444217231533784e+00   7.831775083060831477e+00   3.682391899850558925e-01   1.069211505503536497e+00
2.499468583208281913e-01   2.931608209641467511e+00   7.297015888634198255e+00   8.006710216248583478e+00   7.811902892552735622e+00   3.661439131008073500e-01   1.075326548754964362e+00
2.516434565064838424e-01   2.907590529952585712e+00   7.201249452680752228e+00   7.985804643648831913e+00   7.791327124761139977e+00   3.640948733030945905e-01   1.081461809306792476e+00
2.533400546921394936e-01   2.883618507369646977e+00   7.106307307300550491e+00   7.963933282771351152e+00   7.770508792595570924e+00   3.620847142966249210e-01   1.087616777754392805e+00
2.550366528777951447e-01   2.859709795644790109e+00   7.012247904064253134e+00   7.941258771899395441e+00   7.748872758138514172e+00   3.601078717852689848e-01   1.093790996366308832e+00
2.567332510634507958e-01   2.835879854681707446e+00   6.919119961036734878e+00   7.919020707848012819e+00   7.726539152534790844e+00   3.581099177921401866e-01   1.099983428414690323e+00
2.584298492491064470e-01   2.812142264118278945e+00   6.826963930396553693e+00   7.896108622534499411e+00   7.703607782399610748e+00   3.561428038227310022e-01   1.106193831607459988e+00
2.601264474347620981e-01   2.788508978645836578e+00   6.735813203774741353e+00   7.872567754412992613e+00   7.680162508268656651e+00   3.542057770265272243e-01   1.112420996578462828e+00
2.618230456204177492e-01   2.764990541078645947e+00   6.645695111065501592e+00   7.848498060132760301e+00   7.656597427346714113e+00   3.522954990743636938e-01   1.118664147125133290e+00
2.635196438060734003e-01   2.741596260488677217e+00   6.556631754653563959e+00   7.823982585204436013e+00   7.632810997032686728e+00   3.504092999482361637e-01   1.124922594646388330e+00
2.652162419917290515e-01   2.718334361866823201e+00   6.468640711417051214e+00   7.799091049446539081e+00   7.608630356852676080e+00   3.485450220586576164e-01   1.131195223712444520e+00
2.669128401773847026e-01   2.695212114231594569e+00   6.381735627210495920e+00   7.773882539952574611e+00   7.584110718208807889e+00   3.467009052915324130e-01   1.137481694574185020e+00
2.686094383630403537e-01   2.672235938763037666e+00   6.295926723479283282e+00   7.748407560787629045e+00   7.559299929052898825e+00   3.448755009076218125e-01   1.143780333756009293e+00
2.703060365486960048e-01   2.649411503144506685e+00   6.211221231267830767e+00   7.722924784949166011e+00   7.534239726244738478e+00   3.430580482031647671e-01   1.150090739394640460e+00
2.720026347343516560e-01   2.626743802587839127e+00   6.127623764973835208e+00   7.697554783715740534e+00   7.508966729620726532e+00   3.412439243881373319e-01   1.156412174517120528e+00
2.736992329200073071e-01   2.604237229538171050e+00   6.045136645625677652e+00   7.671957879584336837e+00   7.483513238311592097e+00   3.394488434912089625e-01   1.162743346790576782e+00
2.753958311056629582e-01   2.581895636466583710e+00   5.963760181772905788e+00   7.646171569168545012e+00   7.457907874193243636e+00   3.376716848569672469e-01   1.169083819991729944e+00
2.770924292913186093e-01   2.559722388442992269e+00   5.883492914374483185e+00   7.620228428681385502e+00   7.432176105940833999e+00   3.359115034935941102e-01   1.175432353244490580e+00
2.787890274769742605e-01   2.537720411923714892e+00   5.804331831147022669e+00   7.594156883511314682e+00   7.406340679085553269e+00   3.341674988876905394e-01   1.181788294452040144e+00
2.804856256626299116e-01   2.515892236177819541e+00   5.726272554759383127e+00   7.567981828289020108e+00   7.380421971351467825e+00   3.324389901113988244e-01   1.188150675482804841e+00
2.821822238482855627e-01   2.494240030924174789e+00   5.649309508527292856e+00   7.541725130239513852e+00   7.354438288193107631e+00   3.307253960931564318e-01   1.194518782831388570e+00
2.838788220339412138e-01   2.472765639169097085e+00   5.573436062752175069e+00   7.515406040577313540e+00   7.328406110086670644e+00   3.290262197169516734e-01   1.200891764365830117e+00
2.855754202195968650e-01   2.451470607651003775e+00   5.498644664216282507e+00   7.489041532823443426e+00   7.302340300592829792e+00   3.273410351520343320e-01   1.207269270667544303e+00
2.872720184052525161e-01   2.430356212649940062e+00   5.424926951108211881e+00   7.462646582666686790e+00   7.276254282376155125e+00   3.256694774069659459e-01   1.213649751858645987e+00
2.889686165909081672e-01   2.409423484689682482e+00   5.352273855151349125e+00   7.436234400597585115e+00   7.250160186782358629e+00   3.240112340321141815e-01   1.220033114845584299e+00
2.906652147765638183e-01   2.388673229730216008e+00   5.280675692595758974e+00   7.409816626224118963e+00   7.224068981560257896e+00   3.223660382196842367e-01   1.226418323445175762e+00
2.923618129622194695e-01   2.368106048313165957e+00   5.210122245388873807e+00   7.383403491187426226e+00   7.197990580331911303e+00   3.207336631594975285e-01   1.232804439240011929e+00
2.940584111478751206e-01   2.347722354195070693e+00   5.140602833674744687e+00   7.357003956216852991e+00   7.171933936772661333e+00   3.191139175902150127e-01   1.239191123145572115e+00
2.957550093335307717e-01   2.327522389260025193e+00   5.072106380696353334e+00   7.330625826717485971e+00   7.145907125898189882e+00   3.175066418991194239e-01   1.245577932679643007e+00
2.974516075191864228e-01   2.307506238797373044e+00   5.004621470929825122e+00   7.304275850457992547e+00   7.119917414443077242e+00   3.159117051490720751e-01   1.251963391623473587e+00
2.991482057048420740e-01   2.287673844143796487e+00   4.938136402176725781e+00   7.277959800137204560e+00   7.093971321889524617e+00   3.143290024905975866e-01   1.258347380242123670e+00
3.008448038904977251e-01   2.268025015736043315e+00   4.872639232354274874e+00   7.251682543215672183e+00   7.068074673548714770e+00   3.127584532582578514e-01   1.264729468585917171e+00
3.025414020761533762e-01   2.248559442873670378e+00   4.808117821503092415e+00   7.225448100822214670e+00   7.042232646743241453e+00   3.111999991554568190e-01   1.271108568477866907e+00
3.042380002618090273e-01   2.229276704776339102e+00   4.744559869535597940e+00   7.199259697304468908e+00   7.016449811045765372e+00   3.096536030796360750e-01   1.277484457088476244e+00
3.941577041015585370e-01   1.439844035294186364e+00   2.444894977199291830e+00   5.988526778332616374e+00   5.807459263605244892e+00   2.404337641945189230e-01   1.600155634686425632e+00
3.958543022872141881e-01   1.428671895492243271e+00   2.416611457053713163e+00   5.969679201278881742e+00   5.788442072043908482e+00   2.393213851736253617e-01   1.605843043995906605e+00
3.975509004728698392e-01   1.417612987955067183e+00   2.388734333996317627e+00   5.950881168944496480e+00   5.769496280390518983e+00   2.382190044985401933e-01   1.611513140694798896e+00
3.992474986585254904e-01   1.406666080314380451e+00   2.361257053322093569e+00   5.932126248952140024e+00   5.750617032142533169e+00   2.371267942186591482e-01   1.617167999271150958e+00
4.009440968441811415e-01   1.395829951557629789e+00   2.334173172184556666e+00   5.913407788169539714e+00   5.731799304416532514e+00   2.360449340818588926e-01   1.622805028119853388e+00
4.026406950298367926e-01   1.385103392037876802e+00   2.307476357894000074e+00   5.894718908667778479e+00   5.713037906950346745e+00   2.349736117189875906e-01   1.628425895433852189e+00
4.043372932154924437e-01   1.374485203962649393e+00   2.281160386211092295e+00   5.876052503518587322e+00   5.694327481160385673e+00   2.339130229247621540e-01   1.634029675327374642e+00
4.060338914011480949e-01   1.363974200798452330e+00   2.255219139655695315e+00   5.857946179815129994e+00   5.675662499292993601e+00   2.328417091809979467e-01   1.639618131945876689e+00
4.077304895868037460e-01   1.353569207916166306e+00   2.229646605822294347e+00   5.840331750791591503e+00   5.657419292257890753e+00   2.317623836578641683e-01   1.645190572723958633e+00
4.094270877724593971e-01   1.343269061848900492e+00   2.204436875701663023e+00   5.822776780326386792e+00   5.639512793657570633e+00   2.306921787535200496e-01   1.650745612479626034e+00
4.111236859581150482e-01   1.333072611274360497e+00   2.179584142020342341e+00   5.805275956686334560e+00   5.621673155825716250e+00   2.296312218782587400e-01   1.656284295756137892e+00
4.128202841437706994e-01   1.322978716313059522e+00   2.155082697591133911e+00   5.787823837646273617e+00   5.603895700698919846e+00   2.285796446857776831e-01   1.661807215095735923e+00
4.145168823294263505e-01   1.312986248789570709e+00   2.130926933677970592e+00   5.770414873740032924e+00   5.586175633625037662e+00   2.275375822221553102e-01   1.667314523643651292e+00
4.162134805150820016e-01   1.303094092218316291e+00   2.107111338377444021e+00   5.753043376359818772e+00   5.568508028702154888e+00   2.265051742131720391e-01   1.672805248584074755e+00
4.179100787007376527e-01   1.293301141867459592e+00   2.083630495005319272e+00   5.735703542905098651e+00   5.550887841023723901e+00   2.254825641166960382e-01   1.678279023250867530e+00
4.196066768863933039e-01   1.283606304498562167e+00   2.060479080510590144e+00   5.718389453115196197e+00   5.533309905302896681e+00   2.244698992649572789e-01   1.683738182706655317e+00
4.213032750720489550e-01   1.274008498515627474e+00   2.037651863912956163e+00   5.701306922215836792e+00   5.516038071604094206e+00   2.234590271839774489e-01   1.689180761546720033e+00
4.229998732577046061e-01   1.264506654078331849e+00   2.015143704734313701e+00   5.685037165295176997e+00   5.499201034372037000e+00   2.224271569933837789e-01   1.694608235236623406e+00
4.246964714433602572e-01   1.255099712561786873e+00   1.992949551474393344e+00   5.668827577390215033e+00   5.482426989454473265e+00   2.214037550846806868e-01   1.700019829241309122e+00
4.263930696290159084e-01   1.245786627197389862e+00   1.971064440084197900e+00   5.652673767718384035e+00   5.465711626887482133e+00   2.203889129975800387e-01   1.705416151796402824e+00
4.276049254759128337e-01   1.239191312238858700e+00   1.955618721463589615e+00   5.641167029557767165e+00   5.453805583649088184e+00   2.196693176688306048e-01   1.709260356726969965e+00
4.288167813228097591e-01   1.232642980601667659e+00   1.940326435408837646e+00   5.629684865185920373e+00   5.441925621658228351e+00   2.189541706365049911e-01   1.713097811192325848e+00
4.300286371697066845e-01   1.226141261632392343e+00   1.925185852362750749e+00   5.618225642020812316e+00   5.430070099803239181e+00   2.182435060033229846e-01   1.716926532027336805e+00
4.312404930166036099e-01   1.219685787369257923e+00   1.910195264211151933e+00   5.606787721233684074e+00   5.418237358795963132e+00   2.175373579331598972e-01   1.720748460182340844e+00
4.324523488635005353e-01   1.213276192883995463e+00   1.895352984029874399e+00   5.595369458716931810e+00   5.406425721519021899e+00   2.168357606831221585e-01   1.724562637976529089e+00
4.333179601827126248e-01   1.208725800095521663e+00   1.884841232440848113e+00   5.587224680695774381e+00   5.398000821433234009e+00   2.163374249601502652e-01   1.727282616028414486e+00
4.341835715019247144e-01   1.204198499590461324e+00   1.874403697064078278e+00   5.579088491229068580e+00   5.389585202899626282e+00   2.158414410317369692e-01   1.729998448728268468e+00
4.350491828211368039e-01   1.199694160981493951e+00   1.864039782544057111e+00   5.570960289082427686e+00   5.381415991278847066e+00   2.153478213320905166e-01   1.732708926408207395e+00
4.359147941403488935e-01   1.195212654869806101e+00   1.853748898807545453e+00   5.562839473087716868e+00   5.373359089341875006e+00   2.148565783089889936e-01   1.735417226515199030e+00
4.367804054595609831e-01   1.190753852450711747e+00   1.843530461014210253e+00   5.554725442290713744e+00   5.365318366450958720e+00   2.143677243496046880e-01   1.738120655132091352e+00
4.373986992589981582e-01   1.187582822931631199e+00   1.836275610239841205e+00   5.549059279135421185e+00   5.359584618168061532e+00   2.140151624252722429e-01   1.740049452945873654e+00
4.380169930584353333e-01   1.184423265145710502e+00   1.829057216197565783e+00   5.543617416372008222e+00   5.353858680767820566e+00   2.136553041426964561e-01   1.741977037745640500e+00
4.386352868578725084e-01   1.181275132910514003e+00   1.821875070576464362e+00   5.538184270533918152e+00   5.348140368178569304e+00   2.132964659907625460e-01   1.743903369931927516e+00
4.392535806573096835e-01   1.178138380224709181e+00   1.814728966392056941e+00   5.532759686576884661e+00   5.342429493720783462e+00   2.129386503236367356e-01   1.745825580462387006e+00
4.398718744567468586e-01   1.175012961224183528e+00   1.807618697969926469e+00   5.527343510046423880e+00   5.336725870083206757e+00   2.125818594571688980e-01   1.747747061255867651e+00
4.403135128849162694e-01   1.172787432818608977e+00   1.802561761812559338e+00   5.523479874809924972e+00   5.332656188495826122e+00   2.123276375400873772e-01   1.749119136498212823e+00
4.407551513130856802e-01   1.170567646991685251e+00   1.797522930834595023e+00   5.519620394874899638e+00   5.328590041884006645e+00   2.120739404613015688e-01   1.750488814316447428e+00
4.411967897412550910e-01   1.168353587273486482e+00   1.792502131298960411e+00   5.515765014661323740e+00   5.324527361496985023e+00   2.118207690443507929e-01   1.751857890903771864e+00
4.416384281694245018e-01   1.166145237115983946e+00   1.787499289799421076e+00   5.511913678783092685e+00   5.320468078440827142e+00   2.115681240808986452e-01   1.753226814184532856e+00
5.376498246911235457e-01   7.973004734941470106e-01   1.025047744798440297e+00   4.893303217806956873e+00   4.632254029807104878e+00   1.629370668453027082e-01   2.034418981422577044e+00
7.451030207469333533e-01   4.405976341816995046e-01   4.461652459146864813e-01   5.513838884753175407e+00   4.529220835204615270e+00   7.990760038347088923e-02   2.862061265237492158e+00
7.468175099705350872e-01   4.391549972239090494e-01   4.442313376137149716e-01   5.530610053597341924e+00   4.538864043051961339e+00   7.940444055321964345e-02   2.874363407459211484e+00
7.485319991941368212e-01   4.377326245711401498e-01   4.423289668023305254e-01   5.547075953370642409e+00   4.548523803144078670e+00   7.891231853516535166e-02   2.886868743171741691e+00
7.502464884177385551e-01   4.363305263206029849e-01   4.404580025522258913e-01   5.564799575933968789e+00   4.558199872600188662e+00   7.840902810005900836e-02   2.899584182822056988e+00
7.519609776413402891e-01   4.349487175152262353e-01   4.386183216049875377e-01   5.582838753722628056e+00   4.568726586142972224e+00   7.790816405456867100e-02   2.912502425638709980e+00
7.536754668649420230e-01   4.335872184161644882e-01   4.368098084625283706e-01   5.600546891015722117e+00   4.579496381868545463e+00   7.741872835878151060e-02   2.925646038253853831e+00
7.553899560885437570e-01   4.322460548884237697e-01   4.350323554818333327e-01   5.617936649488584067e+00   4.590265625870142863e+00   7.694035761826760467e-02   2.939011938152398695e+00
7.571044453121454909e-01   4.309252578919995358e-01   4.332858629779137716e-01   5.636944841851753374e+00   4.601034531712833164e+00   7.644659828717417782e-02   2.952607455165225936e+00
7.588189345357472249e-01   4.296248642200453105e-01   4.315702393333407660e-01   5.655993030045071812e+00   4.612365403690963817e+00   7.595922801492945020e-02   2.966443989958419625e+00
7.605334237593489588e-01   4.283449162783199426e-01   4.298854011162580591e-01   5.674694173208363779e+00   4.624286489324112459e+00   7.548334821295610286e-02   2.980522491395266815e+00
7.622479129829506928e-01   4.270854625422089157e-01   4.282312732038660585e-01   5.693175085726821294e+00   4.636188769669493226e+00   7.501709610388433702e-02   2.994850416820498573e+00
7.639624022065524267e-01   4.258465573242347091e-01   4.266077889173312543e-01   5.713616271079090758e+00   4.648072973394018703e+00   7.453187913226942685e-02   3.009430490389115143e+00
7.656768914301541606e-01   4.246282613420362395e-01   4.250148901618592268e-01   5.733680326777922609e+00   4.660490040999224703e+00   7.405858665661933793e-02   3.024284505467109696e+00
7.673913806537558946e-01   4.234306416217350488e-01   4.234525275783379006e-01   5.753380674453558719e+00   4.673564680536805405e+00   7.359684081080752893e-02   3.039403677118238889e+00
7.691058698773576285e-01   4.222537717130308010e-01   4.219206607030230316e-01   5.773635009320369882e+00   4.686602194180882641e+00   7.313482252192721189e-02   3.054807404148389693e+00
7.708203591009593625e-01   4.210977322127291145e-01   4.204192581359822989e-01   5.795166215168165991e+00   4.699603863055209274e+00   7.266361594781446664e-02   3.070497854898292189e+00
7.725348483245610964e-01   4.199626103619493733e-01   4.189482977209423309e-01   5.816300021899305506e+00   4.713400111372290979e+00   7.220442700354565146e-02   3.086488512224421665e+00
7.742493375481628304e-01   4.188485006408199651e-01   4.175077667363011891e-01   5.837050086141996275e+00   4.727643275181259597e+00   7.175687966687610553e-02   3.102779236530596840e+00
7.759638267717645643e-01   4.177555051338686098e-01   4.160976620948833027e-01   5.859428864384180535e+00   4.741830147200539081e+00   7.129628412645201696e-02   3.119390860792726095e+00
7.776783159953662983e-01   4.166837334211095367e-01   4.147179905566093505e-01   5.882048782055601777e+00   4.755962619503439015e+00   7.083989760375480893e-02   3.136327227310340415e+00
7.793928052189680322e-01   4.156333028569178523e-01   4.133687689539409793e-01   5.904250027135873324e+00   4.771439269740100464e+00   7.039561348971866417e-02   3.153599343287084356e+00
7.811072944425697662e-01   4.146043391144758061e-01   4.120500244285107971e-01   5.926725762140779175e+00   4.786842800072377280e+00   6.995504022860635218e-02   3.171209403374045444e+00
7.828217836661715001e-01   4.135969761558726532e-01   4.107617946815365628e-01   5.950939133697139560e+00   4.802171225419955114e+00   6.950112694211296738e-02   3.189179038034866576e+00
7.845362728897732341e-01   4.126113567238007818e-01   4.095041282392193893e-01   5.974693835399679465e+00   4.818239228482381620e+00   6.905983270290852460e-02   3.207517906464719459e+00
7.862507621133749680e-01   4.116476323644064905e-01   4.082770847301297468e-01   5.998004846022545244e+00   4.834906867618053106e+00   6.863076021643800539e-02   3.226230479618093838e+00
7.879652513369767020e-01   4.107059640626857799e-01   4.070807351804467955e-01   6.023311946200964329e+00   4.851476818946640179e+00   6.818606901502537176e-02   3.245330946671671324e+00
7.896797405605784359e-01   4.097865223582175531e-01   4.059151623248448693e-01   6.048669677759050067e+00   4.868328248378619882e+00   6.774820649654618443e-02   3.264842306955801909e+00
7.913942297841801699e-01   4.088894875230834614e-01   4.047804609324854308e-01   6.073542183063425526e+00   4.886285645404013778e+00   6.732306703381522872e-02   3.284762314741038303e+00
7.931087190077819038e-01   4.080150506133577437e-01   4.036767381518258646e-01   6.099486575311824588e+00   4.904122069849107035e+00   6.689334349301338800e-02   3.305115187077870331e+00
7.948232082313836377e-01   4.071634127568586337e-01   4.026041138751356163e-01   6.126553288885790316e+00   4.921960291943320520e+00   6.645880539315568436e-02   3.325908119355737824e+00
7.965376974549853717e-01   4.063347866634786087e-01   4.015627211199970237e-01   6.153087416552300404e+00   4.941250980669465775e+00   6.603754491938555737e-02   3.347164337620486485e+00
7.982521866785871056e-01   4.055293961019970084e-01   4.005527064335033804e-01   6.179912082095926351e+00   4.960395456288122062e+00   6.562057691352481126e-02   3.368887794515191381e+00
7.999666759021888396e-01   4.047474770128474120e-01   3.995742303163880571e-01   6.208732083558715864e+00   4.979453223051669930e+00   6.519003744494876462e-02   3.391098562931994742e+00
8.016811651257905735e-01   4.039892776962688559e-01   3.986274676710727660e-01   6.236969076782427734e+00   5.000096389051733148e+00   6.477333344494978773e-02   3.413820043591286879e+00
8.033956543493923075e-01   4.032550590960681802e-01   3.977126082724906087e-01   6.264932025025867546e+00   5.020567501883443917e+00   6.436702864216681252e-02   3.437065126075778743e+00
8.051101435729940414e-01   4.025450956838767524e-01   3.968298572648116807e-01   6.295610802805221340e+00   5.041075506922371829e+00   6.394059421597492188e-02   3.460851858655437319e+00
8.068246327965957754e-01   4.018596756279748661e-01   3.959794356828530981e-01   6.325649364443217237e+00   5.063109357035020963e+00   6.352860433378550165e-02   3.485192072962165710e+00
8.085391220201975093e-01   4.011991016616320294e-01   3.951615810032972909e-01   6.355095320814450055e+00   5.084943312237570012e+00   6.313030433196013813e-02   3.510116833367879163e+00
8.102536112437992433e-01   4.005636913567514057e-01   3.943765477238916906e-01   6.387666226343119646e+00   5.107166757772350962e+00   6.270892641584850657e-02   3.535641765547330895e+00
8.119681004674009772e-01   3.999537781743356391e-01   3.936246079718163648e-01   6.419536260228840163e+00   5.130602913070587690e+00   6.230259663025539130e-02   3.561795261261396117e+00
8.136825896910027112e-01   3.993697114924543712e-01   3.929060521471819389e-01   6.450788004716055291e+00   5.153810915282133642e+00   6.191022107694166277e-02   3.588583058714447382e+00
8.153970789146044451e-01   3.988118578140529280e-01   3.922211895978229279e-01   6.485350254586949248e+00   5.178019036725894253e+00   6.149426664072334819e-02   3.616047363638200896e+00
8.171115681382061791e-01   3.982806012770652715e-01   3.915703493299444449e-01   6.519143274287595879e+00   5.202888510641055397e+00   6.109400952237683396e-02   3.644205479795936675e+00
8.188260573618079130e-01   3.977763443068624838e-01   3.909538807577164210e-01   6.552641888910841317e+00   5.227499643803103169e+00   6.070472811585000961e-02   3.673082556915117980e+00
8.205405465854096470e-01   3.972995085670163462e-01   3.903721544895365492e-01   6.589210570171742276e+00   5.253980687188533949e+00   6.029546397644734018e-02   3.702707928888323341e+00
8.222550358090113809e-01   3.968505356934883821e-01   3.898255631571922453e-01   6.624938080342886337e+00   5.280286185921609032e+00   5.990252752263439118e-02   3.733113151733710389e+00
8.239695250326131148e-01   3.964298882875709751e-01   3.893145222873502509e-01   6.661104819281588263e+00   5.307278964263689502e+00   5.951413452315656993e-02   3.764323786033140884e+00
8.256840142562148488e-01   3.960380505237708348e-01   3.888394712185949120e-01   6.699765144482192625e+00   5.335374673473288532e+00   5.911222885923707315e-02   3.796371493895354110e+00
8.273985034798165827e-01   3.956755294913136822e-01   3.884008740661539227e-01   6.737503912835568265e+00   5.363137984514556145e+00   5.872731720979266351e-02   3.829286795043878033e+00
8.291129927034183167e-01   3.953428559167377898e-01   3.879992207351149469e-01   6.776862201162237476e+00   5.392964016884921108e+00   5.833715430261163931e-02   3.863117583312502212e+00
8.308274819270200506e-01   3.950405854292284302e-01   3.876350279866122572e-01   6.817602079813865679e+00   5.422543308051944067e+00   5.794421276050976122e-02   3.897889536303832614e+00
8.325419711506217846e-01   3.947692996226805917e-01   3.873088405583037797e-01   6.857336745014691815e+00   5.453279657594221952e+00   5.756889508301882286e-02   3.933650050404652099e+00
8.342564603742235185e-01   3.945296069367714153e-01   3.870212323401262533e-01   6.900443335139325285e+00   5.484770331801958498e+00   5.717453035628842356e-02   3.970428177083450638e+00
8.359709495978252525e-01   3.943221444744722248e-01   3.867728076110460433e-01   6.943324267613943057e+00   5.516575798884478132e+00   5.679154959155898602e-02   4.008285594996102041e+00
8.376854388214269864e-01   3.941475787195258818e-01   3.865642023351220646e-01   6.986332240345403122e+00   5.550047375545676509e+00   5.641695315366784119e-02   4.047251794235512179e+00
8.393999280450287204e-01   3.940066071444334184e-01   3.863960855218906976e-01   7.032541751719358025e+00   5.583093716467812051e+00   5.602620233973077540e-02   4.087376622992611175e+00
8.411144172686304543e-01   3.938999598775581035e-01   3.862691606537055344e-01   7.077514362656087243e+00   5.618644132188036266e+00   5.565512688408495029e-02   4.128718468618149728e+00
8.428289064922321883e-01   3.938284006844696705e-01   3.861841671784768670e-01   7.125350047673078890e+00   5.653666659780586023e+00   5.527144604117827792e-02   4.171327345761857153e+00
8.445433957158339222e-01   3.937927288098990175e-01   3.861418820750213698e-01   7.173786773613721302e+00   5.690839300616679530e+00   5.489328596416170880e-02   4.215261874920559038e+00
8.462578849394356562e-01   3.937937808688047880e-01   3.861431214869055495e-01   7.222165868662418831e+00   5.727945635007954728e+00   5.452571818898661882e-02   4.260584527271765509e+00
8.479723741630373901e-01   3.938324319157118225e-01   3.861887424322604789e-01   7.274247562368454822e+00   5.766928512670073559e+00   5.414064183807928976e-02   4.307356307587836497e+00
8.496868633866391241e-01   3.939095979410467407e-01   3.862796445842934800e-01   7.324815396138230739e+00   5.806210189738770566e+00   5.377740961891308569e-02   4.355644124494646441e+00
8.514013526102408580e-01   3.940262372758525089e-01   3.864167721283651158e-01   7.379359441317403068e+00   5.847238302618459116e+00   5.339572362740319794e-02   4.405524851216219950e+00
8.531158418338425919e-01   3.941833526531581811e-01   3.866011156901052459e-01   7.433685809698705071e+00   5.888754242894556512e+00   5.302663614580918616e-02   4.457072398630017140e+00
8.548303310574443259e-01   3.943819934653447490e-01   3.868337143389495858e-01   7.489637264383659065e+00   5.932098079531082035e+00   5.265702190155393397e-02   4.510372978998876903e+00
8.565448202810460598e-01   3.946232573825910195e-01   3.871156576597047927e-01   7.547890429279006774e+00   5.975936008121430554e+00   5.228258956327833107e-02   4.565500871236699787e+00
8.582593095046477938e-01   3.949082931093244042e-01   3.874480878911333859e-01   7.605554185325449801e+00   6.021877226686268791e+00   5.192367097604550646e-02   4.622564768050581918e+00
8.599737987282495277e-01   3.952383021284048836e-01   3.878322021273783449e-01   7.668038509022377269e+00   6.068087615722771666e+00   5.154359901340598710e-02   4.681652403499967363e+00
8.616882879518512617e-01   3.956145413445710801e-01   3.882692545718055555e-01   7.728454303537713344e+00   6.116946557232458836e+00   5.118934858209330668e-02   4.742869105070218971e+00
8.634027771754529956e-01   3.960383254307089373e-01   3.887605588376557009e-01   7.794713061962776912e+00   6.165609215994026115e+00   5.080858298214033925e-02   4.806337768547341405e+00
8.651172663990547296e-01   3.965110289874473892e-01   3.893074902792807990e-01   7.859271548079630243e+00   6.217710200926325648e+00   5.045137155037385940e-02   4.872160434451084932e+00
8.663419015587702221e-01   3.968794187505864102e-01   3.897330078048509838e-01   7.908393758504682403e+00   6.254355394782999511e+00   5.018457993745981116e-02   4.920698103327120876e+00
8.675665367184857146e-01   3.972740434079469196e-01   3.901881847977173301e-01   7.958452331542986258e+00   6.293367970099755127e+00   4.991850511353423253e-02   4.970560751241143826e+00
8.687911718782012072e-01   3.976954643385397503e-01   3.906735842130467651e-01   8.007210848201385289e+00   6.332331146903111829e+00   4.966716524367181113e-02   5.021790195823663261e+00
8.700158070379166997e-01   3.981442608595671118e-01   3.911897871594121057e-01   8.059660024251103394e+00   6.372093592493451197e+00   4.939963468205501446e-02   5.074449683545711132e+00
8.712404421976321922e-01   3.986210304622090916e-01   3.917373933143270537e-01   8.112758374746443124e+00   6.413490512814549405e+00   4.913507983955798381e-02   5.128593284770955663e+00
8.721151815974289567e-01   3.989790471563309793e-01   3.921481089527741881e-01   8.149800493741951257e+00   6.442647190292535520e+00   4.895568271428215462e-02   5.168213826112572740e+00
8.729899209972257212e-01   3.993518804252289556e-01   3.925753933573518095e-01   8.188017445035525199e+00   6.473079962308805335e+00   4.877271978302390176e-02   5.208642641999894352e+00
8.738646603970224858e-01   3.997397658951058474e-01   3.930194831213338902e-01   8.229059336934595237e+00   6.504339582091249738e+00   4.857660511705737955e-02   5.249896652531608865e+00
8.747393997968192503e-01   4.001429443827646537e-01   3.934806200106299445e-01   8.269259271883429463e+00   6.535217178743692124e+00   4.838921253120014726e-02   5.292017695217123396e+00
3.662009023309457656e-01   1.641385823766654539e+00   2.975791787214454587e+00   6.323111431976835561e+00   6.144126978032931063e+00   2.595851490875114576e-01   1.504067447379759281e+00
3.679153915545475551e-01   1.628022096027507359e+00   2.939384115117017249e+00   6.301342896829579487e+00   6.122549831138621279e+00   2.583611339174417543e-01   1.510086362201712218e+00
3.696298807781493445e-01   1.614796263333914794e+00   2.903519641050260169e+00   6.279622093856605858e+00   6.101056647594710114e+00   2.571486371630038459e-01   1.516089300346350477e+00
3.713443700017511340e-01   1.601706886612305203e+00   2.868189452962859320e+00   6.257941212815469889e+00   6.079642684071191461e+00   2.559478959840998380e-01   1.522076192937234618e+00
3.730588592253529234e-01   1.588752534507534619e+00   2.833384783107533611e+00   6.236292018810700277e+00   6.058302942352913334e+00   2.547591629313278316e-01   1.528046314708919162e+00
3.747733484489547129e-01   1.575931784062163388e+00   2.799097006617106587e+00   6.215592700566602069e+00   6.037032164465292006e+00   2.535448926565770922e-01   1.534000264740017494e+00
3.764878376725565023e-01   1.563243221041602737e+00   2.765317640021216494e+00   6.194990840869683879e+00   6.015824827484837378e+00   2.523398760702843524e-01   1.539937616808153553e+00
3.782023268961582918e-01   1.550685440396023296e+00   2.732038339695015416e+00   6.174458985006435086e+00   5.994675138066249964e+00   2.511451520143845317e-01   1.545858255214071830e+00
3.799168161197600813e-01   1.538257046506487313e+00   2.699250900255611541e+00   6.153990772451079394e+00   5.974182756244876380e+00   2.499608958454471730e-01   1.551762573679768442e+00
3.816313053433618707e-01   1.525956653613889102e+00   2.666947252937389656e+00   6.133579546799367677e+00   5.953793226878286049e+00   2.487872932878429366e-01   1.557649784393781767e+00
3.833457945669636602e-01   1.513782886112267079e+00   2.635119463901225867e+00   6.113218347105766171e+00   5.933483535439991741e+00   2.476245408163689210e-01   1.563520219840342618e+00
3.850602837905654496e-01   1.501734378591095265e+00   2.603759732542039629e+00   6.092899898608074238e+00   5.913248720800853064e+00   2.464728460308640845e-01   1.569373747425030663e+00
3.867747730141672391e-01   1.489809776436914035e+00   2.572860389745590393e+00   6.072616602747541670e+00   5.893083605048488494e+00   2.453324281600213208e-01   1.575210534239545268e+00
3.884892622377690286e-01   1.478007735918936305e+00   2.542413896136288098e+00   6.052360526485353276e+00   5.872982790223217897e+00   2.442035185199427361e-01   1.581030719185951838e+00
3.902037514613708180e-01   1.466326924013856114e+00   2.512412840310857209e+00   6.032667244266195716e+00   5.852940654949702726e+00   2.430644463951728840e-01   1.586833711458979890e+00
3.919182406849726075e-01   1.454766019458475057e+00   2.482849937044592892e+00   6.013480421237784590e+00   5.832951350943363700e+00   2.419174783243134563e-01   1.592620136204541126e+00
3.936327299085743969e-01   1.443323711949006105e+00   2.453718025508063505e+00   5.994358577420391576e+00   5.813349140919821245e+00   2.407803426017475767e-01   1.598389275809559695e+00
3.953472191321761864e-01   1.431998702835016957e+00   2.425010067448978734e+00   5.975295586564283390e+00   5.794108409006479832e+00   2.396531990910925614e-01   1.604141385411141485e+00
3.970617083557779758e-01   1.420789705179686280e+00   2.396719145401409179e+00   5.956285101254100489e+00   5.774942035102477611e+00   2.385362152796443314e-01   1.609876971046389160e+00
3.987761975793797653e-01   1.409695443653731894e+00   2.368838460876878216e+00   5.937320549050409291e+00   5.755845057360861716e+00   2.374295664193493416e-01   1.615594908725538126e+00
4.004906868029815548e-01   1.398714655008575392e+00   2.341361332548643759e+00   5.918395128438869612e+00   5.736812340710004676e+00   2.363334357801694929e-01   1.621296507819838251e+00
4.022051760265833442e-01   1.387846087771436032e+00   2.314281194464566038e+00   5.899501804643878522e+00   5.717838575804333523e+00   2.352480147864303983e-01   1.626981347346191376e+00
4.039196652501851337e-01   1.377088502449623775e+00   2.287591594247746940e+00   5.880633305249467924e+00   5.698918278016636307e+00   2.341735032552255402e-01   1.632649127215293428e+00
4.056341544737869231e-01   1.366440671827263031e+00   2.261286191300575066e+00   5.862094547946306022e+00   5.680045786498025606e+00   2.330976855885025512e-01   1.638300337585382849e+00
4.073486436973887126e-01   1.355901380558293789e+00   2.235358755037030409e+00   5.844279623889439890e+00   5.661449232039273305e+00   2.320048779007471140e-01   1.643934836706179237e+00
4.090631329209905021e-01   1.345469425482178849e+00   2.209803163113388091e+00   5.826526613765540930e+00   5.643338329038987133e+00   2.309213558389009158e-01   1.649552373450814846e+00
4.107776221445922915e-01   1.335143615672905071e+00   2.184613399664201872e+00   5.808830064207612942e+00   5.625296706904085120e+00   2.298472499479175812e-01   1.655152980709739596e+00
4.124921113681940810e-01   1.324922772332683740e+00   2.159783553574432968e+00   5.791184390925792513e+00   5.607319567175293784e+00   2.287826950232677015e-01   1.660737863141239945e+00
4.142066005917958704e-01   1.314805728871419888e+00   2.135307816736872422e+00   5.773583875389293851e+00   5.589401979508905605e+00   2.277278302781678698e-01   1.666305662691600631e+00
4.159210898153976599e-01   1.304791330813486638e+00   2.111180482357615684e+00   5.756022686846862690e+00   5.571538891694181928e+00   2.266827984877607671e-01   1.671857093736788480e+00
4.176355790389994493e-01   1.294878435893792812e+00   2.087395943243984586e+00   5.738494852932273460e+00   5.553725116891586211e+00   2.256477472018872943e-01   1.677392277305053581e+00
4.193500682626012388e-01   1.285065914002302634e+00   2.063948690143109221e+00   5.720994283761275057e+00   5.535955345036565944e+00   2.246228278273045831e-01   1.682911239088392019e+00
4.210645574862030283e-01   1.275352647077056645e+00   2.040833310067946549e+00   5.703590155082424396e+00   5.518402429799406761e+00   2.236052402784586279e-01   1.688414000641884627e+00
4.227790467098048177e-01   1.265737529288799124e+00   2.018044484667902427e+00   5.687140101809608161e+00   5.501378787957311722e+00   2.225613413121386441e-01   1.693900649576719930e+00
4.244935359334066072e-01   1.256219466584298061e+00   1.995576988601522217e+00   5.670752066018851956e+00   5.484420035834871143e+00   2.215260783683364598e-01   1.699371361572524775e+00
4.262080251570083966e-01   1.246797377191569467e+00   1.973425687931549044e+00   5.654421521880754753e+00   5.467521736363902818e+00   2.204995457743772758e-01   1.704826064196562907e+00
4.279225143806101861e-01   1.237470191209013137e+00   1.951585538549626797e+00   5.638143901878779118e+00   5.450679370969247373e+00   2.194818388364751238e-01   1.710265542712688935e+00
4.296370036042119755e-01   1.228236850520602275e+00   1.930051584612019866e+00   5.621914603046838543e+00   5.433888342804313432e+00   2.184730536203716433e-01   1.715688025061357314e+00
4.313514928278137650e-01   1.219096309008705248e+00   1.908818956997573313e+00   5.605728993748921418e+00   5.417143980301593942e+00   2.174732867693296989e-01   1.721096479137052437e+00
4.330659820514155545e-01   1.210047532248722746e+00   1.887882871791092487e+00   5.589582420996157097e+00   5.400441541024593839e+00   2.164826352150062694e-01   1.726488580415564078e+00
4.347804712750173439e-01   1.201089497681437024e+00   1.867238628778963516e+00   5.573470218358099970e+00   5.383910465690664005e+00   2.155011959560211854e-01   1.731866437121123203e+00
4.364949604986191334e-01   1.192221194055719025e+00   1.846881609980636441e+00   5.557387714559811620e+00   5.367958035167137432e+00   2.145290656853428291e-01   1.737228309924046865e+00
4.382094497222209228e-01   1.183441622026862206e+00   1.826807278185134553e+00   5.541914139416232565e+00   5.352067738552193532e+00   2.135438392323274204e-01   1.742575590156564269e+00
4.399239389458227123e-01   1.174749793607134052e+00   1.807011175519011692e+00   5.526876492669781094e+00   5.336235616857669228e+00   2.125522065067291244e-01   1.747908172709307761e+00
4.416384281694245018e-01   1.166144732299926545e+00   1.787488922032499650e+00   5.511902207980021728e+00   5.320457675055937585e+00   2.115684727881430027e-01   1.753226237015891087e+00
4.433529173930262912e-01   1.157625472827589874e+00   1.768236214317084887e+00   5.496988041436340566e+00   5.304729887042406666e+00   2.105926853217434114e-01   1.758529107637930800e+00
4.450674066166280807e-01   1.149191061296846783e+00   1.749248824117751067e+00   5.482130803123030915e+00   5.289048200917921605e+00   2.096248890380692509e-01   1.763818609498034817e+00
4.467818958402298701e-01   1.140840554786109351e+00   1.730522597005659025e+00   5.467327367023068874e+00   5.273408544665171505e+00   2.086651261578453820e-01   1.769092809937633293e+00
4.484963850638316596e-01   1.132573021729058382e+00   1.712053451033347384e+00   5.452574681404466439e+00   5.257831635260409087e+00   2.077134359280947695e-01   1.774353241972119966e+00
4.502108742874334490e-01   1.124387541348596642e+00   1.693837375442442950e+00   5.437869779897047451e+00   5.242918239132521308e+00   2.067698541633492537e-01   1.779600036594018109e+00
4.519253635110352385e-01   1.116283203867283191e+00   1.675870429369469727e+00   5.423209793094614817e+00   5.228066078225018565e+00   2.058344129132989031e-01   1.784833095255768720e+00
4.536398527346370280e-01   1.108259110272570069e+00   1.658148740591727899e+00   5.408591960913160968e+00   5.213271820648747834e+00   2.049071400249348474e-01   1.790053055145967909e+00
4.553543419582388174e-01   1.100314372216075753e+00   1.640668504277603468e+00   5.394627668808390730e+00   5.198532142853261817e+00   2.039648405353473026e-01   1.795259572707250229e+00
4.570688311818406069e-01   1.092448111993121529e+00   1.623425981768808590e+00   5.381030637441225117e+00   5.183843735697971411e+00   2.030183780021367623e-01   1.800453016164547781e+00
4.587833204054423963e-01   1.084659462679610442e+00   1.606417499378765434e+00   5.367504635775689259e+00   5.169203310809665552e+00   2.020789056147428986e-01   1.805634578298120241e+00
4.604978096290441858e-01   1.076947567255501781e+00   1.589639447211750767e+00   5.354047883415540277e+00   5.154607607249216628e+00   2.011464205599293453e-01   1.810801338801334870e+00
4.622122988526459753e-01   1.069311579409145452e+00   1.573088278003933471e+00   5.340658731099904521e+00   5.140053398502378634e+00   2.002209152931442859e-01   1.815956513801495475e+00
4.639267880762477647e-01   1.061750663112320581e+00   1.556760505979730480e+00   5.327335671401739248e+00   5.125981645115042618e+00   1.993023771361023821e-01   1.821100150645343918e+00
4.656412772998495542e-01   1.054263992109213177e+00   1.540652705736429207e+00   5.314077349785573112e+00   5.112163149374520543e+00   1.983907878480077880e-01   1.826231130935220603e+00
4.673557665234513436e-01   1.046850750557382526e+00   1.524761511141769388e+00   5.300882575981100686e+00   5.098404315351080740e+00   1.974861234053328918e-01   1.831350476767511726e+00
4.690702557470531331e-01   1.039510132226382666e+00   1.509083614249336236e+00   5.287750335623241149e+00   5.084702523270119734e+00   1.965883535051320963e-01   1.836457659885896154e+00
4.707847449706549225e-01   1.032241341038456994e+00   1.493615764239808685e+00   5.274679802223831260e+00   5.071055204800198446e+00   1.956974413126004175e-01   1.841554670315856956e+00
4.724992341942567120e-01   1.025043590306381702e+00   1.478354766376472229e+00   5.261670349357649101e+00   5.057459849713265676e+00   1.948133429589560262e-01   1.846638867110627968e+00
4.742137234178585015e-01   1.017916103195261712e+00   1.463297480979356857e+00   5.249442784470489620e+00   5.043914012767006128e+00   1.939093623815806022e-01   1.851713796375003440e+00
4.759282126414602909e-01   1.010858112443884238e+00   1.448440822420448804e+00   5.237403591378465784e+00   5.030415320820601721e+00   1.930074883111748130e-01   1.856777337429337038e+00
4.776427018650620804e-01   1.003868859976705608e+00   1.433781758134633932e+00   5.225449288220230137e+00   5.016988050525294618e+00   1.921114921619725135e-01   1.861829893088390309e+00
4.793571910886638698e-01   9.969475973051659112e-01   1.419317307651227100e+00   5.213579758086924087e+00   5.004186074238387683e+00   1.912213188565445032e-01   1.866873661731402123e+00
4.810716803122656593e-01   9.900935850040468722e-01   1.405044541636630173e+00   5.201795063051540602e+00   4.991447627745984050e+00   1.903369073565974456e-01   1.871907193678051140e+00
4.827861695358674488e-01   9.833060927352335057e-01   1.390960580965005189e+00   5.190095451792714698e+00   4.978770839923684299e+00   1.894581904838742448e-01   1.876930295452757580e+00
4.845006587594692382e-01   9.765843994770192493e-01   1.377062595795829569e+00   5.178481367014057923e+00   4.966153918970740655e+00   1.885850947920130471e-01   1.881944919431805641e+00
4.862151479830710277e-01   9.699277927978755542e-01   1.363347804672117247e+00   5.166953452629630128e+00   4.953595158463669712e+00   1.877175402662565051e-01   1.886950028066114227e+00
4.879296372066728171e-01   9.633355692259328862e-01   1.349813473645066431e+00   5.155512560673324529e+00   4.941092943517816138e+00   1.868554402474617571e-01   1.891946782560836038e+00
4.896441264302746066e-01   9.568070341319980798e-01   1.336456915388435363e+00   5.144159757789461551e+00   4.928645756977291903e+00   1.859987012812283624e-01   1.896934630210355799e+00
4.913586156538763960e-01   9.503415013015228396e-01   1.323275488365499353e+00   5.132896331389752653e+00   4.916252185742501446e+00   1.851472229216470644e-01   1.901914037156668513e+00
4.930731048774781855e-01   9.439382932480384625e-01   1.310266595978098358e+00   5.121723795180371575e+00   4.903910927054890401e+00   1.843008977048509189e-01   1.906885289930969174e+00
4.947875941010799750e-01   9.375967407505642059e-01   1.297427685755090154e+00   5.110929147205509615e+00   4.892163391121686189e+00   1.834493716789659945e-01   1.911848378277156257e+00
4.965020833246817644e-01   9.313161833032381764e-01   1.284756248540194878e+00   5.100633252756083813e+00   4.880516098704521077e+00   1.825883448491438521e-01   1.916806685017491407e+00
4.982165725482835539e-01   9.250959681088487541e-01   1.272249817709010689e+00   5.090442352476499011e+00   4.868935317538392482e+00   1.817319407730430270e-01   1.921756797314184029e+00
4.999310617718853433e-01   9.189354508263248844e-01   1.259905968388103981e+00   5.080357800632599563e+00   4.857420052434409996e+00   1.808800653197891461e-01   1.926698718074500549e+00
5.016455509954871328e-01   9.128339951356565507e-01   1.247722316695346167e+00   5.070381121246722245e+00   4.845969413160893247e+00   1.800326195028128240e-01   1.931634052417064762e+00
5.033600402190888667e-01   9.067909728147469650e-01   1.235696518996340476e+00   5.060514008567072786e+00   4.834582619191359676e+00   1.791894995804018120e-01   1.936565810070700167e+00
5.050745294426906007e-01   9.008057631168638890e-01   1.223826271169634827e+00   5.050758326800970366e+00   4.823259004351278634e+00   1.783505970453773126e-01   1.941489656231421224e+00
5.067890186662923346e-01   8.948777534669716260e-01   1.212109307887100362e+00   5.041116109088339847e+00   4.811998021366702183e+00   1.775157989028754435e-01   1.946408429654256755e+00
5.085035078898940686e-01   8.890063388590760951e-01   1.200543401912200769e+00   5.031589555686925230e+00   4.800799246304875645e+00   1.766849877200897256e-01   1.951322134096064254e+00
5.102179971134958025e-01   8.831909217889233332e-01   1.189126363408710585e+00   5.022181031263971640e+00   4.789735064110451468e+00   1.758580418130892831e-01   1.956231692805727285e+00
5.119324863370975365e-01   8.774309123593865278e-01   1.177856039258836862e+00   5.012893061241793902e+00   4.779182758397666930e+00   1.750348355011645540e-01   1.961135280423719651e+00
5.136469755606992704e-01   8.717257279832892891e-01   1.166730312402955771e+00   5.003728327238801121e+00   4.768704319388911372e+00   1.742152393122294585e-01   1.966035946844127080e+00
5.153614647843010044e-01   8.660747935153949584e-01   1.155747101182057479e+00   4.994689661459039698e+00   4.758299474203355750e+00   1.733991203093885047e-01   1.970931747924348443e+00
5.170759540079027383e-01   8.604775410314003947e-01   1.144904358702673486e+00   4.985780040061859708e+00   4.747968057935744390e+00   1.725863423811862252e-01   1.975825905331129340e+00
5.187904432315044723e-01   8.549334096518350634e-01   1.134200072203968679e+00   4.977002575416030972e+00   4.737710016234817800e+00   1.717767665772949037e-01   1.980717194018747129e+00
5.205049324551062062e-01   8.494418456726862132e-01   1.123632262448806651e+00   4.968360507320056740e+00   4.727525407708298211e+00   1.709702515389481536e-01   1.985605073628404105e+00
5.222194216787079402e-01   8.440023022757259241e-01   1.113198983112216656e+00   4.959857193045885460e+00   4.717414406059610599e+00   1.701666538825118424e-01   1.990489904738280469e+00
5.239339109023096741e-01   8.386142396653893938e-01   1.102898320193610004e+00   4.951712500479527712e+00   4.707377301992792695e+00   1.693584269248623597e-01   1.995373787699892265e+00
5.256484001259114081e-01   8.332771247329446851e-01   1.092728391435904944e+00   4.943912262387284429e+00   4.697414504848666184e+00   1.685460988198397569e-01   2.000255294203716616e+00
5.273628893495131420e-01   8.279904312355482743e-01   1.082687345754658415e+00   4.936249807333608075e+00   4.687526543942389878e+00   1.677367360957771891e-01   2.005135517870383577e+00
5.290773785731148759e-01   8.227536395062315933e-01   1.072773362679507958e+00   4.928727492097292107e+00   4.677816174736011412e+00   1.669302352027845771e-01   2.010015182086449137e+00
5.307918677967166099e-01   8.175662363603350968e-01   1.062984651807062475e+00   4.921347721017267141e+00   4.668537289160732406e+00   1.661264927224732069e-01   2.014895268974222997e+00
5.325063570203183438e-01   8.124277152514878253e-01   1.053319452262650335e+00   4.914112935608664579e+00   4.659341122175557182e+00   1.653254058050784570e-01   2.019775891284003588e+00
5.342208462439200778e-01   8.073375758433485316e-01   1.043776032173978630e+00   4.907025603558036408e+00   4.650228135455273915e+00   1.645268725025514356e-01   2.024654973268594116e+00
5.359353354675218117e-01   8.022953244259269923e-01   1.034352688156009004e+00   4.900088207171448218e+00   4.641198888063352790e+00   1.637307922848695307e-01   2.029535373341077253e+00
2.183154879732569498e-01   3.260855052475449600e+00   8.677961750080074310e+00   7.732831453205958105e+00   7.530774358041278482e+00   4.216896582070892574e-01   9.552859895175421778e-01
2.183159374163199939e-01   3.261373762533708476e+00   8.680337690319790411e+00   7.735263773676918753e+00   7.533160497296025326e+00   4.216241175423331433e-01   9.553545510836326526e-01
2.183170610239775766e-01   3.262181579673324450e+00   8.684037865517746368e+00   7.739046155847165487e+00   7.536883894841621689e+00   4.215224349332266085e-01   9.554630904630808663e-01
2.183198700431215333e-01   3.263436853298117057e+00   8.689787547657878974e+00   7.744912730084834607e+00   7.542689655392582182e+00   4.213652196003983552e-01   9.556361270712225853e-01
2.183268925909813973e-01   3.265372005749895834e+00   8.698651167140313945e+00   7.753940969358885660e+00   7.551696314038308877e+00   4.211241765514607271e-01   9.559139735525989945e-01
2.183707835151056098e-01   3.271181205258585578e+00   8.725256394074197175e+00   7.782426966390501022e+00   7.580280358194340984e+00   4.203291877181294378e-01   9.568440139962932633e-01
2.184805108254161132e-01   3.277995574913916244e+00   8.756454601225426515e+00   7.818850921781739238e+00   7.616934955424135012e+00   4.192426237187977245e-01   9.581834574082763734e-01
2.187548291011923995e-01   3.286123199742178258e+00   8.793634521827021544e+00   7.870932688996463256e+00   7.668710207368263809e+00   4.175011183028114470e-01   9.604070933526527298e-01
2.204693183247941612e-01   3.294714231682632999e+00   8.832848855883206340e+00   8.006060114718470899e+00   7.804551478611036153e+00   4.115275409468356904e-01   9.692027406557036651e-01
2.221838075483959229e-01   3.286806176331424467e+00   8.797141007631131160e+00   8.068666136349534668e+00   7.867440721922204894e+00   4.073543409516330871e-01   9.762072245125370529e-01
2.238982967719976847e-01   3.273228816144865494e+00   8.736277966933474914e+00   8.106522659559743715e+00   7.905211448107664296e+00   4.037771747032445901e-01   9.827035549046228002e-01
2.256127859955994464e-01   3.256509747650170539e+00   8.661896549222236175e+00   8.130024825421307000e+00   7.929167124698058622e+00   4.005534813949863104e-01   9.889666342389115128e-01
2.273272752192012081e-01   3.237754268939966096e+00   8.579084101288703579e+00   8.144106125819543962e+00   7.943666431522427906e+00   3.975579663279683040e-01   9.951070335825618063e-01
2.290417644428029698e-01   3.217570414976421489e+00   8.490632867362009506e+00   8.151290632120492319e+00   7.951366017961157162e+00   3.947314063735447021e-01   1.001180835142970071e+00
2.307562536664047315e-01   3.196338046167511493e+00   8.398279688430521972e+00   8.152759100068513121e+00   7.953721981313131018e+00   3.920559907308742154e-01   1.007219859200832790e+00
3.500461512745116077e-01   1.774349509497255895e+00   3.347280993218881395e+00   6.534486742437223938e+00   6.355583836853990753e+00   2.715361710008553087e-01   1.446590425426584003e+00
3.517427494601672588e-01   1.759767638449829974e+00   3.305724572942108974e+00   6.511492321687945228e+00   6.332927143497173894e+00   2.702556574609694673e-01   1.452690513912304526e+00
3.534393476458229100e-01   1.745334363889924134e+00   3.264789559336355840e+00   6.488551284953508969e+00   6.310360395481155571e+00   2.689867564023468716e-01   1.458775884628098263e+00
3.551359458314785611e-01   1.731048249321474941e+00   3.224465945712164938e+00   6.465656576008232292e+00   6.287879825462571404e+00   2.677296928736957460e-01   1.464846648597378787e+00
3.568325440171342122e-01   1.716907859382445167e+00   3.184743871804444737e+00   6.443219337207302111e+00   6.265481389737243667e+00   2.664673930108062971e-01   1.470903254428032492e+00
3.585291422027898633e-01   1.702911760420647624e+00   3.145613623520165714e+00   6.421300124417296473e+00   6.243160763264292257e+00   2.651973474881271220e-01   1.476944738191847462e+00
3.602257403884455145e-01   1.689058522200525658e+00   3.107065632485860984e+00   6.399462809024591081e+00   6.220913334166723985e+00   2.639375479795893487e-01   1.482970798877536689e+00
3.619223385741011656e-01   1.675346717807656427e+00   3.069090475466541346e+00   6.377701827934222578e+00   6.198734197768462906e+00   2.626881536652697080e-01   1.488981787920871991e+00
3.636189367597568167e-01   1.661774924969563472e+00   3.031678873614800374e+00   6.356011282892426451e+00   6.176799032100727338e+00   2.614493352839582507e-01   1.494977361741550270e+00
3.653155349454124678e-01   1.648341726506146188e+00   2.994821691633738681e+00   6.334384929849335322e+00   6.155313227877313942e+00   2.602212755872656547e-01   1.500957454975544891e+00
3.670121331310681190e-01   1.635045710752024206e+00   2.958509936792725448e+00   6.312816167348203500e+00   6.133916225421169877e+00   2.590041698361146283e-01   1.506922006323158314e+00
3.687087313167237701e-01   1.621885472647932147e+00   2.922734757854774212e+00   6.291298023902471392e+00   6.112603796024680847e+00   2.577982264527793332e-01   1.512871098277902115e+00
3.704053295023794212e-01   1.608859613483218709e+00   2.887487443917275964e+00   6.269823144322288933e+00   6.091371473191790287e+00   2.566036675117607246e-01   1.518803510681511426e+00
3.721019276880350724e-01   1.595966742365476421e+00   2.852759423164472175e+00   6.248383774848072392e+00   6.070214548432194768e+00   2.554207295636673480e-01   1.524720516115024349e+00
3.737985258736907235e-01   1.583205475853673994e+00   2.818542261549152883e+00   6.227350630317300073e+00   6.049128066781362278e+00   2.542341952203525657e-01   1.530621407629057851e+00
3.754951240593463746e-01   1.570574438464177325e+00   2.784827661415193667e+00   6.206921427292974691e+00   6.028106822053841185e+00   2.530359787636545787e-01   1.536505640430685160e+00
3.771917222450020257e-01   1.558072263889698661e+00   2.751607460043123510e+00   6.186564259913282626e+00   6.007145351775784015e+00   2.518477459266766361e-01   1.542374226284702887e+00
3.788883204306576769e-01   1.545697594141074660e+00   2.718873628187425062e+00   6.166273129108772011e+00   5.986463962079356271e+00   2.506696608757709166e-01   1.548226720657327693e+00
3.805849186163133280e-01   1.533449080759510252e+00   2.686618268517628305e+00   6.146041756704148540e+00   5.966237202681251794e+00   2.495018975565554131e-01   1.554062789827435731e+00
3.822815168019689791e-01   1.521325384702890915e+00   2.654833614067349856e+00   6.125863577588368969e+00   5.946091490487255271e+00   2.483446399734886845e-01   1.559881953192694626e+00
3.839781149876246302e-01   1.509325176641937105e+00   2.623512026621233506e+00   6.105731731266742734e+00   5.926022146139663604e+00   2.471980825677057569e-01   1.565684655297985950e+00
3.856747131732802814e-01   1.497447137649601467e+00   2.592645995092394795e+00   6.085639052792107151e+00   5.906024284306072403e+00   2.460624306928897997e-01   1.571471506539582563e+00
3.873713113589359325e-01   1.485689958693455992e+00   2.562228133863994284e+00   6.065578063083353122e+00   5.886092810662706398e+00   2.449379009291368370e-01   1.577241486598075948e+00
3.890679095445915836e-01   1.474052341357037221e+00   2.532251181121280226e+00   6.045540958505179141e+00   5.866222418743324063e+00   2.438247216377327220e-01   1.582995077314949262e+00
3.907645077302472347e-01   1.462532997745370267e+00   2.502707997164281384e+00   6.026395215371495695e+00   5.846407586708382453e+00   2.426878665399996859e-01   1.588731692734789425e+00
3.924611059159028859e-01   1.451130651101379954e+00   2.473591562713175040e+00   6.007430115592455877e+00   5.826642574003447983e+00   2.415559770449811905e-01   1.594452029590275988e+00
3.941577041015585370e-01   1.439844035255532395e+00   2.444894977199806974e+00   5.988526778334004597e+00   5.807459263606328470e+00   2.404337641880085474e-01   1.600155372789331398e+00
3.958543022872141881e-01   1.428671895497132027e+00   2.416611457053458700e+00   5.969679201279785907e+00   5.788442072044426290e+00   2.393213851744080134e-01   1.605843007105449693e+00
3.975509004728698392e-01   1.417612987905499722e+00   2.388734333996282544e+00   5.950881168943915611e+00   5.769496280390137066e+00   2.382190044902340320e-01   1.611513143317864660e+00
3.992474986585254904e-01   1.406666080272998443e+00   2.361257053322839194e+00   5.932126248952465986e+00   5.750617032142952390e+00   2.371267942116701832e-01   1.617167538436489860e+00
4.009440968441811415e-01   1.395829951462133067e+00   2.334173172185293410e+00   5.913407788173208779e+00   5.731799304419166852e+00   2.360449340655632056e-01   1.622804962780192595e+00
4.026406950298367926e-01   1.385103392070163641e+00   2.307476357892560337e+00   5.894718908665688595e+00   5.713037906948540190e+00   2.349736117245481704e-01   1.628426359924486588e+00
4.043372932154924437e-01   1.374485204045186038e+00   2.281160386211463109e+00   5.876052503518569559e+00   5.694327481160319060e+00   2.339130229388091398e-01   1.634030315978262315e+00
4.060338914011480949e-01   1.363974200955340166e+00   2.255219139656182481e+00   5.857946179815392007e+00   5.675662499293282259e+00   2.328417092077696149e-01   1.639618725795474630e+00
3.144175893757429341e-01   2.117384522011548142e+00   4.382743688980992758e+00   7.043941123952804695e+00   6.863183072915020944e+00   3.005965672841042213e-01   1.315636417440921635e+00
3.161141875613985852e-01   2.099362343997540847e+00   4.325578431137291346e+00   7.018621926531753097e+00   6.837897795434639825e+00   2.991131828972783957e-01   1.321972898878398528e+00
3.178107857470542363e-01   2.081516630517285193e+00   4.269275902161391301e+00   6.993392205639699988e+00   6.812689761762968033e+00   2.976404825170083090e-01   1.328302188895599922e+00
3.195073839327098875e-01   2.063846306584650847e+00   4.213823542164759850e+00   6.968251268910035101e+00   6.787559200575602247e+00   2.961785140832722818e-01   1.334623217363160474e+00
3.212039821183655386e-01   2.046350252646675472e+00   4.159208851342858893e+00   6.943197977287171696e+00   6.762505929848328989e+00   2.947273373653994666e-01   1.340935645526393660e+00
3.229005803040211897e-01   2.029027308576814903e+00   4.105419401539406543e+00   6.918230747382007273e+00   6.737529363291290707e+00   2.932870241925131238e-01   1.347239363606960394e+00
3.245971784896768408e-01   2.011876277727537854e+00   4.052442846599404902e+00   6.893347551858780342e+00   6.712628515124767326e+00   2.918576587923582544e-01   1.353533987327994126e+00
3.262937766753324920e-01   1.994895929878112151e+00   4.000266931589580466e+00   6.868545917949153257e+00   6.687802003321539068e+00   2.904393380649857859e-01   1.359818343510672545e+00
3.279903748609881431e-01   1.978085005311527311e+00   3.948879500989328051e+00   6.843822924097479721e+00   6.663298439839379306e+00   2.890321721134222477e-01   1.366092775282805816e+00
3.296869730466437942e-01   1.961442217356420548e+00   3.898268505952593443e+00   6.819175194790436656e+00   6.639014040788263848e+00   2.876362846425885023e-01   1.372356602180217600e+00
3.313835712322994453e-01   1.944966255618623796e+00   3.848422010753383304e+00   6.794598893589244959e+00   6.614825941161589284e+00   2.862518135476274095e-01   1.378609984397048294e+00
3.330801694179550965e-01   1.928655787950674716e+00   3.799328198411997981e+00   6.770089714283187732e+00   6.590732695692278043e+00   2.848789114096517694e-01   1.384851992221395545e+00
3.347767676036107476e-01   1.912509463938022236e+00   3.750975375672167544e+00   6.745642870213347742e+00   6.566732547619010596e+00   2.835177463045170931e-01   1.391082636692814400e+00
3.364733657892663987e-01   1.896525916114001342e+00   3.703351977303639853e+00   6.721253081625787829e+00   6.542823428304906486e+00   2.821685023732591335e-01   1.397301003473005121e+00
3.381699639749220498e-01   1.880703762955136193e+00   3.656446569840948069e+00   6.697444904470665428e+00   6.519002956063173926e+00   2.808091428568127990e-01   1.403507760864921572e+00
3.398665621605777010e-01   1.865041610426374064e+00   3.610247854783384724e+00   6.673914974618944562e+00   6.495268434153572912e+00   2.794524079972806052e-01   1.409701829409019780e+00
3.415631603462333521e-01   1.849538053795072301e+00   3.564744671328934356e+00   6.650476092741005374e+00   6.471616848025498747e+00   2.781061127058020999e-01   1.415883090671939737e+00
3.432597585318890032e-01   1.834191679367336292e+00   3.519925998641004750e+00   6.627124045625074622e+00   6.448044861757447954e+00   2.767703858777452730e-01   1.422051729492848970e+00
3.449563567175446543e-01   1.819001066461964911e+00   3.475780957736895882e+00   6.603854248960004725e+00   6.424548813764622501e+00   2.754453683995867763e-01   1.428206568947686605e+00
3.466529549032003055e-01   1.803964788309144529e+00   3.432298813002772508e+00   6.580661737747125706e+00   6.401180773810609459e+00   2.741312135771208913e-01   1.434348291747235660e+00
3.483495530888559566e-01   1.789081414140241799e+00   3.389468973373157556e+00   6.557541155544158507e+00   6.378333971060601293e+00   2.728280878005073240e-01   1.440476603893769081e+00
3.500461512745116077e-01   1.774349509592070717e+00   3.347280993218010092e+00   6.534486742436961038e+00   6.355583836853746504e+00   2.715361710153761376e-01   1.446590810145753414e+00
3.517427494601672588e-01   1.759767638365701714e+00   3.305724572941985517e+00   6.511492321686721318e+00   6.332927143496358546e+00   2.702556574481002616e-01   1.452690118032960553e+00
3.534393476458229100e-01   1.745334363883330298e+00   3.264789559338118430e+00   6.488551284954410470e+00   6.310360395482078388e+00   2.689867564012932699e-01   1.458775962375916224e+00
3.551359458314785611e-01   1.731048249440277687e+00   3.224465945710882409e+00   6.465656576005211598e+00   6.287879825460402472e+00   2.677296928921952257e-01   1.464847084686231593e+00
3.568325440171342122e-01   1.716907859352886589e+00   3.184743871804789794e+00   6.443219337207979791e+00   6.265481389737770357e+00   2.664673930061907670e-01   1.470903009867038813e+00
3.585291422027898633e-01   1.702911760466008673e+00   3.145613623520213231e+00   6.421300124417164135e+00   6.243160763264209656e+00   2.651973474951967447e-01   1.476944682781086593e+00
3.602257403884455145e-01   1.689058522134700979e+00   3.107065632486107898e+00   6.399462809024751841e+00   6.220913334166907838e+00   2.639375479692967486e-01   1.482970847589226704e+00
3.619223385741011656e-01   1.675346717829143017e+00   3.069090475465706902e+00   6.377701827932307665e+00   6.198734197766987641e+00   2.626881536687175611e-01   1.488981871125772738e+00
3.636189367597568167e-01   1.661774925018676186e+00   3.031678873614552572e+00   6.356011282890836611e+00   6.176799032099553166e+00   2.614493352917506286e-01   1.494977181892368945e+00
3.653155349454124678e-01   1.648341726537182472e+00   2.994821691635062066e+00   6.334384929851967883e+00   6.155313227879347870e+00   2.602212755920571552e-01   1.500957504393787501e+00
3.670121331310681190e-01   1.635045710809208686e+00   2.958509936791394512e+00   6.312816167346541718e+00   6.133916225419850043e+00   2.590041698452412722e-01   1.506922268521101005e+00
3.687087313167237701e-01   1.621885472630651748e+00   2.922734757855114829e+00   6.291298023903814318e+00   6.112603796025545044e+00   2.577982264499775189e-01   1.512870561876195286e+00
3.704053295023794212e-01   1.608859613535287281e+00   2.887487443917102325e+00   6.269823144324216280e+00   6.091371473192975117e+00   2.566036675199864781e-01   1.518803097848754780e+00
3.721019276880350724e-01   1.595966742360019452e+00   2.852759423165139196e+00   6.248383774847412475e+00   6.070214548431818180e+00   2.554207295628209695e-01   1.524720387405396282e+00
2.821822238482855627e-01   2.494240030931337060e+00   5.649309508528023827e+00   7.541725130239985475e+00   7.354438288193549056e+00   3.307253960940854109e-01   1.194518798100026258e+00
2.838788220339412138e-01   2.472765639226508938e+00   5.573436062748831077e+00   7.515406040575606461e+00   7.328406110085158964e+00   3.290262197246656695e-01   1.200891829617777962e+00
2.855754202195968650e-01   2.451470607631563325e+00   5.498644664215860622e+00   7.489041532822087177e+00   7.302340300591760425e+00   3.273410351494977499e-01   1.207269328429659616e+00
2.872720184052525161e-01   2.430356212661422433e+00   5.424926951107724271e+00   7.462646582664842043e+00   7.276254282374631899e+00   3.256694774085850952e-01   1.213649841192697476e+00
2.889686165909081672e-01   2.409423484779495084e+00   5.352273855150151860e+00   7.436234400597257377e+00   7.250160186782059313e+00   3.240112340442061756e-01   1.220033155462380225e+00
2.906652147765638183e-01   2.388673229712367174e+00   5.280675692595882431e+00   7.409816626222420766e+00   7.224068981559097047e+00   3.223660382173493266e-01   1.226418347644462115e+00
2.923618129622194695e-01   2.368106048352615289e+00   5.210122245388481232e+00   7.383403491188234469e+00   7.197990580332306543e+00   3.207336631648053937e-01   1.232804405448227891e+00
2.940584111478751206e-01   2.347722354210077356e+00   5.140602833672323513e+00   7.357003956215271145e+00   7.171933936771300644e+00   3.191139175923234372e-01   1.239191282401381988e+00
2.957550093335307717e-01   2.327522389254227164e+00   5.072106380695393213e+00   7.330625826716556936e+00   7.145907125897455359e+00   3.175066418983687466e-01   1.245577689746292238e+00
2.974516075191864228e-01   2.307506238761675377e+00   5.004621470928465321e+00   7.304275850457575103e+00   7.119917414442552328e+00   3.159117051442029145e-01   1.251963387324208643e+00
2.991482057048420740e-01   2.287673844259074940e+00   4.938136402174818862e+00   7.277959800136865276e+00   7.093971321889114279e+00   3.143290025064516269e-01   1.258347435253954982e+00
3.008448038904977251e-01   2.268025015713760695e+00   4.872639232355995276e+00   7.251682543215943078e+00   7.068074673549144649e+00   3.127584532551734298e-01   1.264729373997921735e+00
3.025414020761533762e-01   2.248559442858777402e+00   4.808117821502777112e+00   7.225448100821994402e+00   7.042232646743053159e+00   3.111999991534051269e-01   1.271108721930642504e+00
3.042380002618090273e-01   2.229276704826020250e+00   4.744559869532897878e+00   7.199259697303961758e+00   7.016449811045097462e+00   3.096536030865587596e-01   1.277484121316821097e+00
3.059345984474646785e-01   2.210176279761412843e+00   4.681952950172878936e+00   7.173119801662941164e+00   6.990730163336154490e+00   3.081192480918872323e-01   1.283856023478546104e+00
3.076311966331203296e-01   2.191257553096079391e+00   4.620284541488881125e+00   7.147030161886307020e+00   6.965077158322084294e+00   3.065969365543776415e-01   1.290223379078217381e+00
3.093277948187759807e-01   2.172519825702011076e+00   4.559542053338732082e+00   7.120991833024838513e+00   6.939493735059877544e+00   3.050866896977149079e-01   1.296585600414067008e+00
3.110243930044316318e-01   2.153962320724190249e+00   4.499712852069756686e+00   7.095005199703957821e+00   6.913982339957991385e+00   3.035885471675292546e-01   1.302942033136170519e+00
3.127209911900872830e-01   2.135584190371559998e+00   4.440784282718982290e+00   7.069350039176106826e+00   6.888544946624061360e+00   3.020905993530984546e-01   1.309292581309332126e+00
3.144175893757429341e-01   2.117384521997678348e+00   4.382743688979955365e+00   7.043941123951505290e+00   6.863183072913843219e+00   3.005965672821906409e-01   1.315636352704095291e+00
3.161141875613985852e-01   2.099362343995494484e+00   4.325578431135524760e+00   7.018621926531274369e+00   6.837897795434047410e+00   2.991131828970072792e-01   1.321973296335918535e+00
3.178107857470542363e-01   2.081516630445548799e+00   4.269275902161068892e+00   6.993392205639415771e+00   6.812689761762680263e+00   2.976404825067626714e-01   1.328302103133120360e+00
3.195073839327098875e-01   2.063846306530422225e+00   4.213823542165603619e+00   6.968251268909430252e+00   6.787559200575174145e+00   2.961785140755157641e-01   1.334623195192816247e+00
3.212039821183655386e-01   2.046350252642014311e+00   4.159208851340838287e+00   6.943197977285567646e+00   6.762505929846889252e+00   2.947273373647962269e-01   1.340935910586424029e+00
3.229005803040211897e-01   2.029027308613763125e+00   4.105419401538234148e+00   6.918230747381158174e+00   6.737529363290514439e+00   2.932870241978898229e-01   1.347239423603683317e+00
3.245971784896768408e-01   2.011876277753003706e+00   4.052442846599360493e+00   6.893347551859442035e+00   6.712628515125312667e+00   2.918576587960244884e-01   1.353533681437171454e+00
3.262937766753324920e-01   1.994895929943140800e+00   4.000266931588928543e+00   6.868545917949767876e+00   6.687802003322022237e+00   2.904393380744274000e-01   1.359818242115088172e+00
3.279903748609881431e-01   1.978085005354159875e+00   3.948879500986666180e+00   6.843822924095374738e+00   6.663298439837536336e+00   2.890321721197404714e-01   1.366092918679494783e+00
3.296869730466437942e-01   1.961442217386093034e+00   3.898268505954515462e+00   6.819175194793232642e+00   6.639014040790521598e+00   2.876362846468218937e-01   1.372356743126347256e+00
3.313835712322994453e-01   1.944966255567237789e+00   3.848422010751979538e+00   6.794598893589383515e+00   6.614825941161514677e+00   2.862518135400587416e-01   1.378609856109364928e+00
3.330801694179550965e-01   1.928655787929869803e+00   3.799328198413397306e+00   6.770089714285176363e+00   6.590732695693856336e+00   2.848789114064950168e-01   1.384851801007074501e+00
3.347767676036107476e-01   1.912509463848550695e+00   3.750975375670258849e+00   6.745642870211106867e+00   6.566732547617210258e+00   2.835177462913476276e-01   1.391082542984147130e+00
3.364733657892663987e-01   1.896525916134578438e+00   3.703351977303333431e+00   6.721253081625307324e+00   6.542823428304457956e+00   2.821685023763407796e-01   1.397301218232886999e+00
3.381699639749220498e-01   1.880703763004248685e+00   3.656446569838922134e+00   6.697444904467873883e+00   6.519002956060670151e+00   2.808091428642628951e-01   1.403507725756080626e+00
6.216597966476085091e-01   6.019627042978754616e-01   6.856014231862568309e-01   4.787723571939711320e+00   4.338777909561837731e+00   1.257304636019315192e-01   2.285923285193379062e+00
6.233742858712102430e-01   5.988350474384560584e-01   6.805772538554286655e-01   4.790476047390364478e+00   4.335916754510016347e+00   1.250053317278716769e-01   2.291574495680951173e+00
6.250887750948119770e-01   5.957367264893491665e-01   6.756138789882318862e-01   4.793632159911918045e+00   4.333185960623901600e+00   1.242766876172442247e-01   2.297257747565218278e+00
6.268032643184137109e-01   5.926674972039336353e-01   6.707105752221727002e-01   4.797770139575391113e+00   4.330585711169310237e+00   1.235297815364671675e-01   2.302975676011871808e+00
6.285177535420154449e-01   5.896271187533557168e-01   6.658666307603321455e-01   4.801959285636186792e+00   4.328116124177122437e+00   1.227888625622195473e-01   2.308727492441970952e+00
6.302322427656171788e-01   5.866153539243441628e-01   6.610813451993950984e-01   4.806193791755780431e+00   4.325777252227812397e+00   1.220540367994699810e-01   2.314517726065809633e+00
6.319467319892189128e-01   5.836319689424271928e-01   6.563540293669389847e-01   4.810468181245931341e+00   4.323569082465938074e+00   1.213253984753026871e-01   2.320340665758849230e+00
6.336612212128206467e-01   5.806767334942151138e-01   6.516840051573926651e-01   4.814777302500740319e+00   4.321491536841598702e+00   1.206030304231554551e-01   2.326209520172696443e+00
6.353757104364223807e-01   5.777494205163975494e-01   6.470706053783229494e-01   4.819116323171323657e+00   4.319544472580527206e+00   1.198870045403255674e-01   2.332113796471248168e+00
6.370901996600241146e-01   5.748498067064247152e-01   6.425131735911472353e-01   4.823754743178312765e+00   4.317727682829882951e+00   1.191706123781208770e-01   2.338060084446480502e+00
6.388046888836258486e-01   5.719776718616458311e-01   6.380110639641214387e-01   4.829524747601830370e+00   4.316040897556868927e+00   1.184335316110906172e-01   2.344043172363065697e+00
6.405191781072275825e-01   5.691327994367156862e-01   6.335636411223878328e-01   4.835276159962733189e+00   4.314483784581458536e+00   1.177043007696797483e-01   2.350076755152151531e+00
6.422336673308293165e-01   5.663149757968994891e-01   6.291702800066452106e-01   4.841005773781752453e+00   4.313055950860873011e+00   1.169829168277357889e-01   2.356149590871698063e+00
6.439481565544310504e-01   5.635239911031248994e-01   6.248303657288492019e-01   4.846710727386380313e+00   4.311756943873586323e+00   1.162693675772576568e-01   2.362270109446622968e+00
6.456626457780327843e-01   5.607596384764974573e-01   6.205432934385006760e-01   4.852388484680174585e+00   4.310763003705059049e+00   1.155636322703576108e-01   2.368434148007973583e+00
6.473771350016345183e-01   5.580217145103461007e-01   6.163084681870892867e-01   4.858075191329515263e+00   4.309939098701257798e+00   1.148647751492771069e-01   2.374643871396280304e+00
6.490916242252362522e-01   5.553100190635404942e-01   6.121253047968774341e-01   4.865234625102121235e+00   4.309252052031131264e+00   1.141383842412090344e-01   2.380903930475110730e+00
6.508061134488379862e-01   5.526243552053529129e-01   6.079932277340112101e-01   4.872311222896012595e+00   4.308700914470671606e+00   1.134213989879084700e-01   2.387215723639737774e+00
6.525206026724397201e-01   5.499645292510422223e-01   6.039116709837478725e-01   4.879305157423122985e+00   4.308284679399095651e+00   1.127136982638510670e-01   2.393578446474470933e+00
6.542350918960414541e-01   5.473303507179707594e-01   5.998800779298387731e-01   4.886216825187379875e+00   4.308002285976564316e+00   1.120151582092309972e-01   2.399992626951175989e+00
6.559495811196431880e-01   5.447216324440660173e-01   5.958979012357137339e-01   4.893046824521521287e+00   4.307852622351820315e+00   1.113256529069355377e-01   2.406456429377449080e+00
6.576640703432449220e-01   5.421381903009887537e-01   5.919646027295011326e-01   4.900475462389170644e+00   4.307834528945008401e+00   1.106297122517731213e-01   2.412980024228244424e+00
6.593785595668466559e-01   5.395798436072709592e-01   5.880796532915369967e-01   4.908722657366224595e+00   4.307946801767288392e+00   1.099226583513647770e-01   2.419557257069181233e+00
6.610930487904483899e-01   5.370464145815958545e-01   5.842425327469755736e-01   4.916835170353799356e+00   4.308188195774590667e+00   1.092260358491846245e-01   2.426194246111773367e+00
6.628075380140501238e-01   5.345377288366535140e-01   5.804527297570791777e-01   4.924816614468346287e+00   4.308557428214683682e+00   1.085396210015748958e-01   2.432888029692572562e+00
6.645220272376518578e-01   5.320536150283032839e-01   5.767097417186811681e-01   4.932670620398398320e+00   4.309053181990958770e+00   1.078631954114403768e-01   2.439643024870511212e+00
6.662365164612535917e-01   5.295939049244680064e-01   5.730130746638761874e-01   4.940702307196557896e+00   4.309674109027442412e+00   1.071900049823015927e-01   2.446462512446593962e+00
6.679510056848553257e-01   5.271584336596788489e-01   5.693622431598367450e-01   4.949989726271271095e+00   4.310418833567240426e+00   1.064968742989244183e-01   2.453340682490667390e+00
6.696654949084570596e-01   5.247470393486537432e-01   5.657567702182126901e-01   4.959097504719081506e+00   4.311285955479092102e+00   1.058150276031685211e-01   2.460286139364603830e+00
6.713799841320587936e-01   5.223595633316335807e-01   5.621961872018417239e-01   4.968032357843791047e+00   4.312274053516689243e+00   1.051441548094800144e-01   2.467300778968042785e+00
6.730944733556605275e-01   5.199958499739523177e-01   5.586800337366988334e-01   4.976800799646571072e+00   4.313685698097261323e+00   1.044839588538243186e-01   2.474382696335077014e+00
6.748089625792622614e-01   5.176557468396367767e-01   5.552078576264724008e-01   4.985743586469146393e+00   4.315331618799903346e+00   1.038271900393167579e-01   2.481530799706053170e+00
6.765234518028639954e-01   5.153391048764888183e-01   5.517792147689625226e-01   4.995886425450715151e+00   4.317099150617477399e+00   1.031526862282495377e-01   2.488753997644319593e+00
6.782379410264657293e-01   5.130457777644323869e-01   5.483936690779135370e-01   5.005817667513735358e+00   4.318986451576785512e+00   1.024899051145922863e-01   2.496051211875868425e+00
6.799524302500674633e-01   5.107756225678485862e-01   5.450507924039312835e-01   5.015546396710924171e+00   4.320991681214541913e+00   1.018384802307487486e-01   2.503420497719079929e+00
6.816669194736691972e-01   5.085284995303709366e-01   5.417501644612376932e-01   5.025081305126675169e+00   4.323113003770906460e+00   1.011980640017826893e-01   2.510866024810201935e+00
6.833814086972709312e-01   5.063042718994665847e-01   5.384913727574689446e-01   5.035124464888461659e+00   4.325348591244481788e+00   1.005544699897864963e-01   2.518394815785706342e+00
6.850958979208726651e-01   5.041028062559007594e-01   5.352740125231261192e-01   5.046029589291436857e+00   4.327696626286773984e+00   9.990088193808764616e-02   2.526003738414965838e+00
6.868103871444743991e-01   5.019239721215171812e-01   5.320976866475478628e-01   5.056699734918993272e+00   4.330155305027162171e+00   9.925920035462770796e-02   2.533690674915708207e+00
6.885248763680761330e-01   4.997676425181225568e-01   5.289620056152123384e-01   5.067145722902592908e+00   4.332722839700679174e+00   9.862902506617526877e-02   2.541464752329913868e+00
6.902393655916778670e-01   4.976336934414575253e-01   5.258665874467325363e-01   5.077377832612444131e+00   4.335698712129057775e+00   9.800997874239585073e-02   2.549321089684453145e+00
6.919538548152796009e-01   4.955220041017582844e-01   5.228110576411856281e-01   5.088696759922487267e+00   4.339025709624076299e+00   9.737699601288606066e-02   2.557272104992159623e+00
6.936683440388813349e-01   4.934324570491526174e-01   5.197950491226114300e-01   5.100242462773779906e+00   4.342457230758115294e+00   9.674686265421156284e-02   2.565315082675434066e+00
6.953828332624830688e-01   4.913649378801210332e-01   5.168182021883206412e-01   5.111540621220406422e+00   4.345991264719460290e+00   9.612854015876041991e-02   2.573449088056901868e+00
6.970973224860848028e-01   4.893193355622997842e-01   5.138801644616672881e-01   5.122602937957100977e+00   4.349625839710971498e+00   9.552162084173575207e-02   2.581674329701503900e+00
6.988118117096865367e-01   4.872955422572431416e-01   5.109805908456845902e-01   5.133764820126399009e+00   4.353359024665294896e+00   9.491972447722009376e-02   2.590000436985644416e+00
7.005263009332882707e-01   4.852934537066175835e-01   5.081191434811314078e-01   5.146190248735775796e+00   4.357188930859528853e+00   9.430149882737735856e-02   2.598429866557856904e+00
7.022407901568900046e-01   4.833129684420782723e-01   5.052954917088892106e-01   5.158347426517757128e+00   4.361113713429631389e+00   9.369531140099031374e-02   2.606951520346576512e+00
7.039552793804917386e-01   4.813539887333035949e-01   5.025093120312004169e-01   5.170249185020463045e+00   4.365480201741307020e+00   9.310073296426590872e-02   2.615587253834868342e+00
7.056697686040934725e-01   4.794164201451849294e-01   4.997602880805116499e-01   5.181907643636851191e+00   4.370246513536616639e+00   9.251736100196356061e-02   2.624327229358232927e+00
7.073842578276952064e-01   4.775001715312328088e-01   4.970481105895391827e-01   5.194652328860587254e+00   4.375099605915337087e+00   9.192148796529166221e-02   2.633178711647203407e+00
7.090987470512969404e-01   4.756051551383962406e-01   4.943724773634099456e-01   5.207633775839604517e+00   4.380037592229756527e+00   9.132845657175968357e-02   2.642136949836745519e+00
7.108132362748986743e-01   4.737312869170864360e-01   4.917330932574236479e-01   5.220345099374334552e+00   4.385058638006855247e+00   9.074712071695485716e-02   2.651216337057733075e+00
2.183153623067567439e-01   3.260626706876564640e+00   8.676934540122696049e+00   7.731764131765332948e+00   7.529728728777836722e+00   4.217183363730072077e-01   9.552619753060905827e-01
2.183153623063525672e-01   3.260626706926245788e+00   8.676934540133421692e+00   7.731764131774666815e+00   7.529728728787149272e+00   4.217183363789236972e-01   9.552621165418232474e-01
2.183153623065237359e-01   3.260626706928974716e+00   8.676934540139916052e+00   7.731764131770193060e+00   7.529728728787253189e+00   4.217183363795206641e-01   9.552621339742645157e-01
2.183153623060264670e-01   3.260626706869743430e+00   8.676934540170195831e+00   7.731764131844610866e+00   7.529728728844543362e+00   4.217183363678008723e-01   9.552620423026438878e-01
2.183153623066035887e-01   3.260626706871448732e+00   8.676934540130808671e+00   7.731764131793834594e+00   7.529728728798847470e+00   4.217183363707909249e-01   9.552619951708989365e-01
2.183153623066842186e-01   3.260626706890093374e+00   8.676934540111684413e+00   7.731764131742210999e+00   7.529728728759113920e+00   4.217183363760181325e-01   9.552619373994939433e-01
2.183153623063864290e-01   3.260626706861557977e+00   8.676934540138910634e+00   7.731764131803115170e+00   7.529728728806858840e+00   4.217183363690055198e-01   9.552619122334938817e-01
2.183153623066062254e-01   3.260626706932384877e+00   8.676934540112922534e+00   7.731764131734259138e+00   7.529728728754354172e+00   4.217183363819216879e-01   9.552620189106452164e-01
2.183153623062291659e-01   3.260626706926018414e+00   8.676934540150245567e+00   7.731764131809981677e+00   7.529728728815705097e+00   4.217183363769680948e-01   9.552620671797144025e-01
2.183153623064162663e-01   3.260626706940002340e+00   8.676934540136613805e+00   7.731764131772638216e+00   7.529728728786765579e+00   4.217183363808135743e-01   9.552620882997799878e-01
2.183153623063910087e-01   3.260626706998095869e+00   8.676934540149465747e+00   7.731764131800376916e+00   7.529728728809677030e+00   4.217183363868142187e-01   9.552620775160297617e-01
2.183153623065624271e-01   3.260626706912830741e+00   8.676934540145438746e+00   7.731764131797169703e+00   7.529728728806631466e+00   4.217183363759612891e-01   9.552620467378619695e-01
2.183153623063605053e-01   3.260626706915559225e+00   8.676934540148858233e+00   7.731764131806436957e+00   7.529728728812444594e+00   4.217183363758086889e-01   9.552619708044597369e-01
2.183153623064624793e-01   3.260626706916582407e+00   8.676934540134341844e+00   7.731764131779981675e+00   7.529728728790608727e+00   4.217183363773839844e-01   9.552620344035607225e-01
2.183153623065049453e-01   3.260626706917491902e+00   8.676934540135457397e+00   7.731764131793325667e+00   7.529728728799632620e+00   4.217183363767737503e-01   9.552620673699994125e-01
2.183153623066217131e-01   3.260626706922153062e+00   8.676934540118800498e+00   7.731764131745662461e+00   7.529728728763874557e+00   4.217183363799763551e-01   9.552620081446685507e-01
2.183153623065289539e-01   3.260626706930792817e+00   8.676934540147209773e+00   7.731764131821362795e+00   7.529728728822414396e+00   4.217183363769648752e-01   9.552619764304095540e-01
2.183153623066879101e-01   3.260626706875996206e+00   8.676934540112235084e+00   7.731764131758329661e+00   7.529728728770253454e+00   4.217183363733157386e-01   9.552619669672874902e-01
2.183153623064669757e-01   3.260626706868151814e+00   8.676934540120605277e+00   7.731764131754148117e+00   7.529728728770012758e+00   4.217183363725292011e-01   9.552620468998050951e-01
2.183153623065618443e-01   3.260626706928292151e+00   8.676934540143019348e+00   7.731764131806528439e+00   7.529728728810875182e+00   4.217183363774504867e-01   9.552620392473734068e-01
2.183153623067258797e-01   3.260626706910556560e+00   8.676934540119995987e+00   7.731764131751210911e+00   7.529728728767922874e+00   4.217183363781739081e-01   9.552620167977325938e-01
2.183153623063744386e-01   3.260626706915331852e+00   8.676934540146861607e+00   7.731764131814755636e+00   7.529728728817268291e+00   4.217183363753255199e-01   9.552619816114559237e-01
2.183153623065468563e-01   3.260626706890434878e+00   8.676934540115395222e+00   7.731764131747122626e+00   7.529728728763821266e+00   4.217183363757943670e-01   9.552619168891764989e-01
2.183153623064146565e-01   3.260626706901007310e+00   8.676934540139395580e+00   7.731764131803234186e+00   7.529728728808055216e+00   4.217183363741012769e-01   9.552620703902439114e-01
2.183153623068024296e-01   3.260626706917150841e+00   8.676934540118375949e+00   7.731764131762573378e+00   7.529728728774970570e+00   4.217183363784069994e-01   9.552620188119825828e-01
2.183153623065130222e-01   3.260626706943525743e+00   8.676934540126346462e+00   7.731764131773169346e+00   7.529728728784509606e+00   4.217183363812403440e-01   9.552620037193393365e-01
2.183153623066883542e-01   3.260626706872812974e+00   8.676934540133517615e+00   7.731764131786035499e+00   7.529728728794535364e+00   4.217183363713927768e-01   9.552619701033565613e-01
2.183153623065153259e-01   3.260626706886341708e+00   8.676934540126895357e+00   7.731764131772282056e+00   7.529728728783483760e+00   4.217183363738927215e-01   9.552620534195830349e-01
2.183153623065338944e-01   3.260626706884749648e+00   8.676934540130286422e+00   7.731764131775976878e+00   7.529728728787182135e+00   4.217183363734853252e-01   9.552620750187323928e-01
2.183153623064249815e-01   3.260626706928178464e+00   8.676934540133469653e+00   7.731764131793510408e+00   7.529728728799636173e+00   4.217183363781458749e-01   9.552619910040555107e-01
2.183153623064890692e-01   3.260626706934430796e+00   8.676934540119429329e+00   7.731764131760806791e+00   7.529728728773624979e+00   4.217183363807383567e-01   9.552619982446141078e-01
2.183153623066738658e-01   3.260626706858488433e+00   8.676934540125257556e+00   7.731764131762213665e+00   7.529728728777492996e+00   4.217183363708394417e-01   9.552620357052749034e-01
2.183153623064080229e-01   3.260626706924426799e+00   8.676934540146488573e+00   7.731764131800766826e+00   7.529728728809135241e+00   4.217183363772648574e-01   9.552620928698111191e-01
2.183153623064132409e-01   3.260626706971947897e+00   8.676934540145218477e+00   7.731764131801972972e+00   7.529728728808509963e+00   4.217183363833452714e-01   9.552622053748630604e-01
2.183153623065451354e-01   3.260626706996731183e+00   8.676934540129868978e+00   7.731764131776499127e+00   7.529728728787451253e+00   4.217183363879401514e-01   9.552620044883798345e-01
2.183153623066265425e-01   3.260626706937614472e+00   8.676934540133766305e+00   7.731764131769513604e+00   7.529728728784243152e+00   4.217183363806751295e-01   9.552620491628096566e-01
2.183153623064588988e-01   3.260626706870539238e+00   8.676934540149344954e+00   7.731764131812568941e+00   7.529728728817424610e+00   4.217183363696515030e-01   9.552619554810211078e-01
2.183153623064377213e-01   3.260626706906464278e+00   8.676934540133334650e+00   7.731764131766564851e+00   7.529728728781914349e+00   4.217183363768071125e-01   9.552620172283131650e-01
2.183153623065002547e-01   3.260626706980588096e+00   8.676934540153830255e+00   7.731764131832946418e+00   7.529728728831134532e+00   4.217183363827733955e-01   9.552621328067844031e-01
2.183153623065848259e-01   3.260626706933294372e+00   8.676934540102999804e+00   7.731764131737897117e+00   7.529728728754234268e+00   4.217183363818408637e-01   9.552620795509562113e-01
2.183153623064409410e-01   3.260626706858033685e+00   8.676934540128256046e+00   7.731764131782786542e+00   7.529728728790930248e+00   4.217183363696584975e-01   9.552621218930172908e-01
2.183153623065998417e-01   3.260626707021401671e+00   8.676934540121814976e+00   7.731764131772520088e+00   7.529728728781840630e+00   4.217183363913479255e-01   9.552620726753211500e-01
2.183153623067567717e-01   3.260626706907942207e+00   8.676934540117315464e+00   7.731764131747533852e+00   7.529728728764310652e+00   4.217183363780362959e-01   9.552619519130323145e-01
2.183153623065220705e-01   3.260626706959669718e+00   8.676934540139036756e+00   7.731764131781017291e+00   7.529728728794204073e+00   4.217183363829002385e-01   9.552620339355112344e-01
2.183153623066607096e-01   3.260626706917946205e+00   8.676934540152382525e+00   7.731764131821539543e+00   7.529728728824472306e+00   4.217183363752937120e-01   9.552619665335994048e-01
2.183153623069519489e-01   3.260626706960579213e+00   8.676934540128216966e+00   7.731764131517761207e+00   7.529728728624188072e+00   4.217183363973768806e-01   9.552620028717376810e-01
2.183181420134193140e-01   3.262734414621604628e+00   8.686588854943281035e+00   7.741635634323566606e+00   7.539441334069352685e+00   4.214528516630051125e-01   9.555445141921070640e-01
2.228012873503377733e-01   3.282386018108695236e+00   8.777295128275525826e+00   8.084688726119024338e+00   7.883101033038316885e+00   4.060002962766351420e-01   9.785912015981514944e-01
2.244978855359934244e-01   3.267666783573758948e+00   8.711489951772733775e+00   8.115866080236402880e+00   7.914932281946919446e+00   4.026269964620432518e-01   9.849190468258689490e-01
2.261944837216490756e-01   3.250337512287273967e+00   8.634594641448700258e+00   8.135321200862486890e+00   7.934841009375707799e+00   3.995340112622327577e-01   9.910663818906774170e-01
2.278910819073047267e-01   3.231252556322260716e+00   8.550539357925016404e+00   8.146987183820787237e+00   7.946740643652773883e+00   3.966193248394018767e-01   9.971159346767178855e-01
2.295876800929603778e-01   3.210909354784348579e+00   8.461605675937228455e+00   8.152610701022897643e+00   7.952712135121950077e+00   3.938504452790172472e-01   1.003112512608785645e+00
2.312842782786160289e-01   3.189629881532141553e+00   8.369263021191752472e+00   8.153062185134169582e+00   7.953861964953696351e+00   3.912186377466777554e-01   1.009082191366573733e+00
2.329808764642716801e-01   3.167637778862967934e+00   8.274524855759466391e+00   8.150031187467412508e+00   7.950912907035432298e+00   3.886657248298577283e-01   1.015041552975906480e+00
2.346774746499273312e-01   3.145096412871453140e+00   8.178124727727450249e+00   8.144147769018690752e+00   7.945625171864601377e+00   3.861787018201922606e-01   1.021001057305920945e+00
2.363740728355829823e-01   3.122129694112913967e+00   8.080612769729256684e+00   8.135105555103912423e+00   7.937019448694829116e+00   3.837847797997052668e-01   1.026968383045109512e+00
2.380706710212386334e-01   3.098834375154751797e+00   7.982412802674867081e+00   8.124382751061981267e+00   7.926869344414474661e+00   3.814239764552805334e-01   1.032948019781873228e+00
2.397672692068942846e-01   3.075287757450610115e+00   7.883858188386423826e+00   8.111662970651083882e+00   7.914099245608728239e+00   3.791192716681339170e-01   1.038943512506707689e+00
2.414638673925499357e-01   3.051552754452927285e+00   7.785215428768727186e+00   8.096485939588751179e+00   7.900460781331870130e+00   3.768984195392707237e-01   1.044956960509109578e+00
2.431604655782055868e-01   3.027681348857072408e+00   7.686700311073714431e+00   8.081363217578703129e+00   7.884985515015767277e+00   3.746498291613987175e-01   1.050989950103602633e+00
2.448570637638612379e-01   3.003717031640917856e+00   7.588489314692230536e+00   8.064180852876379646e+00   7.867934912187736884e+00   3.724763973478514290e-01   1.057043070029812348e+00
2.465536619495168891e-01   2.979696569438942788e+00   7.490727892611731775e+00   8.045361356151223831e+00   7.850525512551227436e+00   3.703620555415777504e-01   1.063116822891715163e+00
2.482502601351725402e-01   2.955651317002434553e+00   7.393536625568480680e+00   8.026444217231603062e+00   7.831775083060627196e+00   3.682391899836646165e-01   1.069211415297071088e+00
2.499468583208281913e-01   2.931608209661590081e+00   7.297015888634176939e+00   8.006710216250821688e+00   7.811902892554590139e+00   3.661439131032182548e-01   1.075326469323069967e+00
2.516434565064838424e-01   2.907590529871981744e+00   7.201249452679849838e+00   7.985804643648108048e+00   7.791327124760567990e+00   3.640948732930341381e-01   1.081461733229898359e+00
2.533400546921394936e-01   2.883618507406595199e+00   7.106307307302903276e+00   7.963933282774804390e+00   7.770508792598566750e+00   3.620847143011073910e-01   1.087616828930419333e+00
2.550366528777951447e-01   2.859709795555204437e+00   7.012247904060843418e+00   7.941258771897066637e+00   7.748872758136374550e+00   3.601078717740935353e-01   1.093791042101549760e+00
2.567332510634507958e-01   2.835879854697736846e+00   6.919119961036822808e+00   7.919020707846724072e+00   7.726539152533795196e+00   3.581099177942225764e-01   1.099983600511704074e+00
2.584298492491064470e-01   2.812142264063027142e+00   6.826963930393788793e+00   7.896108622533355437e+00   7.703607782398479209e+00   3.561428038157852805e-01   1.106193691551609515e+00
2.601264474347620981e-01   2.788508978621848655e+00   6.735813203776963576e+00   7.872567754413122287e+00   7.680162508268972843e+00   3.542057770234743885e-01   1.112421071198250511e+00
2.618230456204177492e-01   2.764990541093993226e+00   6.645695111067063010e+00   7.848498060133902499e+00   7.656597427347753282e+00   3.522954990762678928e-01   1.118664197501816115e+00
2.635196438060734003e-01   2.741596260425126275e+00   6.556631754655571243e+00   7.823982585207001961e+00   7.632810997034814804e+00   3.504092999399986974e-01   1.124922590621872276e+00
2.652162419917290515e-01   2.718334361875008653e+00   6.468640711417242173e+00   7.799091049446507107e+00   7.608630356852684962e+00   3.485450220597086091e-01   1.131195345024104348e+00
2.669128401773847026e-01   2.695212114212040433e+00   6.381735627213035222e+00   7.773882539954534820e+00   7.584110718210615332e+00   3.467009052889295506e-01   1.137481518909507328e+00
2.686094383630403537e-01   2.672235938761787111e+00   6.295926723480413933e+00   7.748407560788246329e+00   7.559299929053400646e+00   3.448755009074329636e-01   1.143780391610458746e+00
2.703060365486960048e-01   2.649411503199530227e+00   6.211221231270989129e+00   7.722924784948899557e+00   7.534239726244968516e+00   3.430580482103013362e-01   1.150091002824484621e+00
5.447163371441879898e-01   7.772035150493366018e-01   9.879107428392820411e-01   4.866999574799675266e+00   4.596295155816905620e+00   1.596884287957485993e-01   2.054564585325125758e+00
5.466576492774387619e-01   7.718176905893869844e-01   9.780409833545935516e-01   4.860256448079945280e+00   4.586678782862227521e+00   1.588018448891303225e-01   2.060108378361515502e+00
5.485989614106895340e-01   7.664889044648363070e-01   9.683103670906997307e-01   4.853727690711228782e+00   4.577178634830077364e+00   1.579175745544391662e-01   2.065656736338252308e+00
5.505402735439403061e-01   7.612165121164480297e-01   9.587167380466723454e-01   4.847416351609129315e+00   4.567796647198514748e+00   1.570355127146768892e-01   2.071211500950943751e+00
5.524815856771910783e-01   7.559998781576949822e-01   9.492579798372055011e-01   4.841325298424700385e+00   4.558850654585307360e+00   1.561555631065912608e-01   2.076771416781215684e+00
5.544228978104418504e-01   7.508383765441521973e-01   9.399320149117901257e-01   4.835457192664785353e+00   4.550115305902047602e+00   1.552776390375551485e-01   2.082342380474061283e+00
5.563642099436926225e-01   7.457313900201825163e-01   9.307368037838213981e-01   4.829814465636195209e+00   4.541502958856841410e+00   1.544016639409259151e-01   2.087918346740590625e+00
5.583055220769433946e-01   7.406783103170938576e-01   9.216703442865739060e-01   4.824399295403017263e+00   4.533015181245527714e+00   1.535275720280569467e-01   2.093502680536857508e+00
5.602468342101941667e-01   7.356785383029773584e-01   9.127306708389035794e-01   4.819213585059243243e+00   4.524653638215140994e+00   1.526553088627910504e-01   2.099097865223354287e+00
5.621881463434449389e-01   7.307314829023424663e-01   9.039158537320461928e-01   4.814258942530914354e+00   4.516420086301474512e+00   1.517848316065417424e-01   2.104702398763663052e+00
5.641294584766957110e-01   7.258365622208203805e-01   8.952239984239485082e-01   4.809536662109724858e+00   4.508316366952772825e+00   1.509161096408877245e-01   2.110319476219994606e+00
5.660707706099464831e-01   7.209932024892395930e-01   8.866532448605166650e-01   4.805047708004978269e+00   4.500344399604994550e+00   1.500491246503337650e-01   2.115946843365998919e+00
5.680120827431972552e-01   7.162008383387501453e-01   8.782017668038765157e-01   4.800792700060768858e+00   4.492506174297751897e+00   1.491838708906727817e-01   2.121587700687249889e+00
5.699533948764480273e-01   7.114589126532564478e-01   8.698677711791721334e-01   4.796771901806859084e+00   4.484803743866670800e+00   1.483203552758600996e-01   2.127242132210573899e+00
5.718947070096987995e-01   7.067668764492509581e-01   8.616494974352082448e-01   4.792985211012854130e+00   4.477239215751844803e+00   1.474585973737851108e-01   2.132909707480715511e+00
5.738360191429495716e-01   7.021241886596953918e-01   8.535452169149170265e-01   4.789432152800852549e+00   4.469814743430283066e+00   1.465986292861658491e-01   2.138592129627815197e+00
5.757773312762003437e-01   6.975303163634407611e-01   8.455532322509006216e-01   4.786111875529535986e+00   4.462532517583596814e+00   1.457404955220078235e-01   2.144289832098556836e+00
5.777186434094511158e-01   6.929847341982622311e-01   8.376718767625401796e-01   4.783023149325758894e+00   4.455394756945540102e+00   1.448842526083005122e-01   2.150007205839602697e+00
5.796599555427018879e-01   6.884869246986228264e-01   8.298995138729775567e-01   4.780164367417852667e+00   4.448403698958076191e+00   1.440299688001166756e-01   2.155739234287897599e+00
5.816012676759526601e-01   6.840363779314202475e-01   8.222345365393858296e-01   4.777533550200759649e+00   4.441561590255248326e+00   1.431777235562638750e-01   2.161491488102728731e+00
5.835425798092034322e-01   6.796325914330054729e-01   8.146753666915620418e-01   4.775128351914123215e+00   4.434901234187132779e+00   1.423276069973224700e-01   2.167261393734653652e+00
5.854838919424542043e-01   6.752750702900129909e-01   8.072204546904677702e-01   4.772946069990871010e+00   4.428574894345353563e+00   1.414797193154341548e-01   2.173051295552422157e+00
5.874252040757049764e-01   6.709633268973220765e-01   7.998682787908556469e-01   4.771109869122737379e+00   4.422393438222329110e+00   1.406304497910654816e-01   2.178864719887292356e+00
5.893665162089557485e-01   6.666968807381863371e-01   7.926173446225778241e-01   4.769975799623209944e+00   4.416358490475567500e+00   1.397694472141452204e-01   2.184696093014119267e+00
5.913078283422065207e-01   6.624752587545117422e-01   7.854661846779560364e-01   4.769081316045996388e+00   4.410471662146182581e+00   1.389104556732037865e-01   2.190554524518167234e+00
5.932491404754572928e-01   6.582979946660998394e-01   7.784133578186265279e-01   4.768420525076784600e+00   4.404734543179857020e+00   1.380536786141569328e-01   2.196434945403418215e+00
5.951904526087080649e-01   6.541646292924951922e-01   7.714574487836419747e-01   4.767987207567562002e+00   4.399148695017034427e+00   1.371993255884224605e-01   2.202338920295717983e+00
5.971317647419588370e-01   6.500747103868889099e-01   7.645970677173024033e-01   4.767774854564368781e+00   4.393715643329550780e+00   1.363476108282563048e-01   2.208273075931417750e+00
5.990730768752096091e-01   6.460277924683169859e-01   7.578308497035617375e-01   4.767776704268007926e+00   4.388436870922004296e+00   1.354987518375194155e-01   2.214232252526572964e+00
6.010143890084603813e-01   6.420234368102910594e-01   7.511574543109756918e-01   4.767985779503468358e+00   4.383313810828170176e+00   1.346529680457961842e-01   2.220219560490980015e+00
6.029557011417111534e-01   6.380612113374583005e-01   7.445755651503942474e-01   4.768394925383032223e+00   4.378347839686601795e+00   1.338104794846044776e-01   2.226237244214193556e+00
6.048970132749619255e-01   6.341406907226883050e-01   7.380838894419685658e-01   4.768996846646722076e+00   4.373540271368030474e+00   1.329715055627639364e-01   2.232282741498032408e+00
6.068383254082126976e-01   6.302614559368748814e-01   7.316811575894019981e-01   4.769784144470979648e+00   4.368892350951451675e+00   1.321362637903560067e-01   2.238363391420437942e+00
6.087796375414634698e-01   6.264230943944539831e-01   7.253661227697605351e-01   4.770749352293846890e+00   4.364405249034921219e+00   1.313049687033464585e-01   2.244472477975481883e+00
6.107209496747142419e-01   6.226252001928287427e-01   7.191375605258935044e-01   4.772486109960723866e+00   4.360080056437554141e+00   1.304613959783641475e-01   2.250615080259807055e+00
6.126622618079650140e-01   6.188673734042140495e-01   7.129942683741149478e-01   4.774858321460238031e+00   4.355917779302075132e+00   1.296095782827234033e-01   2.256797028636996050e+00
6.146035739412157861e-01   6.151492203727002561e-01   7.069350654211027374e-01   4.777385141798362156e+00   4.351919334661167760e+00   1.287627440774302412e-01   2.263012538054536282e+00
6.165448860744665582e-01   6.114703538473804656e-01   7.009587919827439118e-01   4.780057041370714188e+00   4.348085546408140267e+00   1.279211416422840752e-01   2.269264401409545773e+00
6.184861982077173304e-01   6.078303925924046780e-01   6.950643092206092444e-01   4.782864721849509060e+00   4.344417141778544433e+00   1.270850061503223660e-01   2.275555935358272830e+00
6.204275103409681025e-01   6.042289612621516426e-01   6.892504987828197427e-01   4.785799143633728825e+00   4.340914748297915793e+00   1.262545591922557831e-01   2.281884111055022313e+00
6.223688224742188746e-01   6.006656907662772937e-01   6.835162624538990706e-01   4.788851549624131287e+00   4.337578891231029132e+00   1.254300085400271991e-01   2.288254676051386216e+00
6.243101346074696467e-01   5.971402178554399143e-01   6.778605218124772458e-01   4.792013485365187009e+00   4.334409991520855598e+00   1.246115478762959694e-01   2.294672409047413097e+00
6.262514467407204188e-01   5.936521850917415577e-01   6.722822179006481269e-01   4.796432448803098936e+00   4.331408364228899188e+00   1.237695290048088648e-01   2.301130587214301304e+00
6.281927588739711910e-01   5.902012408892005624e-01   6.667803108969593273e-01   4.801161556483253712e+00   4.328574217491658160e+00   1.229288441860952735e-01   2.307632762174625984e+00
6.301340710072219631e-01   5.867870395599084077e-01   6.613537797990630684e-01   4.805950208676781799e+00   4.325907651943582621e+00   1.220959464999259725e-01   2.314181567342078250e+00
6.320753831404727352e-01   5.834092411390656707e-01   6.560016221159978844e-01   4.810790395816922249e+00   4.323408660642483525e+00   1.212709748581754093e-01   2.320783054384308208e+00
6.340166952737235073e-01   5.800675112071758122e-01   6.507228535661249147e-01   4.815674643108968311e+00   4.321077129474968359e+00   1.204540493692256575e-01   2.327430573385894874e+00
6.359580074069742794e-01   5.767615210871781528e-01   6.455165077834079668e-01   4.820595999615859384e+00   4.318912838002188614e+00   1.196452723134522750e-01   2.334126669394334996e+00
6.378993195402250516e-01   5.734909477437213354e-01   6.403816360306202604e-01   4.826479896484362264e+00   4.316915460760225365e+00   1.188217831719252937e-01   2.340880211558300061e+00
6.398406316734758237e-01   5.702554736251386203e-01   6.353173069211719426e-01   4.833002361950235581e+00   4.315084568985892766e+00   1.179919708119129690e-01   2.347683192894032711e+00
6.417819438067265958e-01   5.670547866758397504e-01   6.303226061470428299e-01   4.839498462951085322e+00   4.313419632730135511e+00   1.171722216706841402e-01   2.354543694410419441e+00
6.437232559399773679e-01   5.638885805109339344e-01   6.253966362129410594e-01   4.845963882282805280e+00   4.311920023359551379e+00   1.163625223399933767e-01   2.361464043040191640e+00
6.456645680732281400e-01   5.607565538853123144e-01   6.205385161816179274e-01   4.852394846223808678e+00   4.310762007376276905e+00   1.155628450808572905e-01   2.368436764244481907e+00
6.476058802064789122e-01   5.576584112818636640e-01   6.157473814193036299e-01   4.859035196989956340e+00   4.309839546590284343e+00   1.147673125782909115e-01   2.375476384170558841e+00
6.495471923397296843e-01   5.545938623314441429e-01   6.110223833557071327e-01   4.867123085364961632e+00   4.309092391818081680e+00   1.139469564677873525e-01   2.382580625925935003e+00
6.514885044729804564e-01   5.515626220370677402e-01   6.063626892444606842e-01   4.875104806359536802e+00   4.308519148219698280e+00   1.131386183364834624e-01   2.389738301592750247e+00
6.534298166062312285e-01   5.485644109622853648e-01   6.017674819339551284e-01   4.882980721011410452e+00   4.308118327996256269e+00   1.123421209921675462e-01   2.396968928537598131e+00
6.553711287394820006e-01   5.455989547439230591e-01   5.972359596427377904e-01   4.890751543660734058e+00   4.307888356311981859e+00   1.115572831441651036e-01   2.404270077659006244e+00
6.573124408727327728e-01   5.426659843275274397e-01   5.927673357429610324e-01   4.898767065524620712e+00   4.307827577342188796e+00   1.107760334526973617e-01   2.411638577080490009e+00
6.592537530059835449e-01   5.397652359093854102e-01   5.883608385493509507e-01   4.908126903146368569e+00   4.307934260411735217e+00   1.099737734090305147e-01   2.419077705534922185e+00
6.611950651392343170e-01   5.368964509553961761e-01   5.840157111141656143e-01   4.917313730397767202e+00   4.308206606235269298e+00   1.091849087513816208e-01   2.426590150374958732e+00
6.631363772724850891e-01   5.340593761983427612e-01   5.797312110290800957e-01   4.926332791539903333e+00   4.308642753136368242e+00   1.084091146086383628e-01   2.434180442685950130e+00
6.650776894057358612e-01   5.312537634932823494e-01   5.755066102350546720e-01   4.935189358599935794e+00   4.309240783325298807e+00   1.076460749307487086e-01   2.441844527102168261e+00
6.670190015389866334e-01   5.284793699802321498e-01   5.713411948341351465e-01   4.944963777685092765e+00   4.309998729111253368e+00   1.068722428999533541e-01   2.449594387834994169e+00
6.689603136722374055e-01   5.257359578886280360e-01   5.672342649115444946e-01   4.955372739151247430e+00   4.310914579081566167e+00   1.060941296574747089e-01   2.457424959189053570e+00
6.709016258054881776e-01   5.230232945758643837e-01   5.631851343619354022e-01   4.965556477534637025e+00   4.311986284210663101e+00   1.053302478669101150e-01   2.465340618887773783e+00
6.728429379387389497e-01   5.203411525728824927e-01   5.591931307229791592e-01   4.975524549916568340e+00   4.313454567857224475e+00   1.045801598108098557e-01   2.473338629590394522e+00
6.747842500719897219e-01   5.176893099582002833e-01   5.552575950113577408e-01   4.985595809107338461e+00   4.315307031276882199e+00   1.038369995843869964e-01   2.481428351403449639e+00
6.767255622052404940e-01   5.150675494982124292e-01   5.513778815712065962e-01   4.997067992709178341e+00   4.317315446046680272e+00   1.030739526157551239e-01   2.489612115549424409e+00
6.786668743384912661e-01   5.124756592715584702e-01   5.475533579227759295e-01   5.008270275902085622e+00   4.319477138300683805e+00   1.023258792037240322e-01   2.497886364525136571e+00
6.806081864717420382e-01   5.099134326020475783e-01   5.437834046203263716e-01   5.019215740346536059e+00   4.321789437287066882e+00   1.015922524515437964e-01   2.506260731688119137e+00
6.825494986049928103e-01   5.073806679222343519e-01   5.400674151142346169e-01   5.029916831072736016e+00   4.324249681251135513e+00   1.008725760211078293e-01   2.514731968535077300e+00
6.844908107382435825e-01   5.048771689980640076e-01   5.364047956207435019e-01   5.042208310134647320e+00   4.326855223026553787e+00   1.001301687562729387e-01   2.523306937264646166e+00
6.864321228714943546e-01   5.024027446839909317e-01   5.327949649956462697e-01   5.054365257322226412e+00   4.329603435355773300e+00   9.939977012072155615e-02   2.531986606586191790e+00
6.883734350047451267e-01   4.999572088939885361e-01   5.292373546178856802e-01   5.066231796211235761e+00   4.332491715958892264e+00   9.868423495108925858e-02   2.540775747573583931e+00
6.903147471379958988e-01   4.975403810714169595e-01   5.257314082738212546e-01   5.077822969559648847e+00   4.335842772025584324e+00   9.798301044641655189e-02   2.549670520630315185e+00
6.922560592712466709e-01   4.951520858727463392e-01   5.222765820511708901e-01   5.090750384901388870e+00   4.339623041605380038e+00   9.726504904685830122e-02   2.558684126805209846e+00
6.941973714044974431e-01   4.927921531954098100e-01   5.188723442400713370e-01   5.103754515446949469e+00   4.343536863917723423e+00   9.655483070432407944e-02   2.567812677902105989e+00
6.961386835377482152e-01   4.904604181145941766e-01   5.155181752356173819e-01   5.116445968407685285e+00   4.347581333412033011e+00   9.585959104093359773e-02   2.577062817669551364e+00
6.980799956709989873e-01   4.881567212748904594e-01   5.122135674518722981e-01   5.128841388517860089e+00   4.351753609554951829e+00   9.517875174844483976e-02   2.586435686877925466e+00
7.000213078042497594e-01   4.858809086591691639e-01   5.089580252386775028e-01   5.142558886440540711e+00   4.356050919952038747e+00   9.448232278687140884e-02   2.595932686166109615e+00
7.019626199375005315e-01   4.836328315283253132e-01   5.057510648064786896e-01   5.156392665207886417e+00   4.360470563247640818e+00   9.379286313697118849e-02   2.605561009471883960e+00
7.039039320707513037e-01   4.814123468339630563e-01   5.025922141569184598e-01   5.169896344366256002e+00   4.365338819691874761e+00   9.311837506347069027e-02   2.615325645720107062e+00
7.058452442040020758e-01   4.792193168955236615e-01   4.994810130198841791e-01   5.183087585183508317e+00   4.370739257709290726e+00   9.245827106326176548e-02   2.625228078827769540e+00
8.786220240633207945e-01   4.021235708815993348e-01   3.957396994008463009e-01   8.454250727185007364e+00   6.680335373604282090e+00   4.756466112231019089e-02   5.490046372335366520e+00
8.805633361965715666e-01   4.032357854927113294e-01   3.970041344116179149e-01   8.552582039794627278e+00   6.756945764716753011e+00   4.714784185833945096e-02   5.596372666748921532e+00
8.825046483298223388e-01   4.044332862081318480e-01   3.983625306040790015e-01   8.652294569582846151e+00   6.837488827788178902e+00   4.674289380182659187e-02   5.708041670154005764e+00
8.844459604630731109e-01   4.057192549767023593e-01   3.998180768528036833e-01   8.760035577340069324e+00   6.920447390755028572e+00   4.631479534468928988e-02   5.825424860551704498e+00
8.863872725963238830e-01   4.070970089372849543e-01   4.013740935170282964e-01   8.867855784699306909e+00   7.006009127065061293e+00   4.590703985507911533e-02   5.948957397689001780e+00
8.883285847295746551e-01   4.085699986740110035e-01   4.030340294126221745e-01   8.982639585995913833e+00   7.096197890082568627e+00   4.548440297114653835e-02   6.079099553995430227e+00
8.902698968628254272e-01   4.101418038594601967e-01   4.048014563737653004e-01   9.102036323036674759e+00   7.190571629858333758e+00   4.506044464153778628e-02   6.216345952083226045e+00
8.922112089960761994e-01   4.118161274333260180e-01   4.066800607994849881e-01   9.222232043446247474e+00   7.288379612963284515e+00   4.465471325089700322e-02   6.361258260371586815e+00
8.941525211293269715e-01   4.135967850590986372e-01   4.086736314569516249e-01   9.353720326005733554e+00   7.389901412048056173e+00   4.421735637200888830e-02   6.514440050787918324e+00
8.960938332625777436e-01   4.154876910104121079e-01   4.107860426741137272e-01   9.488094035955072059e+00   7.495458364244887761e+00   4.379042718547310198e-02   6.676563698749760078e+00
8.980351453958285157e-01   4.174928387942600239e-01   4.130212318782018333e-01   9.624379239935045405e+00   7.607448479744282288e+00   4.337867704359888582e-02   6.848356961703232493e+00
8.999764575290792878e-01   4.196162751958354420e-01   4.153831702460463737e-01   9.774012489911843460e+00   7.724565854941944920e+00   4.293183333139163893e-02   7.030650195027978278e+00
9.019177696623300600e-01   4.218620665168373307e-01   4.178758250083194348e-01   9.927526056376786201e+00   7.846835056065037506e+00   4.249417872299222215e-02   7.224327235749326448e+00
9.038590817955808321e-01   4.242342553696971663e-01   4.205031116993874218e-01   1.008455964949645534e+01   7.974690283712559058e+00   4.206770251895729923e-02   7.430387004637355908e+00
9.058003939288316042e-01   4.267368063904087294e-01   4.232688343739951509e-01   1.025336929746968906e+01   8.108583209342105746e+00   4.161917843881017542e-02   7.649924329489447672e+00
9.077417060620823763e-01   4.293735380066436846e-01   4.261766115078828299e-01   1.043109664869794351e+01   8.248994385837544741e+00   4.116283766388455917e-02   7.884162478632200433e+00
9.096830181953331484e-01   4.321480383174503559e-01   4.292297850062585240e-01   1.061454498973079374e+01   8.396480306351399747e+00   4.071281799978601623e-02   8.134457546909461101e+00
9.116243303285839206e-01   4.350635623061406831e-01   4.324313094354761411e-01   1.080412498032109880e+01   8.551576303127072620e+00   4.026828300288790713e-02   8.402318344122557292e+00
9.135656424618346927e-01   4.381229061712019757e-01   4.357836183273146591e-01   1.101078891663633108e+01   8.714948497169586972e+00   3.979032833053741669e-02   8.689414115993653098e+00
9.155069545950854648e-01   4.413282580960640189e-01   4.392884642043443644e-01   1.122728902830609599e+01   8.887195887646370807e+00   3.930853271732765580e-02   8.997620124311238143e+00
9.174482667283362369e-01   4.446810177115594342e-01   4.429467288910416967e-01   1.145279511102805081e+01   9.069236943984851251e+00   3.882729180087837739e-02   9.329015550919857347e+00
9.193895788615870091e-01   4.481815858089248650e-01   4.467582007495732865e-01   1.168791835355280639e+01   9.261412529205317767e+00   3.834571497264865209e-02   9.685920490201699096e+00
9.213308909948377812e-01   4.518291173413899742e-01   4.507213158666655284e-01   1.193630960143728892e+01   9.464734497602815821e+00   3.785333427401915002e-02   1.007093869184829948e+01
9.232722031280885533e-01   4.556212366099998690e-01   4.548328608846995968e-01   1.220568189137944159e+01   9.680108229850763024e+00   3.732861798829882616e-02   1.048696448082879051e+01
9.252135152613393254e-01   4.595537134615597097e-01   4.590876363756600798e-01   1.248897830418989230e+01   9.908400536376648304e+00   3.679674207676262437e-02   1.093725279704209719e+01
9.271548273945900975e-01   4.636201002369944035e-01   4.634780813757972684e-01   1.278698074266645435e+01   1.015045656761871307e+01   3.625719859654033539e-02   1.142541856164270087e+01
9.290961395278408697e-01   4.678113314972733860e-01   4.679938620873003718e-01   1.310095609393951044e+01   1.040730781588507625e+01   3.570818252827230588e-02   1.195554122818720444e+01
9.310374516610916418e-01   4.721152924438456466e-01   4.726214308283891996e-01   1.343237971441020484e+01   1.067990350643178843e+01   3.514755408063414271e-02   1.253215545364587236e+01
9.329787637943424139e-01   4.765163641233129965e-01   4.773435650087646254e-01   1.378202909541436050e+01   1.096931873716042993e+01   3.457519649859558397e-02   1.316036634791514537e+01
9.349200759275931860e-01   4.809949586968969570e-01   4.821389000789957913e-01   1.415804563611643907e+01   1.127662575468674966e+01   3.397325952036090585e-02   1.384588095841876942e+01
9.368613880608439581e-01   4.855270620240616508e-01   4.869814746698321595e-01   1.456211261535216295e+01   1.160292878849472409e+01   3.334180107302513879e-02   1.459510144137463605e+01
9.388027001940947303e-01   4.900838026882183840e-01   4.918403099725824346e-01   1.499159725184703262e+01   1.194945438871033971e+01   3.269056621887556774e-02   1.541521785553013402e+01
9.407440123273455024e-01   4.946310739439922499e-01   4.966790481567976423e-01   1.544755462607897023e+01   1.231734589759876641e+01   3.202002426383675215e-02   1.631429457117129189e+01
9.426853244605962745e-01   4.991292308590118409e-01   5.014556753043941661e-01   1.593281703190423393e+01   1.271610162874540428e+01   3.132711747455231566e-02   1.730142895089824506e+01
9.446266365938470466e-01   5.035328869058730561e-01   5.061223523479259079e-01   1.644910829836604904e+01   1.314099951234513064e+01   3.061156129392684708e-02   1.838689092566646011e+01
9.465679487270978187e-01   5.077908278389031693e-01   5.106253719924360723e-01   1.699899181164692408e+01   1.359311079421716784e+01   2.987182025059794202e-02   1.958227672072040093e+01
9.485092608603485909e-01   5.118460534112045934e-01   5.149052505435426363e-01   1.758516222065440004e+01   1.407420619752300261e+01   2.910670069395340440e-02   2.090079669989244948e+01
9.504505729935993630e-01   5.156359445658154073e-01   5.188969512006200713e-01   1.820950542483643630e+01   1.458618999393135951e+01   2.831685608893724435e-02   2.235752766687058823e+01
9.523918851268501351e-01   5.190925406537871822e-01   5.225302207922868369e-01   1.887622302312477984e+01   1.513143769358450186e+01   2.749980968215199120e-02   2.396978512589301147e+01
9.543331972601009072e-01   5.221428962643130944e-01   5.257300066518275639e-01   1.958564422517235570e+01   1.572587645046601601e+01   2.665947008233874801e-02   2.575760630248315053e+01
9.562745093933516793e-01   5.247094737095494565e-01   5.284169061691286196e-01   2.034445924305947173e+01   1.636408671993219954e+01   2.579127159098881100e-02   2.774433975952510423e+01
9.582158215266024515e-01   5.267105142550008168e-01   5.305075901752779322e-01   2.117890017472532804e+01   1.704684002991123037e+01   2.486958765137254473e-02   2.995741759447875197e+01
9.601571336598532236e-01   5.280603249215118922e-01   5.319151336664288410e-01   2.208162046446960858e+01   1.777845086664083496e+01   2.391402052087555907e-02   3.242940200454258814e+01
9.620984457931039957e-01   5.286694119100729949e-01   5.325491835107516447e-01   2.305263050914774681e+01   1.856427878099707129e+01   2.293314906948629509e-02   3.519928833142405722e+01
9.640397579263547678e-01   5.284443890169541191e-01   5.323158915467737229e-01   2.410418518077084116e+01   1.941027542259559269e+01   2.192334588594687869e-02   3.831429954822516493e+01
9.659810700596055399e-01   5.272875899601103811e-01   5.311175405249304315e-01   2.524056903103478078e+01   2.032430369981334906e+01   2.089047950193907710e-02   4.183226805882082289e+01
9.679223821928563121e-01   5.250963053512123224e-01   5.288517864541424363e-01   2.647403015030979390e+01   2.133493415958454165e+01   1.983439251107250653e-02   4.582489347164460725e+01
9.698636943261070842e-01   5.217615560145532072e-01   5.254104297292858661e-01   2.781470818727257921e+01   2.244567833969336945e+01   1.875847672035977839e-02   5.038225194807140639e+01
9.718050064593578563e-01   5.171662886244803303e-01   5.206776034903271011e-01   2.926944643041159111e+01   2.366413911359176581e+01   1.766915168190995658e-02   5.561916416042824096e+01
9.737463185926086284e-01   5.111828352717111557e-01   5.145272232939934742e-01   3.086244041710498820e+01   2.500893982832266715e+01   1.656326681762977648e-02   6.168441880918102527e+01
9.756876307258594005e-01   5.036694007994810818e-01   5.068194654307618396e-01   3.267153177182152035e+01   2.650488827036895145e+01   1.541615508930269628e-02   6.877432925534974117e+01
9.776289428591101727e-01   4.944652147321448865e-01   4.973959118727280249e-01   3.478853765673352427e+01   2.818199633530991832e+01   1.421345213216912082e-02   7.715342364315569057e+01
9.795702549923609448e-01   4.833837611437274973e-01   4.860727805999122686e-01   3.717903831630685829e+01   3.008272278028946189e+01   1.300151329981318223e-02   8.718687861661909722e+01
9.809569065161115597e-01   4.741979409608348406e-01   4.767023890156718569e-01   3.912066341734279717e+01   3.162702907997247692e+01   1.212141869635614475e-02   9.564545201218116688e+01
9.823435580398621747e-01   4.638466021128806460e-01   4.661579483990527795e-01   4.099553628353272217e+01   3.330652349716122984e+01   1.131456358821193720e-02   1.054670038858911454e+02
9.837302095636127897e-01   4.522177659788439996e-01   4.543288617045954658e-01   4.362262379610751140e+01   3.512564810721738695e+01   1.036658794511108317e-02   1.169991293466574831e+02
9.851168610873634046e-01   4.391778870657390144e-01   4.410830901463497211e-01   4.635144852640159741e+01   3.737974752478920948e+01   9.474954958863584728e-03   1.307191032999267577e+02
9.865035126111140196e-01   4.245645983637587051e-01   4.262599110755087017e-01   4.915733340113133210e+01   3.995574220830548740e+01   8.636851696149725616e-03   1.473006170433369846e+02
9.874939779852215382e-01   4.130534155652867412e-01   4.145973452739347143e-01   5.217365140112474364e+01   4.198002257952257565e+01   7.916896833415463033e-03   1.614238015028182645e+02
9.884844433593290569e-01   4.005477013218978755e-01   4.019398157108544645e-01   5.453582608589061920e+01   4.422381629060387809e+01   7.344671018479844923e-03   1.780026479059905284e+02
9.894749087334365756e-01   3.869388923802716818e-01   3.881794744372679684e-01   5.851563594989369932e+01   4.702720716140222379e+01   6.612572624376897128e-03   1.977331558919194094e+02
9.904653741075440943e-01   3.720936274025916646e-01   3.731836412708642303e-01   6.157267279347262701e+01   4.985672684513178154e+01   6.043161852834779378e-03   2.216054360419666693e+02
6.456645680732281400e-01   5.607565539135066501e-01   6.205385161815267780e-01   4.852394846217242375e+00   4.310762007373395654e+00   1.155628450868240592e-01   2.368442604474638280e+00
6.476058802064789122e-01   5.576584112749287669e-01   6.157473814191074535e-01   4.859035196988815919e+00   4.309839546589608439e+00   1.147673125768906288e-01   2.375477254944001082e+00
6.495471923397296843e-01   5.545938623246229326e-01   6.110223833556904793e-01   4.867123085367064839e+00   4.309092391818856171e+00   1.139469564663366241e-01   2.382577703082862097e+00
6.514885044729804564e-01   5.515626220669673785e-01   6.063626892444915484e-01   4.875104806358319109e+00   4.308519148219047246e+00   1.131386183426448533e-01   2.389741800581974385e+00
6.534298166062312285e-01   5.485644109875238428e-01   6.017674819341335413e-01   4.882980721008960856e+00   4.308118327995514640e+00   1.123421209973925611e-01   2.396971045140774859e+00
6.553711287394820006e-01   5.455989547818944629e-01   5.972359596426453088e-01   4.890751543658373279e+00   4.307888356310860090e+00   1.115572831519828639e-01   2.404269108173869629e+00
6.573124408727327728e-01   5.426659842731851313e-01   5.927673357432040602e-01   4.898767065521751007e+00   4.307827577341438285e+00   1.107760334416691833e-01   2.411637697454487750e+00
6.592537530059835449e-01   5.397652358833511244e-01   5.883608385495222581e-01   4.908126903150017206e+00   4.307934260413095018e+00   1.099737734036444481e-01   2.419074859936680255e+00
6.611950651392343170e-01   5.368964509722218281e-01   5.840157111139917534e-01   4.917313730399581750e+00   4.308206606235814640e+00   1.091849087547630409e-01   2.426591282469364064e+00
6.631363772724850891e-01   5.340593762462049199e-01   5.797312110292648368e-01   4.926332791541681466e+00   4.308642753137176484e+00   1.084091146183148169e-01   2.434182034513719728e+00
6.650776894057358612e-01   5.312537635182934537e-01   5.755066102350885338e-01   4.935189358605945209e+00   4.309240783327751956e+00   1.076460749356855373e-01   2.441847699083000922e+00
6.670190015389866334e-01   5.284793699341889806e-01   5.713411948341904356e-01   4.944963777687358508e+00   4.309998729112201055e+00   1.068722428905932581e-01   2.449595051740514506e+00
6.689603136722374055e-01   5.257359578159821467e-01   5.672342649116347557e-01   4.955372739153570905e+00   4.310914579082747444e+00   1.060941296427649339e-01   2.457424769659162234e+00
6.709016258054881776e-01   5.230232945176567227e-01   5.631851343623449635e-01   4.965556477535997715e+00   4.311986284211612563e+00   1.053302478551589594e-01   2.465339093604597132e+00
6.728429379387389497e-01   5.203411526248373775e-01   5.591931307228829029e-01   4.975524549919417616e+00   4.313454567858292066e+00   1.045801598211920647e-01   2.473338336215737066e+00
6.747842500719897219e-01   5.176893099879862348e-01   5.552575950112410563e-01   4.985595809108882115e+00   4.315307031277156646e+00   1.038369995903292570e-01   2.481428099614790828e+00
6.767255622052404940e-01   5.150675494677443567e-01   5.513778815712088166e-01   4.997067992711946793e+00   4.317315446047667926e+00   1.030739526096008246e-01   2.489609724288540882e+00
6.786668743384912661e-01   5.124756592340418138e-01   5.475533579229633352e-01   5.008270275898549784e+00   4.319477138299528285e+00   1.023258791963053416e-01   2.497883991694000105e+00
6.806081864717420382e-01   5.099134325522527433e-01   5.437834046204194083e-01   5.019215740349846300e+00   4.321789437288263258e+00   1.015922524415559525e-01   2.506259679315178790e+00
6.825494986049928103e-01   5.073806679529297980e-01   5.400674151141596768e-01   5.029916831072070771e+00   4.324249681251058242e+00   1.008725760272237426e-01   2.514729923343570039e+00
6.844908107382435825e-01   5.048771689583873012e-01   5.364047956206074996e-01   5.042208310132349602e+00   4.326855223025034114e+00   1.001301687484496411e-01   2.523306519538204284e+00
6.864321228714943546e-01   5.024027446066838820e-01   5.327949649956280620e-01   5.054365257320029059e+00   4.329603435354531626e+00   9.939977010546965919e-02   2.531986466412595504e+00
6.883734350047451267e-01   4.999572088524927849e-01   5.292373546178518184e-01   5.066231796207287807e+00   4.332491715957180745e+00   9.868423494297551279e-02   2.540773992212227217e+00
6.903147471379958988e-01   4.975403811436081014e-01   5.257314082738052674e-01   5.077822969558977384e+00   4.335842772025141123e+00   9.798301046064644693e-02   2.549672686360172413e+00
6.922560592712466709e-01   4.951520859369792915e-01   5.222765820514120305e-01   5.090750384900726289e+00   4.339623041605449316e+00   9.726504905948854529e-02   2.558685655700114303e+00
6.941973714044974431e-01   4.927921531636911823e-01   5.188723442400301478e-01   5.103754515444479445e+00   4.343536863916731328e+00   9.655483069815605501e-02   2.567812774110003637e+00
6.961386835377482152e-01   4.904604181274407892e-01   5.155181752355509905e-01   5.116445968406328149e+00   4.347581333411226545e+00   9.585959104346987447e-02   2.577061909614919877e+00
6.980799956709989873e-01   4.881567213168409580e-01   5.122135674517743764e-01   5.128841388511744093e+00   4.351753609552273083e+00   9.517875175673765065e-02   2.586437833038788270e+00
7.000213078042497594e-01   4.858809086107384601e-01   5.089580252387984061e-01   5.142558886442827770e+00   4.356050919953008638e+00   9.448232277741176743e-02   2.595932171960739776e+00
7.019626199375005315e-01   4.836328315037690118e-01   5.057510648065624004e-01   5.156392665212415238e+00   4.360470563249878140e+00   9.379286313212649440e-02   2.605559616894901342e+00
7.039039320707513037e-01   4.814123468048592258e-01   5.025922141569708623e-01   5.169896344371413655e+00   4.365338819694523309e+00   9.311837505774830936e-02   2.615326293743133412e+00
7.058452442040020758e-01   4.792193168551648341e-01   4.994810130197069875e-01   5.183087616523880392e+00   4.370739272563892719e+00   9.245827049641133777e-02   2.625228170390142779e+00
7.077865563372528479e-01   4.770536096301611906e-01   4.964170127970801150e-01   5.197723343460621592e+00   4.376250737332695984e+00   9.178126231561624382e-02   2.635270350206744716e+00
7.097278684705036200e-01   4.749150985874166508e-01   4.933997765131617474e-01   5.212328822304131748e+00   4.381870490042241606e+00   9.111380244377570436e-02   2.645454466756894440e+00
7.116691806037543921e-01   4.728036631302074966e-01   4.904288787739782274e-01   5.226594073287539999e+00   4.387595907442407572e+00   9.046114094581156340e-02   2.655795533426738686e+00
7.136104927370051643e-01   4.707191881215067042e-01   4.875039057276707166e-01   5.240537112635425210e+00   4.393424467847672155e+00   8.982269908680901027e-02   2.666288112657936527e+00
7.155518048702559364e-01   4.686615644174025874e-01   4.846244550402362683e-01   5.256261279813171150e+00   4.399721437551175285e+00   8.916253197254697671e-02   2.676935482509911868e+00
7.174931170035067085e-01   4.666306886426809797e-01   4.817901358714034576e-01   5.271660665632993847e+00   4.406592338708559708e+00   8.851682956088949283e-02   2.687744634883803219e+00
7.194344291367574806e-01   4.646264636317027907e-01   4.790005688610852741e-01   5.286710915312016645e+00   4.413551822741353270e+00   8.788573293954753118e-02   2.698720266970209281e+00
7.213757412700082527e-01   4.626487980285673984e-01   4.762553861238831288e-01   5.301847307249826002e+00   4.420597585777788829e+00   8.726181106648138452e-02   2.709869797249224277e+00
7.233170534032590249e-01   4.606976066631887079e-01   4.735542312503929763e-01   5.318391966276732497e+00   4.427727442219809184e+00   8.662347746920787128e-02   2.721195587012422479e+00
7.252583655365097970e-01   4.587728108232340674e-01   4.708967593152579290e-01   5.334563168109545117e+00   4.435071044344284452e+00   8.600007092723457869e-02   2.732706481855563752e+00
7.271996776697605691e-01   4.568743377957389384e-01   4.682826368965411490e-01   5.350379834773522525e+00   4.443312304921022360e+00   8.539100996650607345e-02   2.744397370350535326e+00
7.291409898030113412e-01   4.550021215388824203e-01   4.657115421008055089e-01   5.366923799458224842e+00   4.451620168206820161e+00   8.477894200488061971e-02   2.756281326885455130e+00
7.310823019362621134e-01   4.531561026359440802e-01   4.631831645969436972e-01   5.384291247523809609e+00   4.459992846875397099e+00   8.416262824644688001e-02   2.768365894476633393e+00
7.330236140695128855e-01   4.513362282420985139e-01   4.606972056620500799e-01   5.401278827919276715e+00   4.468428678588832526e+00   8.356099409442371839e-02   2.780655706696514518e+00
7.349649262027636576e-01   4.495424522862094818e-01   4.582533782325580729e-01   5.417905069118431172e+00   4.477303784645378926e+00   8.297348265634273135e-02   2.793150361003505555e+00
7.369062383360144297e-01   4.477747357592534172e-01   4.558514069667303215e-01   5.436080193207658340e+00   4.486892621951824367e+00   8.237088487376338641e-02   2.805861495822728369e+00
7.388475504692652018e-01   4.460330466962432183e-01   4.534910283183650748e-01   5.454264870062456083e+00   4.496525564506559824e+00   8.177693187297224720e-02   2.818794178782505711e+00
7.407888626025159740e-01   4.443173604681761035e-01   4.511719906178050521e-01   5.472064455212577450e+00   4.506201485084456060e+00   8.119739160691508140e-02   2.831958713908947711e+00
7.427301747357667461e-01   4.426276596756225090e-01   4.488940541661783912e-01   5.490100346070009962e+00   4.515919381057255322e+00   8.062287240204445149e-02   2.845354224028013412e+00
7.446714868690175182e-01   4.409639347790061947e-01   4.466569913395930791e-01   5.509568053202246851e+00   4.526796308078989028e+00   8.003602651258860667e-02   2.858994804446029381e+00
7.466127990022682903e-01   4.393261836308965940e-01   4.444605867044369440e-01   5.528623872237713677e+00   4.537711770806549083e+00   7.946393058804325504e-02   2.872885771161220347e+00
7.485541111355190624e-01   4.377144124605365505e-01   4.423046371450781722e-01   5.547286388996176321e+00   4.548648500840092979e+00   7.890604193949761480e-02   2.887033199509441594e+00
7.504954232687698346e-01   4.361286353522473291e-01   4.401889520045846882e-01   5.567439830939025391e+00   4.559606139908160216e+00   7.833558127177608910e-02   2.901444544649739665e+00
7.524367354020206067e-01   4.345688748861675776e-01   4.381133532375456885e-01   5.587785275718390565e+00   4.571715196119498614e+00   7.777121944441529877e-02   2.916128200377975155e+00
7.543780475352713788e-01   4.330351620877764263e-01   4.360776755761654466e-01   5.607710858494708184e+00   4.583909575803930991e+00   7.722137838683379440e-02   2.931094692314178296e+00
7.563193596685221509e-01   4.315275370381642106e-01   4.340817667116946277e-01   5.628102988987565780e+00   4.596103351490282485e+00   7.667371010845544510e-02   2.946352780062922783e+00
7.582606718017729230e-01   4.300460487212376393e-01   4.321254874892385134e-01   5.649829415709998415e+00   4.608479562030028731e+00   7.611664301322891568e-02   2.961911328830937329e+00
7.602019839350236952e-01   4.285907555130279434e-01   4.302087121189205332e-01   5.671105393487631652e+00   4.621983438258862265e+00   7.557446490153342522e-02   2.977776287022303681e+00
7.621432960682744673e-01   4.271617254274814868e-01   4.283313284029498513e-01   5.691949652552405148e+00   4.635463035562249701e+00   7.504664508687847180e-02   2.993968254101480930e+00
7.640846082015252394e-01   4.257590362602741152e-01   4.264932379792976125e-01   5.715058740783244495e+00   4.648919399448288914e+00   7.449775331651695143e-02   3.010482402267754765e+00
7.660259203347760115e-01   4.243827761648616970e-01   4.246943565832421719e-01   5.737719919105966682e+00   4.663154803543886118e+00   7.396366189846849404e-02   3.027339930813196744e+00
7.679672324680267836e-01   4.230330439020235644e-01   4.229346143284554160e-01   5.759918185132553603e+00   4.677947726408612006e+00   7.344427998889853371e-02   3.044546232019185616e+00
7.699085446012775558e-01   4.217099488084841141e-01   4.212139560057194254e-01   5.783765683612741348e+00   4.692693594443561267e+00   7.291269596265341491e-02   3.062118192637468095e+00
7.718498567345283279e-01   4.204136116951531221e-01   4.195323414035714849e-01   5.807903210379466330e+00   4.707693387791879402e+00   7.238647003342277286e-02   3.080062090561642485e+00
7.737911688677791000e-01   4.191441650158367338e-01   4.178897456502387309e-01   5.831541813714494538e+00   4.723842625527447936e+00   7.187535962275064250e-02   3.098400200270164273e+00
7.757324810010298721e-01   4.179017530479995912e-01   4.162861595784334567e-01   5.856343806019374654e+00   4.739919059720385519e+00   7.135881479814490391e-02   3.117133910071017144e+00
7.776737931342806442e-01   4.166865327424602583e-01   4.147215901130155702e-01   5.881989684348030600e+00   4.755925417813257283e+00   7.084108526257071325e-02   3.136281168254423601e+00
7.796151052675314164e-01   4.154986737903528238e-01   4.131960606851386997e-01   5.907098719314975988e+00   4.773440822491754609e+00   7.033887421446997912e-02   3.155863113096131212e+00
7.815564174007821885e-01   4.143383593163889600e-01   4.117096116723277799e-01   5.933113847539501329e+00   4.790865361843678727e+00   6.983489108138682400e-02   3.175882684251478683e+00
7.834977295340329606e-01   4.132057862767623546e-01   4.102623008659274095e-01   5.960358487015168016e+00   4.808194457979099390e+00   6.932566005500247208e-02   3.196367931902249104e+00
7.854390416672837327e-01   4.121011660309932267e-01   4.088542039688828900e-01   5.987022701849451956e+00   4.827027999125347968e+00   6.883240411025851047e-02   3.217323018475678253e+00
7.873803538005345048e-01   4.110247249058147645e-01   4.074854151246367628e-01   6.014547322263188889e+00   4.845834777219544698e+00   6.833843062209908614e-02   3.238771869639146317e+00
7.893216659337852770e-01   4.099767045904627594e-01   4.061560474775221530e-01   6.043414297471348284e+00   4.864562192358214965e+00   6.783858997752362230e-02   3.260730214141136951e+00
7.912629780670360491e-01   4.089573632510337120e-01   4.048662337696189994e-01   6.071654896686291103e+00   4.884915265179516020e+00   6.735517255340535414e-02   3.283222091506353468e+00
7.932042902002868212e-01   4.079669755668647313e-01   4.036161269726810108e-01   6.101009693769984921e+00   4.905112861462221474e+00   6.686876370372893397e-02   3.306259215274605534e+00
7.951456023335375933e-01   4.070058337732689324e-01   4.024059009600574610e-01   6.131582949905759250e+00   4.925599120819610377e+00   6.637859050402709904e-02   3.329874912463942405e+00
7.970869144667883655e-01   4.060742484808769759e-01   4.012357512190267705e-01   6.161477492100678077e+00   4.947399400522462187e+00   6.590533666664927237e-02   3.354069022849426762e+00
7.990282266000391376e-01   4.051725490070339220e-01   4.001058956052054860e-01   6.193030499594853744e+00   4.969014148851817581e+00   6.542395504648979010e-02   3.378880335634145915e+00
8.009695387332899097e-01   4.043010846834249605e-01   3.990165751452792176e-01   6.225318459553629502e+00   4.991549327880958842e+00   6.494464296247653978e-02   3.404326675836118365e+00
8.029108508665406818e-01   4.034602255093205359e-01   3.979680548862653544e-01   6.256872766870428926e+00   5.014796018587460935e+00   6.448272812028489620e-02   3.430438050946948092e+00
