# freq   mass   ang   radius99   radius95   compactness   kappa
1.915950138057805896e-01   4.033682502147712512e+00   1.488591477233196514e+01   1.886105613680604876e+01   1.849570799915174391e+01   2.138630240475377919e-01   2.139868134039969227e+00
1.923824907656118688e-01   3.997146556812595009e+00   1.469558963062698886e+01   1.877573528357379828e+01   1.841129450505409082e+01   2.128889492977434350e-01   2.148480466164703451e+00
1.929449743083485047e-01   3.971300104629335692e+00   1.456141777517831848e+01   1.871484158667617947e+01   1.835110228685142175e+01   2.122005728040283201e-01   2.154593619820259764e+00
1.935074578510851406e-01   3.945659311268173042e+00   1.442870171355362352e+01   1.865396032610717114e+01   1.829097289040224439e+01   2.115185859887361852e-01   2.160678316808898991e+00
1.940699413938217766e-01   3.920221635641155000e+00   1.429742205986124404e+01   1.859307245306206369e+01   1.823190046543935594e+01   2.108431323299415350e-01   2.166733555413796974e+00
1.946324249365584125e-01   3.894985171878261099e+00   1.416756111674929386e+01   1.853216343732913529e+01   1.817298828567395574e+01   2.101743374458178437e-01   2.172759368041565331e+00
2.038797855706455942e-01   3.507584442987763396e+00   1.222185865634716961e+01   1.758502925283317353e+01   1.724097575059645848e+01   1.994642370255168273e-01   2.267570508885608849e+00
2.041667669700010235e-01   3.496348291947015241e+00   1.216678282398816080e+01   1.755691658922938103e+01   1.721310656289595187e+01   1.991436408652710321e-01   2.270387173438435102e+00
2.043717536838263182e-01   3.488349998686999243e+00   1.212762513578462631e+01   1.753684703163106207e+01   1.719321576940848573e+01   1.989154602532081095e-01   2.272394186314130593e+00
2.045767403976516130e-01   3.480374568286379144e+00   1.208861853286513899e+01   1.751678586506896096e+01   1.717333759235907209e+01   1.986879667934262073e-01   2.274396301095725548e+00
2.047817271114769078e-01   3.472421931615372159e+00   1.204976236213145846e+01   1.749673242761535263e+01   1.715347153829599236e+01   1.984611667338981034e-01   2.276395891612941647e+00
2.049867138253022025e-01   3.464492018562623343e+00   1.201105597104936429e+01   1.747668601372935626e+01   1.713361707865950834e+01   1.982350667535586197e-01   2.278392203310827036e+00
1.940699413938217766e-01   3.920221635591587539e+00   1.429742205986551085e+01   1.859307245307455148e+01   1.823190046545041199e+01   2.108431323271340307e-01   2.166732982210062275e+00
1.946324249365584125e-01   3.894985171698635895e+00   1.416756111674586194e+01   1.853216343740772132e+01   1.817298828575894731e+01   2.101743374352339766e-01   2.172759958168066330e+00
1.951949084792950484e-01   3.869948591858019871e+00   1.403910267714370974e+01   1.847257761150551758e+01   1.811422163199347679e+01   2.094969458646447347e-01   2.178757537254865539e+00
1.957573920220316843e-01   3.845110809767447790e+00   1.391203121499238726e+01   1.841342731836279967e+01   1.805560120187462658e+01   2.088210273561027508e-01   2.184724491149988790e+00
1.963198755647683202e-01   3.820470591422235884e+00   1.378633099558519248e+01   1.835439250557966773e+01   1.799712624458025445e+01   2.081502065655851663e-01   2.190660227507137403e+00
1.967216495238659213e-01   3.802990515733654320e+00   1.369737558341400785e+01   1.831229175788214292e+01   1.795544531607018968e+01   2.076741986210839386e-01   2.194881496990840564e+00
1.971234234829635223e-01   3.785609715175269230e+00   1.360910520504004673e+01   1.827024210514736779e+01   1.791383346686653866e+01   2.072008511648967266e-01   2.199088073152617895e+00
1.975251974420611234e-01   3.768327421116737241e+00   1.352151357426251188e+01   1.822823751828683925e+01   1.787240213946229872e+01   2.067302127995805927e-01   2.203278184123205197e+00
1.979269714011587245e-01   3.751142856357546407e+00   1.343459444297188909e+01   1.818627014765173655e+01   1.783166308828233682e+01   2.062623520877316929e-01   2.207452945034736658e+00
1.964002303565878516e-01   3.816966599236820912e+00   1.376848481051156803e+01   1.834596803807928467e+01   1.798878436420475424e+01   2.080547939097159293e-01   2.191505862102715696e+00
1.969627138993244875e-01   3.792550170512186014e+00   1.364433155421713906e+01   1.828705618063419891e+01   1.793047017564013501e+01   2.073898681696213497e-01   2.197406737017340017e+00
1.975251974420611234e-01   3.768327421098092600e+00   1.352151357423971945e+01   1.822823751827377237e+01   1.787240213944980738e+01   2.067302127987059590e-01   2.203278641394467385e+00
1.979269714011587245e-01   3.751142856172464235e+00   1.343459444298217953e+01   1.818627014767131556e+01   1.783166308830075408e+01   2.062623520773325947e-01   2.207453134636524705e+00
1.983287453602563255e-01   3.734055282231793171e+00   1.334834170657464192e+01   1.814433032398941137e+01   1.779102788095163135e+01   2.057973601425694965e-01   2.211613319077207596e+00
1.987305193193539266e-01   3.717064028957338895e+00   1.326274946875461502e+01   1.810240666136695253e+01   1.775048968437622676e+01   2.053353511768172268e-01   2.215758909988513992e+00
1.991322932784515276e-01   3.700168502904944035e+00   1.317781205277346324e+01   1.806154676603459208e+01   1.771004059448907952e+01   2.048644310941988567e-01   2.219889398343217746e+00
1.976055522338806547e-01   3.764882714052419033e+00   1.350407614601983930e+01   1.821984135048614206e+01   1.786424573540309524e+01   2.066364158517749183e-01   2.204113572878664939e+00
1.981680357766172906e-01   3.740878717886062077e+00   1.338276321614197784e+01   1.816110363994785715e+01   1.780726991345536092e+01   2.059830058817286036e-01   2.209951294380890108e+00
1.987305193193539266e-01   3.717064029168340777e+00   1.326274946875683369e+01   1.810240666136301968e+01   1.775048968437297603e+01   2.053353511885178950e-01   2.215759323606041331e+00
1.991322932784515276e-01   3.700168503235090611e+00   1.317781205277577961e+01   1.806154676603663134e+01   1.771004059449168366e+01   2.048644311124546979e-01   2.219889802479256158e+00
1.995340672375491287e-01   3.683368172735299595e+00   1.309352396348347369e+01   1.802080528875046639e+01   1.766967189812984884e+01   2.043953149549122272e-01   2.224006567974780246e+00
1.999358411966467297e-01   3.666662539274284427e+00   1.300987981791657866e+01   1.798011917547886540e+01   1.762937436537738023e+01   2.039287116781098863e-01   2.228106705120114661e+00
2.003376151557443308e-01   3.650051104395970469e+00   1.292687426888613800e+01   1.793947729640703770e+01   1.758913854685470923e+01   2.034647411453293642e-01   2.232193210882865930e+00
1.999358411966467297e-01   3.666662539186290370e+00   1.300987981793410952e+01   1.798011917548543792e+01   1.762937436538412328e+01   2.039287116731414162e-01   2.228107187674540413e+00
2.003376151557443308e-01   3.650051103805481034e+00   1.292687426890680591e+01   1.793947729643353739e+01   1.758913854688015022e+01   2.034647411121131289e-01   2.232192907273029103e+00
2.007393891148419318e-01   3.633533340568192216e+00   1.284450194467655493e+01   1.789886847541949777e+01   1.754895505173959691e+01   2.030035220135910090e-01   2.236264238966933160e+00
2.011411630739395329e-01   3.617108680479987015e+00   1.276275741951159759e+01   1.785828173875875535e+01   1.750881478462701324e+01   2.025451683086390287e-01   2.240320094454200106e+00
2.015429370330371339e-01   3.600776515224879404e+00   1.268163521922178205e+01   1.781770650164801140e+01   1.746901970997015141e+01   2.020897871952169467e-01   2.244360887779214941e+00
2.018299184323925632e-01   3.589166960893408032e+00   1.262406876430723379e+01   1.778872562249134504e+01   1.744089469199063203e+01   2.017663905252105871e-01   2.247237994148039153e+00
2.021168998317479926e-01   3.577604039170182659e+00   1.256681502840290854e+01   1.775974194548753360e+01   1.741280637851759394e+01   2.014445958815969662e-01   2.250108285122597973e+00
2.024038812311034219e-01   3.566087517911910254e+00   1.250987203666928771e+01   1.773075209426572840e+01   1.738475300547769109e+01   2.011244361746624687e-01   2.252969835697656187e+00
2.026908626304588512e-01   3.554617170811980031e+00   1.245323783883459967e+01   1.770175280635399417e+01   1.735673298193143665e+01   2.008059433264744731e-01   2.255824465206138552e+00
2.024038812311034219e-01   3.566087517803907758e+00   1.250987203667844838e+01   1.773075209427995347e+01   1.738475300549040981e+01   2.011244361684098592e-01   2.252969208310549476e+00
2.026908626304588512e-01   3.554617170776054991e+00   1.245323783883300095e+01   1.770175280635415405e+01   1.735673298193156455e+01   2.008059433244431535e-01   2.255824130294756813e+00
2.029778440298142805e-01   3.543192779695800709e+00   1.239691051392066612e+01   1.767351626072940007e+01   1.732874486855365248e+01   2.004803530562157821e-01   2.258671182537721922e+00
2.032648254291697099e-01   3.531814134977594222e+00   1.234088817167646290e+01   1.764533767503800377e+01   1.730078734882702918e+01   2.001556558463530588e-01   2.261510969756357348e+00
2.035518068285251392e-01   3.520481035723605157e+00   1.228516895091021865e+01   1.761718173523611242e+01   1.727285919455522389e+01   1.998322483489112233e-01   2.264342630877016482e+00
2.037567935423504339e-01   3.512413741626005503e+00   1.224555407422682762e+01   1.759708335286237357e+01   1.725292783820358267e+01   1.996020403605504312e-01   2.266361011442573403e+00
2.039617802561757287e-01   3.504369516360839043e+00   1.220609225150510291e+01   1.757699516367607728e+01   1.723301043784128339e+01   1.993725027360097601e-01   2.268375714587637759e+00
2.041667669700010235e-01   3.496348291806725683e+00   1.216678282398899746e+01   1.755691658923301546e+01   1.721310656289923458e+01   1.991436408572392625e-01   2.270387307780141750e+00
2.043717536838263182e-01   3.488349998807279917e+00   1.212762513578457479e+01   1.753684703163105141e+01   1.719321576940835428e+01   1.989154602600669841e-01   2.272393911524459575e+00
1.839677369662718609e-01   4.409678263418527422e+00   1.688946295955285848e+01   1.972463588570215265e+01   1.934437601662696338e+01   2.235619602293891783e-01   2.053311544277549139e+00
1.850702047100356573e-01   4.352762991861027331e+00   1.658095095342065761e+01   1.959616823041075406e+01   1.921754347777261884e+01   2.221231692176480754e-01   2.066167942038140026e+00
1.858576816698669365e-01   4.312646203708936810e+00   1.636464092919551661e+01   1.950442775297165809e+01   1.912797213383760564e+01   2.211111373442817551e-01   2.075293764542809338e+00
1.866451586296982157e-01   4.272981066357260715e+00   1.615166908795802314e+01   1.941315222781387817e+01   1.903935854914536208e+01   2.201075341198435731e-01   2.084356674441353086e+00
1.874326355895294949e-01   4.233768366630783930e+00   1.594199185193724411e+01   1.932411215907239921e+01   1.895117064555718045e+01   2.190925167365626869e-01   2.093348474265598558e+00
1.882201125493607741e-01   4.195000942735987337e+00   1.573554798127359966e+01   1.923545576020224956e+01   1.886342244092585219e+01   2.180869013468012263e-01   2.102270458296065847e+00
1.899075631775706818e-01   4.113376232045993675e+00   1.530373968075580215e+01   1.904655319579309491e+01   1.867751343443498868e+01   2.159643369465156226e-01   2.121199197051232055e+00
1.906950401374019610e-01   4.075946571492295334e+00   1.510704109168641018e+01   1.895877180333929246e+01   1.859247657388161912e+01   2.149900116828444008e-01   2.129946601639535864e+00
1.912575236801385969e-01   4.049467603232642432e+00   1.496838200150945397e+01   1.889766626244232839e+01   1.853195278355603293e+01   2.142840045429657558e-01   2.136157738765096958e+00
1.918200072228752329e-01   4.023201526059210664e+00   1.483123767743121668e+01   1.883666639921382213e+01   1.847156931264390067e+01   2.135835206078250392e-01   2.142334950943300509e+00
1.923824907656118688e-01   3.997146557017913437e+00   1.469558963061142798e+01   1.877573528356208499e+01   1.841129450504284293e+01   2.128889493088115814e-01   2.148480921331200388e+00
1.929449743083485047e-01   3.971300104878309867e+00   1.456141777516940827e+01   1.871484158657312946e+01   1.835110228673712029e+01   2.122005728185003548e-01   2.154594721756816877e+00
1.882201125493607741e-01   4.195000942934257182e+00   1.573554798126051324e+01   1.923545576019734682e+01   1.886342244092103115e+01   2.180869013571643256e-01   2.102270501557878202e+00
1.890075895091920533e-01   4.156667165929320618e+00   1.553226747505985195e+01   1.914714963991852059e+01   1.877608873368382447e+01   2.170906502586360531e-01   2.111133879282407921e+00
1.895700730519286892e-01   4.129545930911945106e+00   1.538896818982790471e+01   1.908424583072592995e+01   1.871408813840990248e+01   2.163850731928485538e-01   2.117432806996726757e+00
1.901325565946653251e-01   4.102639255689155107e+00   1.524723139799455041e+01   1.902143918419921675e+01   1.865317614807319657e+01   2.156850076358652890e-01   2.123703828728920939e+00
1.906950401374019610e-01   4.075946571576196220e+00   1.510704109165968667e+01   1.895877180332627887e+01   1.859247657386893593e+01   2.149900116874174094e-01   2.129946655461690597e+00
1.912575236801385969e-01   4.049467603062112175e+00   1.496838200150168774e+01   1.889766626233599212e+01   1.853195278343532237e+01   2.142840045351476208e-01   2.136157450205832475e+00
1.749275014674087636e-01   4.912178382650381536e+00   1.969218492232212725e+01   2.082222178534101076e+01   2.042389017747056812e+01   2.359103861869625007e-01   1.943254592271657755e+00
1.764709563086780675e-01   4.821594745611491817e+00   1.917681355261298748e+01   2.062760259238542560e+01   2.023191642474879259e+01   2.337447953060410033e-01   1.962735977601569370e+00
1.780144111499473714e-01   4.733103460926486150e+00   1.867743704514720804e+01   2.043421965452052547e+01   2.004354950666463253e+01   2.316263376311222810e-01   1.981846170384010231e+00
1.795578659912166752e-01   4.646616301305357410e+00   1.819340232245257383e+01   2.024730793504565796e+01   1.985858413253017574e+01   2.294930425423432618e-01   2.000644549827898633e+00
1.806603337349804717e-01   4.585952688372572084e+00   1.785657058003053876e+01   2.011502608883598953e+01   1.972782351011291269e+01   2.279864151365836311e-01   2.014007158765639627e+00
1.817628014787442681e-01   4.526233125577846295e+00   1.752704446949575612e+01   1.998321871541609696e+01   1.959882745862675080e+01   2.265017057580455684e-01   2.027266968195363894e+00
1.828652692225080645e-01   4.467485152289555117e+00   1.720474562388037398e+01   1.985313215823685340e+01   1.947143628888229472e+01   2.250267170279246498e-01   2.040361422716052253e+00
1.839677369662718609e-01   4.409678263324167347e+00   1.688946295957618915e+01   1.972463588571459780e+01   1.934437601663886497e+01   2.235619602244642568e-01   2.053311694325975711e+00
1.702971369436008520e-01   5.196103374189079638e+00   2.133775324047022437e+01   2.141415387436796181e+01   2.100633744835883121e+01   2.426480824165854477e-01   1.883775772330191334e+00
1.718405917848701558e-01   5.099150074985573156e+00   2.077153443685356393e+01   2.121594864940973224e+01   2.081043986718783501e+01   2.403451365408277862e-01   1.904100093728644971e+00
1.733840466261394597e-01   5.004633659730643558e+00   2.022347256387537939e+01   2.101736413433907558e+01   2.061643880143799734e+01   2.381189966421078108e-01   1.923776117749747216e+00
1.749275014674087636e-01   4.912178382583078928e+00   1.969218492233106943e+01   2.082222178534189538e+01   2.042389017747162328e+01   2.359103861837202332e-01   1.943254536000660782e+00
1.764709563086780675e-01   4.821594745608763333e+00   1.917681355261133547e+01   2.062760259239063387e+01   2.023191642475348218e+01   2.337447953058497119e-01   1.962736116362233219e+00
1.780144111499473714e-01   4.733103461067230455e+00   1.867743704515217118e+01   2.043421965463517509e+01   2.004354950676481195e+01   2.316263376367103943e-01   1.981846405430411684e+00
1.625798627372543326e-01   5.713600069751464616e+00   2.445027177442685229e+01   2.246280478650318457e+01   2.203652809291467563e+01   2.543582657667260993e-01   1.780119165583988528e+00
1.641233175785236365e-01   5.605789002445362712e+00   2.378851262860698412e+01   2.224604677754431847e+01   2.182498800773299408e+01   2.519903450038583070e-01   1.800824935361806878e+00
1.656667724197929403e-01   5.499493201841686663e+00   2.314548679020484201e+01   2.203361689997276329e+01   2.161533623637729562e+01   2.495955714764417910e-01   1.822478252580891800e+00
1.672102272610622442e-01   5.395919910180509760e+00   2.252343345342719516e+01   2.182269878618253145e+01   2.140748466034368747e+01   2.472618058403043273e-01   1.843385187158038008e+00
1.687536821023315481e-01   5.295091342772593634e+00   2.192172543718274724e+01   2.161448822398838487e+01   2.120433858320357601e+01   2.449787979201815125e-01   1.863428928419814001e+00
1.702971369436008520e-01   5.196103374274798625e+00   2.133775324043912391e+01   2.141415387521525204e+01   2.100633744910950185e+01   2.426480824109875367e-01   1.883776493996919710e+00
1.564060433721771171e-01   6.170882296243235032e+00   2.732119354956374835e+01   2.333199709770879693e+01   2.289245733657658022e+01   2.644815302522567357e-01   1.693454687762041111e+00
1.579494982134464209e-01   6.053914913106154927e+00   2.657130243884610721e+01   2.310789208855780430e+01   2.267187073764755922e+01   2.619847318788473545e-01   1.713879718402246510e+00
1.594929530547157248e-01   5.937396971243741994e+00   2.584026096739045641e+01   2.289013440145511780e+01   2.245883171702492120e+01   2.593867238659072760e-01   1.736905915325672067e+00
1.610364078959850287e-01   5.823553349898475062e+00   2.513261311142231946e+01   2.267731131330164018e+01   2.224823356566701449e+01   2.568008733241053387e-01   1.759560829148723693e+00
1.625798627372543326e-01   5.713600069930635073e+00   2.445027177443908784e+01   2.246280478735168273e+01   2.203652809365295084e+01   2.543582657650944601e-01   1.780119078568080493e+00
2.127519623583054020e-01   3.171816274397883717e+00   1.062609507984841173e+01   1.698630525635176980e+01   1.664650723903990581e+01   1.867278508498386724e-01   2.356610191755202255e+00
2.146932744915562019e-01   3.106669435863409490e+00   1.031937388422024959e+01   1.679251570777897484e+01   1.646036247655171181e+01   1.850032175002983004e-01   2.372100073564640255e+00
2.166345866248070018e-01   3.048598198088484423e+00   1.003429126393521642e+01   1.661679640972356253e+01   1.628290479218991749e+01   1.834648582626042523e-01   2.378917166036608410e+00
2.185758987580578017e-01   2.985771960867623420e+00   9.744932426333043907e+00   1.645058742586272515e+01   1.611982107573916423e+01   1.814994129737612927e-01   2.395812072032906137e+00
2.205172108913086015e-01   2.921194940930376571e+00   9.458667531620164937e+00   1.628753030122541645e+01   1.596048815728436665e+01   1.793516197302544024e-01   2.417715352149085728e+00
2.224585230245594014e-01   2.860796427193349700e+00   9.188016025876144965e+00   1.612369970549123366e+01   1.580106235277903259e+01   1.774280394355800816e-01   2.434986008042799632e+00
2.243998351578102013e-01   2.804955049327077177e+00   8.932883597520349994e+00   1.596346482363957264e+01   1.563860821598863815e+01   1.757109174177116095e-01   2.447099609971435719e+00
2.263411472910610012e-01   2.749215516692742778e+00   8.683292482407972912e+00   1.579864272452937968e+01   1.547805698505951355e+01   1.740159306485385970e-01   2.461289065051790903e+00
2.282824594243118010e-01   2.692906686948390416e+00   8.437995199351934872e+00   1.563083612839338521e+01   1.531617102959409848e+01   1.722816786529244304e-01   2.478455132690697837e+00
2.302237715575626009e-01   2.638525325337127470e+00   8.202183917868147489e+00   1.546672451126533154e+01   1.515524240323077443e+01   1.705936718156021437e-01   2.494380243413924170e+00
2.321650836908134008e-01   2.586808038686626787e+00   7.976960190210691692e+00   1.531147331232815034e+01   1.500033106001874117e+01   1.689457301671837552e-01   2.507872826386643439e+00
2.341063958240642007e-01   2.536226027840484676e+00   7.758772221304291783e+00   1.516013695068006406e+01   1.485256774610061647e+01   1.672957200908869735e-01   2.521461298699511744e+00
2.360477079573150005e-01   2.486103143387936143e+00   7.546133146193811037e+00   1.501077187512096600e+01   1.470777127109585791e+01   1.656212727813440033e-01   2.536151382606473881e+00
2.379890200905658004e-01   2.437260963559651827e+00   7.340635856876034815e+00   1.486709486366512500e+01   1.456357339570289788e+01   1.639365986367832817e-01   2.552859508287200541e+00
2.399303322238166003e-01   2.390111349499761673e+00   7.142871967367504737e+00   1.472501643701972007e+01   1.442340045783172364e+01   1.623163790493880043e-01   2.566482313517091107e+00
2.418716443570674002e-01   2.344143764842669952e+00   6.951553082644784887e+00   1.458083704288129034e+01   1.428337517865996098e+01   1.607688062042457455e-01   2.583116416113371727e+00
2.438129564903182001e-01   2.299025363490613927e+00   6.765863483825221181e+00   1.443447406988124548e+01   1.414263707116401747e+01   1.592732338123579727e-01   2.604059726246185758e+00
2.457542686235689999e-01   2.254993756966996443e+00   6.586155934891981367e+00   1.429654664420240984e+01   1.400330891429258884e+01   1.577299618633042355e-01   2.620305326148023362e+00
2.476955807568197998e-01   2.212201519476934664e+00   6.412559577885170725e+00   1.415989532921130234e+01   1.386950244494279794e+01   1.562300757204928281e-01   2.631733979225108211e+00
2.496368928900705997e-01   2.170467636320950078e+00   6.244536710595672169e+00   1.402430143234804127e+01   1.373771612803179210e+01   1.547647593565418811e-01   2.650895606497736257e+00
2.515782050233213996e-01   2.129652811758660391e+00   6.081674498884719782e+00   1.389214066610773557e+01   1.360712731388139574e+01   1.532991108385703682e-01   2.668731975027894165e+00
2.535195171565721717e-01   2.089814142362456550e+00   5.923959735366626234e+00   1.376504793262055060e+01   1.348083106202739323e+01   1.518203316539126491e-01   2.682133320641084673e+00
2.554608292898229438e-01   2.050986023547807235e+00   5.771320793372421321e+00   1.363749473781353672e+01   1.335645844936993853e+01   1.503931669986943997e-01   2.693547278360760355e+00
2.574021414230737159e-01   2.013092714829554097e+00   5.623473897259400722e+00   1.350844400244260513e+01   1.323194256789692247e+01   1.490247666174983054e-01   2.712769445745372821e+00
2.593434535563244880e-01   1.976074095267563280e+00   5.480182705985139791e+00   1.338484300565780316e+01   1.310798547160000105e+01   1.476352090519307825e-01   2.727685557048715737e+00
2.612847656895752602e-01   1.939932937209277952e+00   5.341339290983329491e+00   1.326307858594217493e+01   1.298842536235824241e+01   1.462656595630410505e-01   2.738450480700812317e+00
2.632260778228260323e-01   1.904662471410915714e+00   5.206816210946819012e+00   1.314135680548760021e+01   1.286979184882193117e+01   1.449365160388585150e-01   2.752790098572019506e+00
2.651673899560768044e-01   1.870222784988868625e+00   5.076427064987312221e+00   1.302106927835869854e+01   1.275175369725407926e+01   1.436305072193433119e-01   2.769022197133022889e+00
2.671087020893275765e-01   1.836581972513499750e+00   4.950008923518059767e+00   1.290653625491767720e+01   1.263776285727055360e+01   1.422985947770240289e-01   2.781187111196190997e+00
2.690500142225783486e-01   1.803726891926430653e+00   4.827438978312500240e+00   1.279198971701720033e+01   1.252583674244248613e+01   1.410044044615616221e-01   2.789509228974168753e+00
2.709913263558291208e-01   1.771639998032355612e+00   4.708588556669732306e+00   1.267653121772814018e+01   1.241410833662339464e+01   1.397574752590610703e-01   2.806556751678020767e+00
2.729326384890798929e-01   1.740295084560898431e+00   4.593316973983397666e+00   1.256549051191847433e+01   1.230332658777697930e+01   1.384979824631767387e-01   2.819945138817241403e+00
2.748739506223306650e-01   1.709670019292048204e+00   4.481496069323060993e+00   1.245660194974755619e+01   1.219618086129105983e+01   1.372501125258077381e-01   2.829549587705230795e+00
2.768152627555814371e-01   1.679747924976027207e+00   4.373011054207045945e+00   1.234737174536370397e+01   1.208947994430920225e+01   1.360409291642776797e-01   2.840671161441089332e+00
2.787565748888322092e-01   1.650510304165891284e+00   4.267747240122543140e+00   1.223875901990832027e+01   1.198290188545676394e+01   1.348592860992743891e-01   2.855118010503793879e+00
7.174931170035067085e-01   1.502926014428567214e-01   1.570529283330999726e-01   5.303428099848920496e+00   4.573884557298930176e+00   2.833876477879244266e-02   3.541941902796062802e+00
7.194344291367574806e-01   1.494285406156450335e-01   1.558502882216149521e-01   5.316205879700988568e+00   4.574968589293025190e+00   2.810811770593987791e-02   3.548765612937561542e+00
7.213757412700082527e-01   1.485753645130216682e-01   1.546659980236326781e-01   5.331082211557769845e+00   4.576282969770661957e+00   2.786964421424804536e-02   3.555712191778788611e+00
7.233170534032590249e-01   1.477329746090845219e-01   1.534998228023426448e-01   5.345905875766486126e+00   4.577877436819780321e+00   2.763478782497322608e-02   3.562818639059183834e+00
7.252583655365097970e-01   1.469012750325191519e-01   1.523515329133083296e-01   5.360432961327643575e+00   4.579992212306398081e+00   2.740474064172148880e-02   3.570067179378509703e+00
7.271996776697605691e-01   1.460801721663074204e-01   1.512209039358114460e-01   5.374673566452333517e+00   4.582356213729870120e+00   2.717935710144545741e-02   3.577460258242271873e+00
7.291409898030113412e-01   1.452695749604799857e-01   1.501077166067050495e-01   5.388637929383508052e+00   4.584966349184820267e+00   2.695849616622872369e-02   3.585025088137655747e+00
7.310823019362621134e-01   1.444693946943971241e-01   1.490117567585172720e-01   5.404579256057418846e+00   4.587819319933949203e+00   2.673092350944372350e-02   3.592731770338281283e+00
7.330236140695128855e-01   1.436795452275418938e-01   1.479328152594164836e-01   5.420402601858504532e+00   4.590911641746062699e+00   2.650717221231467177e-02   3.600609890892080500e+00
7.349649262027636576e-01   1.428999427738517625e-01   1.468706879567242274e-01   5.435871190425983990e+00   4.594239666118729915e+00   2.628832394438201589e-02   3.608636867177658303e+00
7.369062383360144297e-01   1.421305060312079149e-01   1.458251756240178665e-01   5.451002650895056867e+00   4.597799601139294090e+00   2.607419499380907862e-02   3.616856838875197599e+00
7.388475504692652018e-01   1.413711560563797320e-01   1.447960839101967434e-01   5.465970508996916166e+00   4.601587531887460614e+00   2.586387098570777990e-02   3.625239018495062027e+00
7.407888626025159740e-01   1.406218163599533000e-01   1.437832232929911191e-01   5.482989123466079029e+00   4.605599440245570442e+00   2.564692600941346004e-02   3.633800942132694889e+00
7.427301747357667461e-01   1.398824130934599452e-01   1.427864090344880266e-01   5.499605904221326114e+00   4.609831224048435594e+00   2.543498853001277191e-02   3.642553493309759194e+00
7.446714868690175182e-01   1.391528744558172548e-01   1.418054611405702436e-01   5.515843725815801513e+00   4.614278715436374689e+00   2.522784933237685878e-02   3.651487471265966622e+00
7.466127990022682903e-01   1.384331315268809703e-01   1.408402043227735545e-01   5.531724088023312724e+00   4.618937698384894652e+00   2.502531386672038338e-02   3.660613745666680074e+00
7.485541111355190624e-01   1.377231176603572749e-01   1.398904679646297278e-01   5.548094734171100662e+00   4.623803925373508150e+00   2.482349784190075737e-02   3.669948136310049236e+00
7.504954232687698346e-01   1.370227686464886574e-01   1.389560860899215211e-01   5.565753477141705652e+00   4.629168802375802194e+00   2.461890725294156243e-02   3.679454037396135746e+00
7.524367354020206067e-01   1.363320230442468528e-01   1.380368973348364836e-01   5.583013163752387875e+00   4.635176760959944353e+00   2.441907605186748390e-02   3.689191948614918282e+00
7.543780475352713788e-01   1.356508213465303925e-01   1.371327449239633789e-01   5.599897424007409086e+00   4.641388863803017628e+00   2.422380466559612491e-02   3.699141272461593744e+00
7.563193596685221509e-01   1.349791073083679294e-01   1.362434766487718718e-01   5.616428301325909977e+00   4.647799851578818142e+00   2.403290847254338850e-02   3.709299658139032285e+00
7.582606718017729230e-01   1.343168267543433103e-01   1.353689448504338533e-01   5.634329340994619351e+00   4.654404546786055086e+00   2.383900880217849905e-02   3.719698400294559004e+00
7.602019839350236952e-01   1.336639281724956163e-01   1.345090064054997592e-01   5.652669302081369196e+00   4.661197864494569743e+00   2.364616096032351109e-02   3.730299158178477903e+00
7.621432960682744673e-01   1.330203629457855641e-01   1.336635227163344986e-01   5.670622705821809717e+00   4.668174821937280505e+00   2.345780522643812691e-02   3.741161144016574625e+00
7.640846082015252394e-01   1.323860847055584600e-01   1.328323597040004522e-01   5.688212252927285384e+00   4.675330547054113772e+00   2.327375963114413152e-02   3.752256472022390987e+00
7.660259203347760115e-01   1.317610500178716393e-01   1.320153878058368535e-01   5.705698553288414132e+00   4.682709483594236666e+00   2.309288666186766134e-02   3.763597111843936638e+00
7.679672324680267836e-01   1.311452179926391182e-01   1.312124819773175799e-01   5.725138277094646178e+00   4.691166673561141920e+00   2.290690838286473657e-02   3.775205783915179136e+00
7.699085446012775558e-01   1.305385506115044336e-01   1.304235216967056799e-01   5.744188221658762750e+00   4.699789218551863712e+00   2.272532611645662615e-02   3.787049669633254734e+00
7.718498567345283279e-01   1.299410126408702126e-01   1.296483909754672925e-01   5.762870574094202780e+00   4.708572035239398268e+00   2.254796649867398667e-02   3.799177774789436857e+00
7.737911688677791000e-01   1.293525715717578350e-01   1.288869783724718165e-01   5.781205966324248990e+00   4.717510223772706901e+00   2.237466928617344239e-02   3.811601328418458223e+00
7.757324810010298721e-01   1.287731980183934866e-01   1.281391770119987283e-01   5.800798246558365179e+00   4.726599069031040656e+00   2.219922027020937785e-02   3.824293785314279770e+00
7.776737931342806442e-01   1.282028653171209953e-01   1.274048846083170039e-01   5.821075758446644599e+00   4.735834041423303553e+00   2.202391287058802494e-02   3.837291395025641982e+00
7.796151052675314164e-01   1.276415496848812836e-01   1.266840034931328574e-01   5.840979903664204720e+00   4.745759953354350635e+00   2.185276302779406640e-02   3.850564353302296183e+00
7.815564174007821885e-01   1.270892308726843112e-01   1.259764406495557931e-01   5.860530557699007659e+00   4.756418719022155628e+00   2.168561866906854735e-02   3.864180321835563703e+00
7.834977295340329606e-01   1.265458912545227577e-01   1.252821077510832826e-01   5.880323890211238691e+00   4.767203684585432200e+00   2.152022467081772528e-02   3.878091919048646474e+00
7.854390416672837327e-01   1.260115167543744974e-01   1.246009212056069099e-01   5.901903299562933469e+00   4.778110645773831600e+00   2.135099651051658096e-02   3.892329240733652718e+00
7.873803538005345048e-01   1.254860963889541381e-01   1.239328022065902812e-01   5.923103575867788351e+00   4.789135612469308967e+00   2.118586899277196886e-02   3.906909748120841464e+00
7.893216659337852770e-01   1.249696226026344448e-01   1.232776767888706659e-01   5.943943508774709450e+00   4.800274805625186048e+00   2.102469890875457298e-02   3.921845589842573698e+00
7.912629780670360491e-01   1.244620913056451172e-01   1.226354758918785232e-01   5.964440649232646940e+00   4.812687034403331232e+00   2.086735347457229633e-02   3.937128718114172088e+00
7.932042902002868212e-01   1.239635018858962212e-01   1.220061354294555978e-01   5.987305184710710826e+00   4.825329253691380771e+00   2.070439004887401208e-02   3.952804061785645917e+00
7.951456023335375933e-01   1.234738572954938718e-01   1.213895963668294720e-01   6.009952516111566112e+00   4.838062541063317568e+00   2.054489731233040753e-02   3.968817864050397493e+00
7.970869144667883655e-01   1.229931644850239536e-01   1.207858048046683841e-01   6.032226461120139938e+00   4.850883753221198802e+00   2.038934799244672760e-02   3.985252780229965985e+00
7.990282266000391376e-01   1.225214340722686757e-01   1.201947120718415835e-01   6.054143743243400877e+00   4.863789958610676756e+00   2.023761563458187362e-02   4.002101767592462167e+00
8.009695387332899097e-01   1.220586805376342315e-01   1.196162748262398628e-01   6.078128453253921037e+00   4.878188686939106233e+00   2.008162240669498014e-02   4.019339899494934976e+00
8.029108508665406818e-01   1.216049228271458560e-01   1.190504551640262504e-01   6.102304784914370117e+00   4.892695149981647340e+00   1.992770389439869200e-02   4.037015613777552581e+00
8.048521629997914539e-01   1.211601839016793608e-01   1.184972207391495752e-01   6.126091118120032597e+00   4.907260293810525198e+00   1.977773127521826116e-02   4.055142808747127958e+00
8.067934751330422261e-01   1.207244909779774250e-01   1.179565448924917853e-01   6.149503392988501460e+00   4.921881999222024184e+00   1.963158376587356008e-02   4.073722400818235556e+00
8.087347872662929982e-01   1.202978761675694841e-01   1.174284067912841484e-01   6.175141991734109936e+00   4.937389930889027667e+00   1.948098947823340837e-02   4.092790943541574578e+00
8.106760993995437703e-01   1.198803760809141750e-01   1.169127915803281070e-01   6.200994324033578309e+00   4.953696655267269655e+00   1.933244409147196960e-02   4.112337181783414231e+00
8.126174115327945424e-01   1.194720322314424266e-01   1.164096905450589803e-01   6.226431774233301297e+00   4.970031862962429159e+00   1.918788104703094549e-02   4.132397618741017631e+00
8.145587236660453145e-01   1.190728913617249418e-01   1.159191012876727017e-01   6.251469824948602927e+00   4.986394344341957385e+00   1.904718325385245173e-02   4.152960441495483046e+00
8.165000357992960867e-01   1.186830052283767145e-01   1.154410279163552572e-01   6.279344711288145753e+00   5.003564022266759004e+00   1.890053989471619095e-02   4.174073844061214622e+00
8.184413479325468588e-01   1.183024313280611750e-01   1.149754812497149753e-01   6.306937579344253031e+00   5.021712611852522379e+00   1.875750787759680738e-02   4.195743992158170954e+00
8.203826600657976309e-01   1.179312330451693924e-01   1.145224790368641887e-01   6.334085543386831496e+00   5.039857606755639985e+00   1.861850968657926403e-02   4.218007549751461305e+00
8.223239721990484030e-01   1.175694793132606719e-01   1.140820461937395308e-01   6.361678644437943397e+00   5.057998800698365827e+00   1.848088938224699829e-02   4.240834402859358754e+00
8.242652843322991751e-01   1.172172455964073379e-01   1.136542150580449051e-01   6.391634041694226553e+00   5.077403365447377581e+00   1.833916723513423150e-02   4.264333195305806790e+00
8.262065964655499473e-01   1.168746140224357077e-01   1.132390256630990688e-01   6.421089068081945683e+00   5.097397617666877601e+00   1.820168086491712883e-02   4.288437361980038887e+00
8.281479085988007194e-01   1.165416732807216110e-01   1.128365260324057373e-01   6.450059860985162707e+00   5.117356242333841010e+00   1.806830878976081398e-02   4.313232636879395621e+00
8.300892207320514915e-01   1.162185193518325832e-01   1.124467724970271698e-01   6.481187728681055304e+00   5.137585564156049500e+00   1.793166996807288305e-02   4.338700050956548537e+00
8.320305328653022636e-01   1.159052556700999048e-01   1.120698300359208449e-01   6.513075641925635040e+00   5.159519528317634496e+00   1.779577914372751368e-02   4.364875023433705259e+00
8.339718449985530357e-01   1.156019938349572840e-01   1.117057726436126164e-01   6.544417897415073071e+00   5.181382517686784261e+00   1.766421332608022685e-02   4.391831100047137504e+00
8.359131571318038079e-01   1.153088533161508167e-01   1.113546837243961501e-01   6.576254785122060298e+00   5.203176379050733935e+00   1.753412194080777170e-02   4.419535791438434558e+00
8.378544692650545800e-01   1.150259625422904719e-01   1.110166565177694575e-01   6.610779934086880694e+00   5.226752126147284017e+00   1.739975671390708856e-02   4.448033229440741643e+00
8.397957813983053521e-01   1.147534591423209349e-01   1.106917945560390304e-01   6.644685894478279842e+00   5.250573812548568142e+00   1.726995992958535800e-02   4.477394081013725824e+00
8.417370935315561242e-01   1.144914903431981656e-01   1.103802121573920492e-01   6.677990961706434803e+00   5.274290405963171224e+00   1.714460097351524701e-02   4.507618037215571860e+00
8.436784056648068963e-01   1.142402135097881910e-01   1.100820349571569323e-01   6.715013108863157498e+00   5.299622521184582880e+00   1.701265681209204739e-02   4.538741508829377658e+00
8.456197177980576685e-01   1.139997968292618680e-01   1.097974004813751098e-01   6.751588306611203016e+00   5.325481963204722113e+00   1.688488569684150689e-02   4.570781279235032635e+00
8.475610299313084406e-01   1.137704201140650184e-01   1.095264587642729437e-01   6.787482663550767903e+00   5.351196657073880480e+00   1.676179899876867677e-02   4.603836616709277685e+00
8.495023420645592127e-01   1.135522749098072243e-01   1.092693730166327953e-01   6.826596035377411553e+00   5.378721300195630661e+00   1.663380611967461148e-02   4.637895254170078196e+00
8.514436541978099848e-01   1.133455656143951273e-01   1.090263203461255409e-01   6.866024403789531050e+00   5.406660473198806827e+00   1.650817983574845091e-02   4.673031130207110806e+00
8.533849663310607569e-01   1.131505101089942539e-01   1.087974925375084917e-01   6.904678102784492566e+00   5.434413693164619197e+00   1.638751414977091328e-02   4.709262619494187341e+00
8.553262784643115291e-01   1.129673410142686407e-01   1.085830968956428971e-01   6.946533770807319819e+00   5.464618707237184125e+00   1.626240435035554086e-02   4.746683388453456054e+00
8.572675905975623012e-01   1.127963057168699379e-01   1.083833571588515010e-01   6.988890238415335077e+00   5.494704806906765882e+00   1.613937290027399676e-02   4.785288369534970165e+00
8.592089027308130733e-01   1.126376682342424829e-01   1.081985144885902750e-01   7.030369226267414895e+00   5.525398825321968133e+00   1.602158643580152420e-02   4.825160147046577919e+00
8.611502148640638454e-01   1.124917097248499115e-01   1.080288285427519201e-01   7.075766226071138476e+00   5.557944487580659398e+00   1.589816652087325949e-02   4.866375414167303681e+00
8.630915269973146176e-01   1.123587298947086310e-01   1.078745786413553565e-01   7.121207965401882944e+00   5.590203591307171038e+00   1.577804361852641266e-02   4.908987659400085413e+00
8.650328391305653897e-01   1.122390480176136407e-01   1.077360650327303659e-01   7.165731083699822257e+00   5.624506406371989620e+00   1.566330730341364968e-02   4.953010174839146629e+00
8.669741512638161618e-01   1.121330047166111399e-01   1.076136102715879173e-01   7.215440254006208143e+00   5.659327205874722821e+00   1.554070171315629148e-02   4.998610134746003020e+00
8.689154633970669339e-01   1.120409627880007974e-01   1.075075607194305866e-01   7.263989773789394810e+00   5.694796032937690988e+00   1.542416306700725853e-02   5.045761870275180527e+00
8.708567755303177060e-01   1.119633094698428977e-01   1.074182881805951784e-01   7.313567210773601168e+00   5.732304241277557111e+00   1.530898756285578241e-02   5.094625091671873385e+00
8.727980876635684782e-01   1.119004577908526560e-01   1.073461916881639083e-01   7.366641362246681979e+00   5.769407048046293340e+00   1.519015957045657082e-02   5.145235993174427591e+00
8.747393997968192503e-01   1.118528487131697918e-01   1.072916994555946635e-01   7.418405308802111797e+00   5.809582487505146275e+00   1.507774839161912274e-02   5.197710531374475806e+00
8.766807119300700224e-01   1.118209528101488104e-01   1.072552710125509595e-01   7.474172632948479666e+00   5.849462388535776824e+00   1.496098074015674191e-02   5.252139656490583342e+00
8.786220240633207945e-01   1.118052732484784428e-01   1.072373995454481976e-01   7.530564936960627342e+00   5.891636345310418577e+00   1.484686397161639679e-02   5.308623636717477723e+00
8.805633361965715666e-01   1.118063476463930783e-01   1.072386144650675777e-01   7.587239969724643096e+00   5.934413219492458147e+00   1.473610273202559211e-02   5.367262315642926218e+00
8.825046483298223388e-01   1.118247514233416950e-01   1.072594842289214950e-01   7.648702171659284232e+00   5.978970013611425216e+00   1.462009487540064621e-02   5.428233059368260172e+00
8.844459604630731109e-01   1.118611002224270123e-01   1.073006194460641022e-01   7.708458542761579046e+00   6.024802384547078837e+00   1.451147458365293665e-02   5.491570881248524216e+00
8.863872725963238830e-01   1.119160537699599445e-01   1.073626763003499712e-01   7.773593432279553461e+00   6.072157854069075711e+00   1.439695229045974585e-02   5.557500212202302059e+00
8.883285847295746551e-01   1.119903194265816637e-01   1.074463603286013036e-01   7.838457203945498719e+00   6.121159987182984707e+00   1.428729104628027706e-02   5.626113478936943579e+00
8.902698968628254272e-01   1.120846561672124153e-01   1.075524305991980706e-01   7.906131497991541579e+00   6.171779225454367079e+00   1.417692789396257647e-02   5.697601684672473965e+00
8.922112089960761994e-01   1.121998793580587517e-01   1.076817043405302182e-01   7.976540258486026325e+00   6.224105487961664629e+00   1.406623369557902410e-02   5.772158606605267472e+00
8.941525211293269715e-01   1.123368655406693506e-01   1.078350620771734991e-01   8.047444982738008790e+00   6.278502852479109997e+00   1.395932072622242497e-02   5.849921631749571027e+00
8.960938332625777436e-01   1.124965581888091037e-01   1.080134533406071490e-01   8.123658297573919995e+00   6.334255204513708826e+00   1.384801699776140246e-02   5.931124057736234079e+00
8.980351453958285157e-01   1.126799740843580366e-01   1.082179030305378958e-01   8.198563218242819417e+00   6.393001507754625834e+00   1.374386841753334580e-02   6.015997926443816368e+00
8.999764575290792878e-01   1.128882097640371285e-01   1.084495185153086100e-01   8.281030256797249578e+00   6.452322072882146209e+00   1.363214554993034087e-02   6.104785796604971893e+00
9.019177696623300600e-01   1.131224500696817042e-01   1.087094975746268483e-01   8.360987109000886264e+00   6.516026540400544853e+00   1.352979601510227725e-02   6.197731322606407467e+00
9.038590817955808321e-01   1.133839761314447969e-01   1.089991373028688787e-01   8.449919423382660000e+00   6.580217447632025873e+00   1.341834998067414735e-02   6.295126745657865008e+00
9.058003939288316042e-01   1.136741758547259451e-01   1.093198441129287213e-01   8.535946720372930230e+00   6.648360528966971827e+00   1.331711403298913715e-02   6.397297398075718178e+00
9.077417060620823763e-01   1.139945545697855778e-01   1.096731450022405269e-01   8.631771062434284048e+00   6.718698299611592262e+00   1.320639226240523899e-02   6.504616486985009161e+00
9.096830181953331484e-01   1.143467475211537021e-01   1.100607002721056410e-01   8.725298713443645937e+00   6.790819117221688295e+00   1.310519573902634537e-02   6.617424867589276616e+00
9.116243303285839206e-01   1.147325342609519794e-01   1.104843179247598228e-01   8.828131105692554215e+00   6.868109113345395755e+00   1.299624268005831508e-02   6.736138063490742844e+00
9.135656424618346927e-01   1.151538546238271010e-01   1.109459700025788864e-01   8.930548662023703343e+00   6.947092349770230157e+00   1.289437625635564411e-02   6.861249178113697944e+00
9.155069545950854648e-01   1.156128268237353179e-01   1.114478111827479495e-01   9.040741685799236649e+00   7.029385850040545947e+00   1.278798032746963735e-02   6.993258112031656815e+00
9.174482667283362369e-01   1.161117685931003507e-01   1.119922000020937003e-01   9.153831033234668624e+00   7.116889606371652910e+00   1.268449987459187300e-02   7.132746855943733699e+00
9.193895788615870091e-01   1.166532208038688623e-01   1.125817231545103020e-01   9.271341659698293824e+00   7.207043956720241340e+00   1.258212943558645325e-02   7.280320708301712074e+00
9.213308909948377812e-01   1.172399753248782872e-01   1.132192233972244833e-01   9.397003806366328149e+00   7.300528252696931730e+00   1.247631455096889254e-02   7.436712977615872688e+00
9.232722031280885533e-01   1.178751061635239378e-01   1.139078317040113919e-01   9.522720217136187770e+00   7.401081889742499698e+00   1.237830194269564157e-02   7.602711647870222578e+00
9.252135152613393254e-01   1.185620063317855966e-01   1.146510044435306436e-01   9.662312419489994753e+00   7.505534309350710309e+00   1.227056228203016880e-02   7.779185217775728134e+00
9.271548273945900975e-01   1.193044304183104032e-01   1.154525665195760831e-01   9.804372129581006234e+00   7.614333896505120158e+00   1.216849267260614736e-02   7.967154111660854632e+00
9.290961395278408697e-01   1.201065441097170922e-01   1.163167616182078784e-01   9.952035283389550457e+00   7.728239454814395337e+00   1.206854082502912748e-02   8.167744303114728766e+00
9.310374516610916418e-01   1.209729816765729854e-01   1.172483109654289535e-01   1.011309642793441377e+01   7.850794189815575308e+00   1.196201208389758956e-02   8.382232188974994003e+00
9.329787637943424139e-01   1.219089144577765182e-01   1.182524823139571718e-01   1.027825774873724285e+01   7.979508089108415803e+00   1.186085399276486443e-02   8.612084580835738024e+00
9.349200759275931860e-01   1.229201309359950617e-01   1.193351712907567835e-01   1.045132912770348987e+01   8.115060777327364860e+00   1.176119605784578179e-02   8.858995711098009096e+00
9.368613880608439581e-01   1.240131316071710899e-01   1.205029977459748380e-01   1.064102242570640300e+01   8.258263173407955904e+00   1.165424962432014613e-02   9.124869643226130478e+00
9.388027001940947303e-01   1.251952422951490007e-01   1.217634204001277615e-01   1.083839714918488717e+01   8.410040678824602267e+00   1.155108459045205149e-02   9.411903186613690409e+00
9.407440123273455024e-01   1.264747497067446602e-01   1.231248739264673153e-01   1.104448288948847079e+01   8.571392179644812259e+00   1.145139622852930049e-02   9.722753936820932807e+00
9.426853244605962745e-01   1.278610635673658180e-01   1.245969336723534576e-01   1.126772335500706390e+01   8.743537710185515621e+00   1.134755083515144244e-02   1.006037544538692963e+01
9.446266365938470466e-01   1.293649138609680449e-01   1.261905146213247175e-01   1.150925096210004561e+01   8.927726433498348158e+00   1.124008106930386719e-02   1.042832144840022579e+01
9.465679487270978187e-01   1.309985892124814200e-01   1.279181129769269842e-01   1.176523415570121678e+01   9.125521582015231559e+00   1.113438011337852633e-02   1.083080178836504359e+01
9.485092608603485909e-01   1.327762289553220398e-01   1.297941010792477146e-01   1.203802066181419050e+01   9.338498642624031731e+00   1.102973924745797793e-02   1.127276567883306591e+01
9.504505729935993630e-01   1.347141812315157949e-01   1.318350893573605465e-01   1.233050663396330648e+01   9.568605320589654184e+00   1.092527543519236470e-02   1.176023412305790927e+01
9.523918851268501351e-01   1.368314450339767063e-01   1.340603728987846133e-01   1.264554374900455436e+01   9.817830257358655999e+00   1.082052679978652218e-02   1.230040138433195551e+01
9.543331972601009072e-01   1.391502196244118750e-01   1.364924851558789176e-01   1.299120439541511551e+01   1.008852938118509535e+01   1.071111002406528734e-02   1.290215389667447177e+01
9.562745093933516793e-01   1.416965877330085277e-01   1.391578875170228213e-01   1.336957721946839861e+01   1.038319375476156203e+01   1.059843444612997877e-02   1.357628810234058570e+01
9.582158215266024515e-01   1.445013714200058530e-01   1.420878309932371575e-01   1.378300831797570680e+01   1.070458311707281318e+01   1.048402265211928648e-02   1.433640238957168123e+01
9.601571336598532236e-01   1.476012033939468893e-01   1.453194347723537894e-01   1.423614229187944957e+01   1.105868290969758583e+01   1.036806182234784567e-02   1.519948922633051325e+01
9.620984457931039957e-01   1.510398691062846410e-01   1.488970345301610931e-01   1.473625354595104575e+01   1.145712575620946616e+01   1.024954332085203403e-02   1.618731599719374259e+01
9.640397579263547678e-01   1.548699756302767128e-01   1.528738574434303776e-01   1.529827992531418701e+01   1.189583828141319977e+01   1.012335872963156594e-02   1.732798548518137238e+01
9.659810700596055399e-01   1.591549984879065682e-01   1.573140716964974428e-01   1.593533718624380136e+01   1.239249733593993597e+01   9.987551353811158217e-03   1.865835229300958531e+01
9.679223821928563121e-01   1.639717146442762896e-01   1.622952145951522263e-01   1.665341787951955510e+01   1.295408696942895332e+01   9.846129835361268345e-03   2.022765426664916077e+01
9.698636943261070842e-01   1.694129073279100339e-01   1.679108769913071064e-01   1.746498220813105817e+01   1.360054550568574072e+01   9.700147718961750487e-03   2.210274198058705153e+01
9.718050064593578563e-01   1.755899193005916736e-01   1.742732055769788124e-01   1.838565226144247333e+01   1.433922671288237360e+01   9.550377479336461667e-03   2.437616997382385975e+01
9.737463185926086284e-01   1.826339100770155988e-01   1.815140474378947877e-01   1.951154990235593445e+01   1.521539305828935440e+01   9.360297413121616839e-03   2.717888262797535504e+01
9.756876307258594005e-01   1.906930587871329408e-01   1.897819249455195423e-01   2.079390231196970618e+01   1.625754044067748794e+01   9.170623961110140401e-03   3.069983453062837597e+01
9.776289428591101727e-01   1.999195670199469532e-01   1.992285994933853110e-01   2.238840895833902778e+01   1.751145398430746525e+01   8.929601357200630737e-03   3.521741263371892927e+01
9.795702549923609448e-01   2.104338677448822637e-01   2.099724781239368787e-01   2.426697642973606861e+01   1.904424641415511488e+01   8.671614626329076508e-03   4.114897186433465492e+01
9.809569065161115597e-01   2.187452236320268362e-01   2.184510105212086606e-01   2.594992279838513127e+01   2.037746959502011634e+01   8.429513464511709936e-03   4.659052807121421580e+01
9.823435580398621747e-01   2.276518425009044222e-01   2.275239858067886756e-01   2.790398950219196550e+01   2.190951858155134602e+01   8.158397654321847964e-03   5.339666653594517243e+01
9.837302095636127897e-01   2.369718029359546563e-01   2.370046918853584428e-01   3.016084402375071960e+01   2.379603026978828240e+01   7.856935394425527616e-03   6.200764514158505136e+01
9.851168610873634046e-01   2.463624009970999673e-01   2.465438870889171130e-01   3.289634408415379596e+01   2.601573095128222946e+01   7.489051074091026758e-03   7.301393734580373973e+01
9.865035126111140196e-01   2.552794385633205820e-01   2.555894127630096713e-01   3.628299853399365560e+01   2.861436035370031306e+01   7.035786701150084643e-03   8.720937136245360932e+01
9.874939779852215382e-01   2.609488135683477594e-01   2.613335957818552768e-01   3.905532424451656937e+01   3.089097601776395763e+01   6.681517017618548646e-03   9.988770273283094525e+01
9.884844433593290569e-01   2.656649531037373890e-01   2.661072562218764204e-01   4.222690755990013400e+01   3.348136031550010472e+01   6.291366535114694368e-03   1.152682195831800556e+02
9.894749087334365756e-01   2.690655213798436307e-01   2.695459619262118300e-01   4.583593752477929684e+01   3.643728304162281262e+01   5.870186929947370305e-03   1.340568827439414576e+02
9.904653741075440943e-01   2.707698402115283898e-01   2.712678291460300928e-01   4.997664439439811446e+01   3.984371721197105387e+01   5.417927583827116325e-03   1.572341250547554523e+02
4.709464760806586492e-01   4.242024571369711339e-01   6.514349178853244826e-01   6.462091328573883686e+00   6.278589878556039672e+00   6.564476352434781004e-02   3.251891946648987286e+00
4.728877882139094213e-01   4.196825842228690817e-01   6.418572370260063886e-01   6.433690017325961463e+00   6.248614285377088073e+00   6.523201818748831926e-02   3.252106384106516312e+00
4.748291003471601934e-01   4.152305729147656721e-01   6.324620055964056409e-01   6.405528893944461011e+00   6.220229177785665087e+00   6.482377642653498750e-02   3.251941249941989742e+00
4.767704124804109655e-01   4.108451695622080124e-01   6.232450999479022258e-01   6.376792863971694203e+00   6.191587233300574589e+00   6.442818174061230863e-02   3.252195855648861933e+00
4.787117246136617377e-01   4.065251482347775891e-01   6.142025048665923359e-01   6.347327335118436942e+00   6.162591990723607083e+00   6.404666511927924188e-02   3.252821475907025306e+00
4.806530367469125098e-01   4.022693103707979390e-01   6.053303103580269795e-01   6.320292099845738143e+00   6.134332639485606364e+00   6.364726566682199493e-02   3.253063547940418854e+00
4.825943488801632819e-01   3.980764833917191381e-01   5.966247085392033522e-01   6.293598075406359627e+00   6.107167450557797750e+00   6.325101772025956692e-02   3.252965120800560328e+00
4.845356610134140540e-01   3.939455208334266545e-01   5.880819906274552533e-01   6.266367924614762330e+00   6.079736758898443227e+00   6.286664389525854768e-02   3.252699257713096426e+00
4.864769731466648262e-01   3.898753011495728060e-01   5.796985440320706617e-01   6.238462566775237583e+00   6.051949963244865671e+00   6.249541405056561333e-02   3.253342736550462355e+00
4.884182852799155983e-01   3.858647273051474258e-01   5.714708495385726339e-01   6.212423274462172351e+00   6.025257155924951036e+00   6.211178959607398242e-02   3.253641014597404624e+00
4.903595974131663704e-01   3.819127261527910377e-01   5.633954785852208769e-01   6.187123529083699225e+00   5.999226980337970083e+00   6.172702457895673511e-02   3.253632972348558638e+00
4.923009095464171425e-01   3.780182477754578940e-01   5.554690906269849071e-01   6.161334492697644549e+00   5.972925822200742196e+00   6.135330718101436598e-02   3.253355691756044443e+00
4.942422216796679146e-01   3.741802650619092674e-01   5.476884305865149516e-01   6.134934575168401238e+00   5.946269891327494506e+00   6.099172867734098391e-02   3.253488116328355328e+00
4.961835338129186868e-01   3.703977728483778264e-01   5.400503263835312318e-01   6.109639595666858547e+00   5.920993127561876790e+00   6.062514278437555054e-02   3.253866619085508560e+00
4.981248459461694589e-01   3.666697877744127254e-01   5.325516865473174377e-01   6.085824233117354431e+00   5.896146125643525693e+00   6.024981559261902847e-02   3.253968724857191130e+00
5.000661580794202310e-01   3.629953475534648533e-01   5.251894979030158339e-01   6.061578177487978003e+00   5.871035587209400219e+00   5.988462689495433616e-02   3.253827842690371064e+00
5.020074702126710031e-01   3.593735101973152268e-01   5.179608233314698662e-01   6.036796060013132070e+00   5.845584774964238228e+00   5.953050370174894912e-02   3.253475593391433662e+00
5.039487823459217752e-01   3.558033541354461704e-01   5.108627996043360042e-01   6.011937863475945498e+00   5.821518177246208126e+00   5.918280631226117972e-02   3.253762728530377402e+00
5.058900944791725474e-01   3.522839770915879853e-01   5.038926352793717811e-01   5.989547637162319305e+00   5.797788829354904472e+00   5.881645800858683465e-02   3.253991482953438652e+00
5.078314066124233195e-01   3.488144959579813076e-01   4.970476086712611319e-01   5.966791205013095123e+00   5.773807220096483839e+00   5.845930986573139032e-02   3.254000197240870751e+00
5.097727187456740916e-01   3.453940464057723148e-01   4.903250658814348739e-01   5.943580297747179664e+00   5.749504410548410327e+00   5.811211914419470159e-02   3.253817341815660402e+00
5.117140308789248637e-01   3.420217820690822363e-01   4.837224188894801991e-01   5.919818410608630010e+00   5.726500635005574047e+00   5.777572187960378081e-02   3.253469695788026250e+00
5.136553430121756358e-01   3.386968746031016053e-01   4.772371437047687182e-01   5.897959959052689882e+00   5.703938467158070402e+00   5.742610613746891579e-02   3.253716167123596570e+00
5.155966551454264080e-01   3.354185126614765977e-01   4.708667785793226868e-01   5.876763252959422701e+00   5.681144707034484931e+00   5.707538286361397983e-02   3.253885443687952517e+00
5.175379672786771801e-01   3.321859021796171874e-01   4.646089222687930231e-01   5.855195846659348113e+00   5.658057924815411255e+00   5.673352538141728657e-02   3.253880467826383960e+00
5.194792794119279522e-01   3.289982652947855968e-01   4.584612323546463086e-01   5.833178498730102746e+00   5.635908133975578771e+00   5.640119968322747368e-02   3.253725372009124150e+00
5.214205915451787243e-01   3.258548404348857730e-01   4.524214236139684209e-01   5.810960478571505661e+00   5.614461294716488027e+00   5.607590029849762736e-02   3.253442742761547546e+00
5.233619036784294964e-01   3.227548817500291989e-01   4.464872664392064427e-01   5.791267487159626803e+00   5.592806891833644656e+00   5.573130277018630702e-02   3.253492999833699884e+00
5.253032158116802686e-01   3.196976587848894269e-01   4.406565853104780217e-01   5.771289489257542371e+00   5.570891405809356378e+00   5.539449361879393574e-02   3.253672942765836851e+00
5.272445279449310407e-01   3.166824560245231623e-01   4.349272573097585082e-01   5.750964091395858624e+00   5.549429140178293807e+00   5.506597693738318061e-02   3.253715637408276962e+00
5.291858400781818128e-01   3.137085727349813169e-01   4.292972106830281742e-01   5.730224684526942447e+00   5.529140669328781676e+00   5.474629530358100793e-02   3.253641482466212764e+00
5.311271522114325849e-01   3.107753222739120247e-01   4.237644234462965009e-01   5.709982513731428178e+00   5.508674367066594080e+00   5.442666794978025940e-02   3.253469497218449025e+00
5.330684643446833570e-01   3.078820322592719094e-01   4.183269220323405091e-01   5.691623144272078605e+00   5.487983928909582865e+00   5.409388929221665976e-02   3.253217344043633386e+00
5.350097764779341292e-01   3.050280439131256571e-01   4.129827799802490707e-01   5.673011470150818525e+00   5.467043012619946296e+00   5.376827554783992352e-02   3.253444923309712244e+00
5.369510886111849013e-01   3.022127114644490575e-01   4.077301166631696061e-01   5.654096365794457846e+00   5.447868304533591832e+00   5.345022297333715949e-02   3.253582356815383214e+00
5.388924007444356734e-01   2.994354027375720761e-01   4.025670960541788967e-01   5.634824049132229895e+00   5.428547561872912652e+00   5.314015133865369195e-02   3.253629604807784403e+00
5.408337128776864455e-01   2.966954979407319115e-01   3.974919255295102372e-01   5.615959523151986765e+00   5.409041728015765216e+00   5.283077570584233940e-02   3.253602690916995943e+00
5.427750250109372177e-01   2.939923896987011176e-01   3.925028547102913934e-01   5.598986699197990191e+00   5.389310263892718389e+00   5.250814218594467703e-02   3.253516460655499820e+00
5.447163371441879898e-01   2.913254830403957385e-01   3.875981743324113937e-01   5.581815409851222043e+00   5.370395854676194070e+00   5.219188770130984284e-02   3.253384619300226710e+00
5.466576492774387619e-01   2.886941947127752428e-01   3.827762151561397430e-01   5.564407306344988591e+00   5.352253879275341575e+00   5.188229020970170496e-02   3.253535303149523994e+00
5.485989614106895340e-01   2.860979530511258417e-01   3.780353469062621152e-01   5.546722897888107795e+00   5.333967243468806352e+00   5.157963689876349928e-02   3.253734808864273909e+00
5.505402735439403061e-01   2.835361978721948617e-01   3.733739772409903623e-01   5.528721544678826483e+00   5.315502303253936134e+00   5.128422467669530721e-02   3.253908328884286050e+00
5.524815856771910783e-01   2.810083798709683833e-01   3.687905507555993556e-01   5.513122203571557911e+00   5.296824530074299098e+00   5.097082369930475143e-02   3.255541317881001984e+00
5.544228978104418504e-01   2.785139609226234825e-01   3.642835480108175816e-01   5.497524119185075442e+00   5.279651649533110280e+00   5.066170786785178376e-02   3.257190797371925850e+00
5.563642099436926225e-01   2.760524132421551258e-01   3.598514845944268958e-01   5.481764108736843610e+00   5.262541646104089921e+00   5.035831673277994108e-02   3.258853078575783879e+00
5.583055220769433946e-01   2.736232194798731143e-01   3.554929102056245682e-01   5.465815227375157903e+00   5.245300450710502993e+00   5.006082498168802630e-02   3.260530581290224994e+00
5.602468342101941667e-01   2.712258724094454010e-01   3.512064077703629383e-01   5.449650622063647809e+00   5.227900602364058180e+00   4.976940564067552919e-02   3.262221414151960097e+00
5.621881463434449389e-01   2.688598747918149456e-01   3.469905925785746192e-01   5.433836146231818098e+00   5.210501943053055030e+00   4.947883365571488501e-02   3.263930639657081301e+00
5.641294584766957110e-01   2.665247391173579672e-01   3.428441114505407783e-01   5.419868644868947705e+00   5.194582550488274109e+00   4.917549789138894040e-02   3.265661959281187965e+00
5.660707706099464831e-01   2.642199870291506159e-01   3.387656419231360738e-01   5.405823382952331890e+00   5.178576534066290371e+00   4.887691815133807238e-02   3.267405171981496270e+00
5.680120827431972552e-01   2.619451498427451952e-01   3.347538914621546180e-01   5.391684935326290784e+00   5.162462188151575759e+00   4.858317074992308388e-02   3.269172069883811815e+00
5.699533948764480273e-01   2.596997676853334269e-01   3.308075966976922189e-01   5.377438783785838616e+00   5.146217869317695204e+00   4.829432339953090153e-02   3.270949174024526229e+00
5.718947070096987995e-01   2.574833897175494712e-01   3.269255226794475222e-01   5.363071500760774768e+00   5.129953196545155691e+00   4.801043388681734692e-02   3.272753959663219359e+00
5.738360191429495716e-01   2.552955737525053337e-01   3.231064621552194871e-01   5.348570895282122706e+00   5.115131840320051637e+00   4.773154899707825194e-02   3.274582503345156770e+00
5.757773312762003437e-01   2.531358857546592844e-01   3.193492348689206950e-01   5.336200339748212507e+00   5.100249737805671479e+00   4.743747791272084208e-02   3.276427644647623261e+00
5.777186434094511158e-01   2.510039005323960737e-01   3.156526868793853580e-01   5.323923360641644287e+00   5.085290654443660685e+00   4.714641506449950697e-02   3.278292816743650473e+00
5.796599555427018879e-01   2.488992006665284862e-01   3.120156898974102977e-01   5.311634637718275265e+00   5.070238760256811972e+00   4.685924722665947562e-02   3.280191052216235637e+00
5.816012676759526601e-01   2.468213767403995007e-01   3.084371406443663366e-01   5.299330026524017079e+00   5.055078710550315435e+00   4.657595875422326781e-02   3.282106305571630855e+00
5.835425798092034322e-01   2.447700272479096384e-01   3.049159602243325384e-01   5.287006945598249352e+00   5.041081560909944415e+00   4.629652084185275490e-02   3.284049134338612230e+00
5.854838919424542043e-01   2.427447580457737786e-01   3.014510935185215623e-01   5.274664516325599628e+00   5.027386490936065933e+00   4.602089048402133176e-02   3.286014146029432315e+00
5.874252040757049764e-01   2.407451827740487715e-01   2.980415085942820785e-01   5.262303706542351023e+00   5.013649297496482582e+00   4.574900959721171084e-02   3.288008031671858955e+00
5.893665162089557485e-01   2.387709220696478951e-01   2.946861961319479639e-01   5.251579501425135632e+00   4.999859060033430502e+00   4.546649669967901819e-02   3.290035702760245595e+00
5.913078283422065207e-01   2.368216039318440380e-01   2.913841688666022334e-01   5.241291267816028387e+00   4.986005548580065394e+00   4.518382815052449097e-02   3.292085670359594207e+00
5.932491404754572928e-01   2.348968632038577198e-01   2.881344610457502453e-01   5.231082963710062650e+00   4.972309563861552206e+00   4.490405998785017977e-02   3.294171336931293492e+00
5.951904526087080649e-01   2.329963415619431544e-01   2.849361279043221007e-01   5.220959648353939109e+00   4.959814651042996125e+00   4.462711019714585975e-02   3.296276707760589453e+00
5.971317647419588370e-01   2.311196874801453582e-01   2.817882451501390051e-01   5.210927968181066738e+00   4.947315566596838465e+00   4.435288472444962743e-02   3.298412881706477062e+00
5.990730768752096091e-01   2.292665560813702541e-01   2.786899084678684524e-01   5.200996209326643083e+00   4.934805689718760213e+00   4.408127728880861795e-02   3.300589831023245324e+00
6.010143890084603813e-01   2.274366086882082527e-01   2.756402330339089435e-01   5.191174339713959363e+00   4.922279176730120831e+00   4.381216923274056790e-02   3.302798644335383393e+00
6.029557011417111534e-01   2.256295130672469618e-01   2.726383530465316674e-01   5.181474038511545643e+00   4.909731019302737032e+00   4.354542961910938537e-02   3.305040613410225259e+00
6.048970132749619255e-01   2.238449431059734707e-01   2.696834212680938592e-01   5.171968984646544421e+00   4.897266740961064180e+00   4.328041095576507652e-02   3.307316141393467746e+00
6.068383254082126976e-01   2.220825787934472828e-01   2.667746085796647293e-01   5.164074938948776783e+00   4.886036610541663272e+00   4.300529744803732041e-02   3.309636038841940575e+00
6.087796375414634698e-01   2.203421059201673415e-01   2.639111035489306034e-01   5.156357838338388788e+00   4.874834910331263593e+00   4.273212077755478289e-02   3.311980801090161020e+00
6.107209496747142419e-01   2.186232162289343250e-01   2.610921120099424786e-01   5.148828459106231215e+00   4.863659001996853526e+00   4.246076907889148599e-02   3.314364084833316682e+00
6.126622618079650140e-01   2.169256070560550143e-01   2.583168566523352805e-01   5.141498626741758393e+00   4.852507053681989646e+00   4.219112418464728703e-02   3.316791804842227354e+00
6.146035739412157861e-01   2.152489813267948471e-01   2.555845766249103534e-01   5.134381156699625137e+00   4.841378075525790692e+00   4.192306234334123444e-02   3.319255862870224671e+00
6.165448860744665582e-01   2.135930474806855550e-01   2.528945271483917789e-01   5.127489779345399512e+00   4.830271952612439357e+00   4.165645504376878222e-02   3.321761459393782534e+00
6.184861982077173304e-01   2.119575191604781139e-01   2.502459791382589116e-01   5.120839048453496467e+00   4.819635980520038387e+00   4.139116991472124168e-02   3.324315283371596763e+00
6.204275103409681025e-01   2.103421154487250533e-01   2.476382188394349870e-01   5.114444232950192237e+00   4.809789913976564080e+00   4.112707185143991279e-02   3.326910802082795104e+00
6.223688224742188746e-01   2.087465604168983191e-01   2.450705474697233432e-01   5.108321191861325161e+00   4.800009008907983876e+00   4.086402412390930522e-02   3.329545002960424771e+00
6.243101346074696467e-01   2.071705833020587029e-01   2.425422808735755720e-01   5.102486232917609499e+00   4.790294374344048478e+00   4.060188971516308365e-02   3.332223853281958359e+00
6.262514467407204188e-01   2.056139182265042387e-01   2.400527491850975859e-01   5.096955955482315836e+00   4.780647847829938790e+00   4.034053266741390725e-02   3.334951685523787734e+00
6.281927588739711910e-01   2.040763042217577095e-01   2.376012964997210042e-01   5.091747079358579953e+00   4.771072002437525050e+00   4.007981956705235910e-02   3.337726628979932997e+00
6.301340710072219631e-01   2.025574850500788671e-01   2.351872805562215396e-01   5.086876261022341694e+00   4.761570149615064196e+00   3.981962105155858328e-02   3.340549391571749016e+00
6.320753831404727352e-01   2.010572090731557182e-01   2.328100724258891085e-01   5.082359899810156456e+00   4.752146337624827410e+00   3.955981336163657408e-02   3.343421789456982207e+00
6.340166952737235073e-01   1.995752292640418091e-01   2.304690562107700735e-01   5.078257443836506013e+00   4.743519217114774200e+00   3.929994323274547952e-02   3.346343427768512235e+00
6.359580074069742794e-01   1.981113034338477519e-01   2.281636287497324500e-01   5.074970299407455698e+00   4.735280395394396713e+00   3.903693849340928584e-02   3.349328997112079875e+00
6.378993195402250516e-01   1.966651931633123240e-01   2.258931993333354593e-01   5.072007929336874277e+00   4.727148103448348238e+00   3.877462257615688773e-02   3.352348179654534466e+00
6.398406316734758237e-01   1.952366649402392795e-01   2.236571894254206216e-01   5.069379206090552259e+00   4.719126226894744924e+00   3.851293363607011938e-02   3.355438313834575581e+00
6.417819438067265958e-01   1.938254892396571449e-01   2.214550323931940568e-01   5.067092310000326449e+00   4.711219182024242613e+00   3.825181729117634044e-02   3.358576868369458346e+00
6.437232559399773679e-01   1.924314407586961984e-01   2.192861732432676847e-01   5.065154608373308776e+00   4.703431896074871332e+00   3.799122744261033274e-02   3.361776017766045399e+00
6.456645680732281400e-01   1.910542983927143723e-01   2.171500683664477349e-01   5.063572541400218618e+00   4.695769783618266580e+00   3.773112695249005583e-02   3.365039557300472772e+00
6.476058802064789122e-01   1.896938449023082285e-01   2.150461852882957214e-01   5.062351517107083865e+00   4.688238719079899752e+00   3.747148815353504303e-02   3.368356491439188805e+00
6.495471923397296843e-01   1.883498671330698926e-01   2.129740024270123100e-01   5.061495817351437942e+00   4.680845005403903691e+00   3.721229334762721913e-02   3.371735157497394386e+00
6.514885044729804564e-01   1.870221558627918057e-01   2.109330088572822226e-01   5.061008517017809183e+00   4.673811576244021104e+00   3.695353509758451949e-02   3.375182824154935979e+00
6.534298166062312285e-01   1.857105055745478239e-01   2.089227040816496184e-01   5.060891417952472437e+00   4.667458352971958213e+00   3.669521636361885997e-02   3.378678504697645302e+00
6.553711287394820006e-01   1.844147146117620650e-01   2.069425978061974480e-01   5.061144999111215625e+00   4.661256002782732999e+00   3.643735056872447059e-02   3.382259878053335278e+00
6.573124408727327728e-01   1.831345849301442286e-01   2.049922097253132347e-01   5.061768384090820305e+00   4.655209519597073964e+00   3.617996143516517826e-02   3.385883695463910215e+00
6.592537530059835449e-01   1.818699222609439226e-01   2.030710693080732265e-01   5.063241294153201899e+00   4.649324126445650407e+00   3.591966325423971707e-02   3.389609371486267619e+00
6.611950651392343170e-01   1.806205357463568084e-01   2.011787155951506867e-01   5.065254689661615295e+00   4.643605241718111287e+00   3.565872731237196974e-02   3.393387036145905977e+00
6.631363772724850891e-01   1.793862380851578842e-01   1.993146969975204408e-01   5.067705604080387616e+00   4.638058443687958388e+00   3.539792010426190405e-02   3.397239090387664362e+00
6.650776894057358612e-01   1.781668455403178364e-01   1.974785711027368662e-01   5.070583193361335894e+00   4.632689433738303109e+00   3.513734786436063101e-02   3.401154221900513974e+00
6.670190015389866334e-01   1.769621778320242811e-01   1.956699044856969605e-01   5.073874901041384611e+00   4.627503998460181123e+00   3.487712670954969119e-02   3.405164376027228101e+00
6.689603136722374055e-01   1.757720577146528740e-01   1.938882725248884387e-01   5.077566611222027682e+00   4.622507971077957301e+00   3.461738095688901562e-02   3.409235329462055653e+00
6.709016258054881776e-01   1.745963116801476644e-01   1.921332592237120773e-01   5.081642818097675374e+00   4.617707192436234287e+00   3.435824160217310075e-02   3.413398967390002259e+00
6.728429379387389497e-01   1.734347690972981582e-01   1.904044570362753985e-01   5.086086808278014182e+00   4.613107471998597831e+00   3.409984446490751248e-02   3.417629783923368691e+00
6.747842500719897219e-01   1.722872628089362479e-01   1.887014666992355427e-01   5.090880851603367674e+00   4.608714549166833763e+00   3.384232863251446233e-02   3.421950194652255473e+00
6.767255622052404940e-01   1.711536286835553256e-01   1.870238970666242562e-01   5.096006396446056463e+00   4.604534055298971751e+00   3.358583474363718846e-02   3.426354174530963803e+00
6.786668743384912661e-01   1.700337056586249673e-01   1.853713649507652272e-01   5.101444265557740110e+00   4.600571476797337134e+00   3.333050344323132408e-02   3.430828327984818849e+00
6.806081864717420382e-01   1.689273359430671917e-01   1.837434949669968787e-01   5.107174848855970062e+00   4.596992516791352124e+00   3.307647396895128239e-02   3.435412454954779093e+00
6.825494986049928103e-01   1.678343645467066381e-01   1.821399193826090390e-01   5.113178289818470112e+00   4.593789181855148840e+00   3.282388272689493181e-02   3.440079722653838878e+00
6.844908107382435825e-01   1.667546397404748859e-01   1.805602779710945016e-01   5.120346954185119870e+00   4.590791597657833734e+00   3.256705868421237715e-02   3.444835667734207796e+00
6.864321228714943546e-01   1.656880123498467583e-01   1.790042178694667974e-01   5.128570851848065715e+00   4.588003334880855100e+00   3.230685840874004261e-02   3.449684024120810655e+00
6.883734350047451267e-01   1.646343365415532389e-01   1.774713934397078585e-01   5.137002243857219597e+00   4.585427785012781143e+00   3.204871805115940692e-02   3.454634619437204623e+00
6.903147471379958988e-01   1.635934690442581996e-01   1.759614661355582144e-01   5.145615934661950774e+00   4.583068138902334887e+00   3.179278654325096154e-02   3.459677486611169250e+00
6.922560592712466709e-01   1.625652695595363184e-01   1.744741043718984752e-01   5.154387881677821248e+00   4.580927367164021824e+00   3.153919986064750158e-02   3.464823889279824431e+00
6.941973714044974431e-01   1.615496005773593424e-01   1.730089833985212489e-01   5.163295293907827599e+00   4.579008202643364278e+00   3.128808084402450590e-02   3.470062541797970468e+00
6.961386835377482152e-01   1.605463273955365366e-01   1.715657851779751886e-01   5.172316704694246425e+00   4.577313125004811134e+00   3.103953925517153462e-02   3.475429654587951500e+00
6.980799956709989873e-01   1.595553179391800136e-01   1.701441982661838770e-01   5.181815814799253239e+00   4.575844347526818900e+00   3.079139121145340816e-02   3.480882964065580953e+00
7.000213078042497594e-01   1.585764430725475904e-01   1.687439176980959632e-01   5.193236111392708132e+00   4.574603806200460809e+00   3.053518840105673079e-02   3.486463027851549601e+00
7.019626199375005315e-01   1.576095760239013543e-01   1.673646448760219840e-01   5.204646569989757943e+00   4.573593151127337997e+00   3.028247430530359857e-02   3.492136022931248363e+00
7.039039320707513037e-01   1.566545930239726658e-01   1.660060874613158988e-01   5.216030345740331420e+00   4.572813740231130630e+00   3.003329786068145713e-02   3.497928842059506049e+00
7.058452442040020758e-01   1.557113727208161436e-01   1.646679592707458450e-01   5.227372577399731490e+00   4.572266635219658149e+00   2.978769360998410887e-02   3.503842740918652332e+00
7.077865563372528479e-01   1.547797963546599931e-01   1.633499801747299307e-01   5.238660271868638141e+00   4.571952599853118748e+00   2.954568311784222870e-02   3.509875911789201552e+00
7.097278684705036200e-01   1.538597479960799319e-01   1.620518760000127512e-01   5.250443627841194782e+00   4.571872100274309680e+00   2.930414245002414472e-02   3.516039665532270764e+00
7.116691806037543921e-01   1.529511140199701913e-01   1.607733784353861661e-01   5.263967953000443067e+00   4.572025307486635270e+00   2.905623958686689989e-02   3.522321574924987431e+00
7.136104927370051643e-01   1.520537834725246285e-01   1.595142249406743540e-01   5.277308371710681456e+00   4.572412101725440436e+00   2.881275316174771589e-02   3.528734827604300239e+00
7.155518048702559364e-01   1.511676479749439750e-01   1.582741586593238436e-01   5.290462203276057984e+00   4.573032078670768108e+00   2.857361836577060332e-02   3.535279241397576211e+00
7.174931170035067085e-01   1.502926014471768212e-01   1.570529283330920900e-01   5.303428099839058163e+00   4.573884557295230024e+00   2.833876477965972807e-02   3.541943285215336967e+00
7.194344291367574806e-01   1.494285405999562499e-01   1.558502882216061258e-01   5.316205879697556647e+00   4.574968589291826149e+00   2.810811770300689766e-02   3.548761747109573150e+00
7.213757412700082527e-01   1.485753644971055110e-01   1.546659980236186893e-01   5.331082211547873762e+00   4.576282969767313524e+00   2.786964421131423938e-02   3.555725478579589538e+00
7.233170534032590249e-01   1.477329746539908228e-01   1.534998228023901623e-01   5.345905875757869907e+00   4.577877436816516266e+00   2.763478783341789466e-02   3.562817967045375234e+00
7.252583655365097970e-01   1.469012750673073242e-01   1.523515329133952045e-01   5.360432961327651569e+00   4.579992212307209876e+00   2.740474064821125585e-02   3.570076342599215025e+00
7.271996776697605691e-01   1.460801721260622799e-01   1.512209039358125284e-01   5.374673566446396933e+00   4.582356213727572403e+00   2.717935709398755506e-02   3.577457653436161511e+00
7.291409898030113412e-01   1.452695748747601101e-01   1.501077166067611712e-01   5.388637929395043713e+00   4.584966349189903312e+00   2.695849615026349108e-02   3.585008091486667325e+00
7.310823019362621134e-01   1.444693947411224144e-01   1.490117567585128311e-01   5.404579256056218028e+00   4.587819319933266193e+00   2.673092351809516071e-02   3.592742122964536211e+00
7.330236140695128855e-01   1.436795451901389242e-01   1.479328152593805956e-01   5.420402601859309222e+00   4.590911641745877070e+00   2.650717220541033009e-02   3.600607440816196547e+00
7.349649262027636576e-01   1.428999427781718623e-01   1.468706879568063006e-01   5.435871190433562816e+00   4.594239666122740928e+00   2.628832394514010393e-02   3.608643474095434733e+00
7.369062383360144297e-01   1.421305059835731299e-01   1.458251756240084018e-01   5.451002650896473511e+00   4.597799601139956671e+00   2.607419498506358471e-02   3.616857080961412230e+00
7.388475504692652018e-01   1.413711560345518592e-01   1.447960839102162001e-01   5.465970508990853460e+00   4.601587531885409810e+00   2.586387098174305552e-02   3.625248053544142923e+00
7.407888626025159740e-01   1.406218163947414723e-01   1.437832232929954490e-01   5.482989123467375769e+00   4.605599440245875975e+00   2.564692601575214309e-02   3.633812125456429065e+00
7.427301747357667461e-01   1.398824130077400696e-01   1.427864090345052073e-01   5.499605904222090835e+00   4.609831224048796194e+00   2.543498851442268713e-02   3.642545964145603943e+00
7.446714868690175182e-01   1.391528745176628945e-01   1.418054611403991860e-01   5.515843725804760567e+00   4.614278715431069600e+00   2.522784934363972095e-02   3.651495467628983249e+00
7.466127990022682903e-01   1.384331315522331352e-01   1.408402043227244271e-01   5.531724088021813479e+00   4.618937698383796864e+00   2.502531387131021537e-02   3.660609823715472277e+00
7.485541111355190624e-01   1.377231176749091901e-01   1.398904679646489346e-01   5.548094734177002607e+00   4.623803925376088308e+00   2.482349784449721861e-02   3.669929068606977651e+00
7.504954232687698346e-01   1.370227686621774410e-01   1.389560860899424766e-01   5.565753477141746508e+00   4.629168802376003811e+00   2.461890725576018971e-02   3.679467217244336563e+00
7.524367354020206067e-01   1.363320229717146503e-01   1.380368973348587991e-01   5.583013163748814733e+00   4.635176760958148456e+00   2.441907603889152678e-02   3.689191258955517139e+00
7.543780475352713788e-01   1.356508213652887207e-01   1.371327449239219676e-01   5.599897369149259063e+00   4.641388839389226639e+00   2.422380490624900448e-02   3.699151452820429675e+00
2.496368928900705997e-01   2.170467636292755742e+00   6.244536710598851847e+00   1.402430143235389082e+01   1.373771612803708386e+01   1.547647593544669298e-01   2.650895606496548762e+00
2.515782050233213996e-01   2.129652811744676910e+00   6.081674498885965008e+00   1.389214066611100407e+01   1.360712731388457009e+01   1.532991108375277023e-01   2.668731975027612169e+00
2.535195171565721717e-01   2.089814142380532758e+00   5.923959735366301160e+00   1.376504793261667103e+01   1.348083106202398795e+01   1.518203316552686200e-01   2.682133320643273589e+00
2.554608292898229438e-01   2.050986023514383305e+00   5.771320793373029723e+00   1.363749473781134824e+01   1.335645844936807158e+01   1.503931669962676465e-01   2.693547278360414854e+00
2.574021414230737159e-01   2.013092714886056456e+00   5.623473897261618504e+00   1.350844400244687193e+01   1.323194256790078960e+01   1.490247666216339972e-01   2.712769445743997032e+00
2.593434535563244880e-01   1.976074095274611864e+00   5.480182705983657421e+00   1.338484300565564489e+01   1.310798547159796357e+01   1.476352090524812033e-01   2.727685557049058129e+00
2.612847656895752602e-01   1.939932937218486586e+00   5.341339290984621790e+00   1.326307858594223532e+01   1.298842536235840228e+01   1.462656595637346901e-01   2.738450480700967749e+00
2.632260778228260323e-01   1.904662471466622264e+00   5.206816210949026136e+00   1.314135680548882057e+01   1.286979184882321903e+01   1.449365160430840516e-01   2.752790098572019950e+00
2.651673899560768044e-01   1.870222784989095777e+00   5.076427064989017524e+00   1.302106927836194572e+01   1.275175369725723407e+01   1.436305072193249655e-01   2.769022197132520180e+00
2.671087020893275765e-01   1.836581972475073377e+00   4.950008923519334303e+00   1.290653625492085332e+01   1.263776285727348636e+01   1.422985947740117441e-01   2.781187111196992578e+00
2.690500142225783486e-01   1.803726892020335981e+00   4.827438978313988827e+00   1.279198971701797660e+01   1.252583674244329615e+01   1.410044044688940346e-01   2.789509228974419663e+00
2.709913263558291208e-01   1.771639998049068021e+00   4.708588556669711878e+00   1.267653121772843328e+01   1.241410833662363444e+01   1.397574752603761850e-01   2.806556751679222472e+00
2.729326384890798929e-01   1.740295084567378581e+00   4.593316973983534446e+00   1.256549051191846367e+01   1.230332658777698818e+01   1.384979824636925483e-01   2.819945138818544361e+00
2.748739506223306650e-01   1.709670019272266472e+00   4.481496069320859199e+00   1.245660194974326451e+01   1.219618086128708434e+01   1.372501125242669706e-01   2.829549587706490676e+00
2.768152627555814371e-01   1.679747925002970987e+00   4.373011054203960413e+00   1.234737174535665005e+01   1.208947994430278428e+01   1.360409291665375386e-01   2.840671161442427817e+00
2.787565748888322092e-01   1.650510304198064659e+00   4.267747240123950903e+00   1.223875901839143765e+01   1.198290188437349180e+01   1.348592861186177772e-01   2.855118010504264614e+00
2.806978870220829814e-01   1.621937049708890299e+00   4.165590539095331835e+00   1.213551843036943545e+01   1.188045984527717813e+01   1.336520610153706101e-01   2.865857821472380884e+00
2.826391991553337535e-01   1.594009994458929214e+00   4.066433935630031193e+00   1.203218362610756742e+01   1.177933357655199842e+01   1.324788620246975246e-01   2.873116288597618251e+00
2.845805112885845256e-01   1.566712489752035253e+00   3.970176222462443505e+00   1.192804446648916361e+01   1.167837095162587424e+01   1.313469692499539265e-01   2.887057821548401737e+00
2.865218234218352977e-01   1.540027604462920641e+00   3.876718567368078183e+00   1.182815243030942831e+01   1.157902901817551289e+01   1.302001824491733628e-01   2.898790684201276058e+00
2.884631355550860699e-01   1.513938528063022204e+00   3.785965283209853816e+00   1.173015945491325418e+01   1.148243944618705470e+01   1.290637637009187655e-01   2.907106314341409981e+00
2.904044476883368420e-01   1.488429402487554176e+00   3.697825179983496913e+00   1.163167942005159361e+01   1.138606477362742098e+01   1.279634134277879143e-01   2.916078083689009670e+00
2.923457598215876141e-01   1.463484983591456512e+00   3.612210749640084817e+00   1.153384202833871264e+01   1.128972035131254614e+01   1.268861650780083450e-01   2.928666863122215247e+00
2.942870719548383862e-01   1.439090248392176585e+00   3.529037367139262749e+00   1.144062599777485545e+01   1.119773493327658009e+01   1.257877190174796767e-01   2.937921678769301881e+00
2.962283840880891583e-01   1.415230592780062580e+00   3.448223568008434103e+00   1.134714119707457058e+01   1.110612049472203466e+01   1.247213344930374196e-01   2.944054246516061735e+00
2.981696962213399305e-01   1.391891970461642813e+00   3.369691171509098915e+00   1.125277588313059063e+01   1.101450108520600324e+01   1.236932100059216638e-01   2.955769292631496015e+00
3.001110083545907026e-01   1.369060752577070383e+00   3.293364914752272110e+00   1.116294717920681911e+01   1.092533923586266909e+01   1.226433065209888984e-01   2.965849244808975271e+00
3.020523204878414747e-01   1.346723659406393381e+00   3.219172246519620195e+00   1.107432109141354992e+01   1.083784085170901790e+01   1.216077850994019410e-01   2.972874639574765609e+00
3.039936326210922468e-01   1.324867817340305232e+00   3.147043338322277783e+00   1.098509324302502499e+01   1.075037709334401193e+01   1.206059692011744039e-01   2.980346827518058017e+00
3.059349447543430189e-01   1.303480759372177999e+00   3.076910992784304799e+00   1.089698111042761042e+01   1.066384644966130146e+01   1.196185205941893981e-01   2.991145095582066649e+00
3.078762568875937911e-01   1.282550378807059133e+00   3.008710475337125878e+00   1.081256576965706451e+01   1.058042017733315099e+01   1.186166545600339101e-01   2.998969331324656373e+00
3.098175690208445632e-01   1.262064915938594822e+00   2.942379414988473219e+00   1.072772018001473171e+01   1.049715100390846700e+01   1.176452121010544138e-01   3.004018652082520280e+00
3.117588811540953353e-01   1.242012963338311238e+00   2.877857735966677044e+00   1.064187795216814791e+01   1.041369025529153980e+01   1.167099424481998354e-01   3.014036464184916664e+00
3.137001932873461074e-01   1.222383452038229734e+00   2.815087559232671399e+00   1.056116657688485638e+01   1.033368308892789145e+01   1.157432224119682856e-01   3.022570157445954475e+00
3.156415054205968795e-01   1.203165633534808876e+00   2.754013102292708570e+00   1.048070318642879251e+01   1.025410020246692788e+01   1.147981783410066264e-01   3.028394341968935422e+00
3.175828175538476517e-01   1.184349072282770976e+00   2.694580599519613262e+00   1.039951767933047222e+01   1.017437910530263601e+01   1.138850001319503674e-01   3.034724456483162136e+00
3.195241296870984238e-01   1.165923637750665876e+00   2.636738225553718618e+00   1.032014285428367906e+01   1.009666169103578959e+01   1.129755328209158388e-01   3.043884491218763255e+00
3.214654418203491959e-01   1.147879493815253227e+00   2.580436014916490883e+00   1.024345163478393772e+01   1.002073288657551942e+01   1.120598343938454255e-01   3.050409326244800212e+00
3.234067539535999680e-01   1.130207087736039284e+00   2.525625786690033792e+00   1.016619004003727156e+01   9.944775267730536328e+00   1.111731222104810901e-01   3.054485409950455477e+00
3.253480660868507401e-01   1.112897142589645227e+00   2.472261075234056804e+00   1.008825321864293301e+01   9.869362451022894334e+00   1.103161388269902760e-01   3.063097275945486864e+00
3.272893782201015123e-01   1.095940648165537823e+00   2.420297062670667021e+00   1.001534186625858602e+01   9.796706259315490328e+00   1.094261846275794148e-01   3.070252596926180022e+00
3.292306903533522844e-01   1.079328852515800463e+00   2.369690513270477084e+00   9.942051971477276595e+00   9.724057389908340454e+00   1.085619805259803311e-01   3.075019421588749857e+00
3.311720024866030565e-01   1.063053253564817169e+00   2.320399711428683176e+00   9.867923336670981982e+00   9.651106896822533088e+00   1.077281629878821256e-01   3.080373260591997120e+00
3.331133146198538286e-01   1.047105591427111904e+00   2.272384402516402169e+00   9.796385740425295197e+00   9.581328956824760823e+00   1.068869294423734490e-01   3.088093876531142978e+00
3.350546267531046007e-01   1.031477840521233702e+00   2.225605735886406311e+00   9.726506465154137970e+00   9.511985537125035250e+00   1.060481318977756632e-01   3.093492644945210035e+00
3.369959388863553729e-01   1.016162202340524345e+00   2.180026210296540867e+00   9.655937071087336676e+00   9.442449355085649643e+00   1.052370365361231797e-01   3.096742493160113074e+00
3.389372510196061450e-01   1.001151098381910742e+00   2.135609621765869992e+00   9.585523063343375227e+00   9.374509739525096919e+00   1.044440759013431502e-01   3.104085308110943409e+00
3.408785631528569171e-01   9.864371630436608029e-01   2.092321013642981509e+00   9.519079872500057604e+00   9.308110928000131068e+00   1.036273648562827526e-01   3.110060465048875233e+00
3.428198752861076892e-01   9.720132370669034572e-01   2.050126628693736741e+00   9.452139879448393955e+00   9.241565689030744934e+00   1.028352573558854316e-01   3.113940510356320690e+00
3.447611874193584613e-01   9.578723610816268774e-01   2.008993863226863574e+00   9.384260695607423486e+00   9.175422997379250489e+00   1.020722241369516614e-01   3.118363184048865033e+00
3.467024995526092335e-01   9.440077692223667327e-01   1.968891223161783666e+00   9.319728870909735008e+00   9.111957041370875032e+00   1.012913339323591733e-01   3.124862977558609867e+00
3.486438116858600056e-01   9.304128836101881461e-01   1.929788281905050695e+00   9.255898989152015588e+00   9.048424179458539385e+00   1.005210714486663159e-01   3.129326190195724333e+00
3.505851238191107777e-01   9.170813078593482714e-01   1.891655639985860171e+00   9.191282683913463813e+00   8.984555359196317426e+00   9.977729326771979379e-02   3.131911360210615225e+00
3.525264359523615498e-01   9.040068220554076106e-01   1.854464886348484942e+00   9.127573405067499479e+00   8.923352858101624818e+00   9.904130944085488830e-02   3.138026328976380785e+00
3.544677480856123220e-01   8.911833766954941893e-01   1.818188561269355352e+00   9.066893362473551932e+00   8.862491208198358450e+00   9.828982663278718057e-02   3.143028149204318389e+00
3.564090602188630941e-01   8.786050881543586710e-01   1.782800120775031250e+00   9.005620976339617556e+00   8.801349234831771895e+00   9.756185503062027309e-02   3.146198896610142182e+00
3.583503723521138662e-01   8.662662330922330511e-01   1.748273902526243928e+00   8.943334536450675998e+00   8.741655544575039016e+00   9.686166044237304318e-02   3.149664044237018956e+00
3.602916844853646383e-01   8.541612436487184823e-01   1.714585093102926505e+00   8.885022585337159384e+00   8.683474324156382096e+00   9.613495468861610327e-02   3.155162749600775030e+00
3.622329966186154104e-01   8.422847027683246779e-01   1.681709696616509042e+00   8.826610980130313422e+00   8.625098823905169354e+00   9.542560612044663493e-02   3.158880936818150076e+00
3.641743087518661826e-01   8.306313397021085621e-01   1.649624504587513751e+00   8.767345002281722088e+00   8.566909965565733032e+00   9.474149123662121974e-02   3.160962224028465606e+00
3.661156208851169547e-01   8.191960254224568416e-01   1.618307067066631078e+00   8.709563196144086916e+00   8.511129746982950550e+00   9.405707346898094234e-02   3.165835149604232512e+00
3.680569330183677268e-01   8.079737684382735097e-01   1.587735664887184317e+00   8.654060175887128281e+00   8.455197876338607088e+00   9.336354867158618009e-02   3.170064456615642179e+00
3.699982451516184989e-01   7.969597104241756824e-01   1.557889283061014041e+00   8.597897283768375587e+00   8.398874629502868672e+00   9.269239723632473338e-02   3.172697155001237945e+00
3.719395572848692710e-01   7.861491225842200947e-01   1.528747585221206906e+00   8.540795676834060046e+00   8.344976198526845579e+00   9.204635637362927614e-02   3.175140326194408669e+00
3.738808694181200432e-01   7.755374013951268353e-01   1.500290889096001612e+00   8.487826528160015371e+00   8.291511928156893418e+00   9.137055273480562678e-02   3.179846509876431249e+00
3.758221815513708153e-01   7.651200653032219634e-01   1.472500142949580981e+00   8.434317057760361891e+00   8.237748836829474897e+00   9.071511778173430018e-02   3.182999175867284869e+00
3.777634936846215874e-01   7.548927505494020807e-01   1.445356902962912526e+00   8.379918046028876688e+00   8.184995493317583026e+00   9.008354812099086950e-02   3.184726958517238415e+00
3.797048058178723595e-01   7.448512081315357136e-01   1.418843311505385119e+00   8.327311931265287015e+00   8.133734238027949814e+00   8.944677637629455669e-02   3.188315051584706517e+00
3.816461179511231316e-01   7.349913002349239832e-01   1.392942076256484141e+00   8.276504623727412024e+00   8.082225890180717798e+00   8.880455381222426836e-02   3.191957541365672668e+00
3.835874300843739038e-01   7.253089967849746245e-01   1.367636450160598427e+00   8.225001579450172073e+00   8.030567899557068401e+00   8.818344772080401184e-02   3.194209252064757809e+00
3.855287422176246759e-01   7.158003726514152731e-01   1.342910212149918570e+00   8.172755367315176045e+00   7.981521314420306545e+00   8.758372672135447679e-02   3.195549731759300460e+00
3.874700543508754480e-01   7.064616041318458883e-01   1.318747648624353896e+00   8.124300473090045216e+00   7.932300741826356472e+00   8.695660709150827838e-02   3.199653397781813347e+00
3.894113664841262201e-01   6.972889663827572804e-01   1.295133535649826584e+00   8.075276297859614871e+00   7.882701644038724531e+00   8.634862024071876530e-02   3.202402638730618811e+00
3.913526786173769922e-01   6.882788304473025365e-01   1.272053121853964797e+00   8.025362807256485098e+00   7.834801966702229059e+00   8.576295514328211023e-02   3.203911502862568650e+00
3.932939907506277644e-01   6.794276599785007420e-01   1.249492111958695473e+00   7.977196856740883746e+00   7.787618907725095241e+00   8.517122896426598810e-02   3.206160431081984008e+00
3.952353028838785365e-01   6.707320094276383315e-01   1.227436650970996412e+00   7.930694421596174770e+00   7.740117850441895264e+00   8.457418402115703115e-02   3.209381709135798122e+00
3.971766150171293086e-01   6.621885206609476882e-01   1.205873308961330936e+00   7.883493766068331077e+00   7.693074794599417565e+00   8.399683443793670712e-02   3.211391198436606587e+00
3.991179271503800807e-01   6.537939207971703581e-01   1.184789066431534366e+00   7.835413540723148884e+00   7.647947867980747105e+00   8.344089528895881624e-02   3.212297851819240879e+00
4.010592392836308528e-01   6.455450196552874331e-01   1.164171300234299933e+00   7.791107834377356767e+00   7.602581433502714425e+00   8.285664033642241300e-02   3.215214373192864183e+00
4.030005514168816250e-01   6.374387077447635219e-01   1.144007770024413784e+00   7.746235277897786986e+00   7.556783133001123254e+00   8.229012996333297247e-02   3.217701915263529777e+00
4.049418635501323971e-01   6.294719533163970482e-01   1.124286605228605573e+00   7.700509110244003530e+00   7.513178227136389609e+00   8.174419954636624741e-02   3.219108354428625862e+00
4.068831756833831692e-01   6.216418004220258808e-01   1.104996292505011413e+00   7.656062874252755890e+00   7.469710496067172301e+00   8.119601558035782762e-02   3.219962374041132058e+00
4.088244878166339413e-01   6.139453671825094716e-01   1.086125663659142315e+00   7.613549777197560431e+00   7.425879330325480865e+00   8.063851753110808096e-02   3.222906007776804138e+00
4.107657999498847134e-01   6.063798431187024107e-01   1.067663884027187704e+00   7.570368721162070713e+00   7.382902338893319261e+00   8.009911610033461360e-02   3.224792355595233140e+00
4.127071120831354856e-01   5.989424873148436745e-01   1.049600441286514307e+00   7.526227482618174314e+00   7.341354239207615429e+00   7.958070476850474806e-02   3.225716253142346446e+00
4.146484242163862577e-01   5.916306265734192493e-01   1.031925134677914579e+00   7.485330616015754224e+00   7.299525221875792447e+00   7.903867670287738345e-02   3.227060286864034566e+00
4.165897363496370298e-01   5.844416536571088727e-01   1.014628064625002768e+00   7.444342098706157707e+00   7.257237881284358316e+00   7.850816712986444235e-02   3.229406899017914778e+00
4.185310484828878019e-01   5.773730251070219310e-01   9.976996227489901559e-01   7.402568430431688107e+00   7.217383587889236729e+00   7.799631040673160598e-02   3.230809090326434152e+00
4.204723606161385741e-01   5.704222593927852358e-01   9.811304822329469655e-01   7.361143433535947800e+00   7.177335435157832677e+00   7.749098554363871572e-02   3.231355700705764722e+00
4.224136727493893462e-01   5.635869357471392505e-01   9.649115885476153842e-01   7.322363392871840126e+00   7.136903778417258870e+00   7.696790032242578627e-02   3.233004059989530887e+00
4.243549848826401183e-01   5.568646921311710685e-01   9.490341505142287915e-01   7.282975250629798225e+00   7.097458786187479163e+00   7.646115398827092735e-02   3.234867062304444651e+00
4.262962970158908904e-01   5.502532234838781733e-01   9.334896316928158466e-01   7.242728199005213696e+00   7.059210562616021534e+00   7.597319799456996037e-02   3.235887542469578992e+00
4.282376091491416625e-01   5.437502804003315759e-01   9.182697420777571340e-01   7.204395172201434328e+00   7.020663664974264861e+00   7.547479939723777953e-02   3.236148032617937709e+00
4.301789212823924347e-01   5.373536675489276604e-01   9.033664300977364281e-01   7.167071569295846878e+00   6.981658021200588315e+00   7.497534555828661018e-02   3.237937722452633338e+00
4.321202334156432068e-01   5.310612422039184821e-01   8.887718749042220479e-01   7.129058670531986941e+00   6.945022529787263643e+00   7.449247744292858409e-02   3.239416593352969276e+00
4.340615455488939789e-01   5.248709126639141687e-01   8.744784789256202506e-01   7.090106764370270653e+00   6.908154046509212165e+00   7.402863315141237910e-02   3.240144332481067924e+00
4.360028576821447510e-01   5.187806371882288659e-01   8.604788607034807857e-01   7.054731425108245801e+00   6.870905955595890902e+00   7.353655382852067324e-02   3.240197080011797848e+00
4.379441698153955231e-01   5.127884223278442732e-01   8.467658479728585874e-01   7.018946904667619613e+00   6.834473614972392141e+00   7.305774346103666161e-02   3.241986109093790702e+00
4.398854819486462953e-01   5.068923217296514849e-01   8.333324709842830913e-01   6.982429297787978051e+00   6.799297356189438979e+00   7.259541058156279703e-02   3.243167462237872112e+00
4.418267940818970674e-01   5.010904349627480769e-01   8.201719560779470175e-01   6.946008929691447342e+00   6.763826662460833639e+00   7.214077033802594741e-02   3.243679189931980567e+00
4.437681062151478395e-01   4.953809061477159048e-01   8.072777194646919563e-01   6.912162315006810331e+00   6.727920485252225191e+00   7.166800829780975435e-02   3.243635609390709718e+00
4.457094183483986116e-01   4.897619228879648290e-01   7.946433612406343938e-01   6.877742237130960667e+00   6.693987415995963808e+00   7.120969440289291741e-02   3.245256609015378491e+00
4.476507304816493837e-01   4.842317151795896280e-01   7.822626595981636566e-01   6.842545625889445482e+00   6.660102842834564996e+00   7.076777293927734303e-02   3.246215366268850211e+00
4.495920426149001559e-01   4.787885540341676460e-01   7.701295652542597958e-01   6.808496051984222142e+00   6.625863788706226387e+00   7.032221952961736910e-02   3.246576851384713525e+00
4.515333547481509280e-01   4.734307503861145960e-01   7.582381960553200573e-01   6.776145762294139452e+00   6.591944258403727552e+00   6.986726186153194296e-02   3.246447613497438933e+00
4.534746668814017001e-01   4.681566545285704706e-01   7.465828317798582914e-01   6.743203650055095366e+00   6.559651977678976564e+00   6.942644458391011852e-02   3.247840956315042327e+00
4.554159790146524722e-01   4.629646545721470829e-01   7.351579091181718040e-01   6.709475315857374333e+00   6.527088648211319288e+00   6.900161827527147296e-02   3.248641559023219827e+00
4.573572911479032443e-01   4.578531756518486873e-01   7.239580168224535317e-01   6.677566601752152664e+00   6.494133058658681179e+00   6.856587181499781969e-02   3.248908877682230134e+00
4.592986032811540165e-01   4.528206788774013503e-01   7.129778910255575308e-01   6.646578410421860816e+00   6.462408926660742736e+00   6.812838891171084377e-02   3.248700916375294234e+00
4.612399154144047886e-01   4.478656603813533921e-01   7.022124107151447303e-01   6.614984100519226473e+00   6.431344984701915735e+00   6.770472212415436231e-02   3.249816987732649931e+00
4.631812275476555607e-01   4.429866508129407521e-01   6.916565933697359503e-01   6.582600719034593872e+00   6.399969038368887198e+00   6.729660049590692472e-02   3.250514594667158974e+00
4.651225396809063328e-01   4.381822138179813919e-01   6.813055907350568097e-01   6.552619864062090294e+00   6.368163500323005266e+00   6.687130077866963729e-02   3.250735345297524503e+00
4.670638518141571049e-01   4.334509455542274736e-01   6.711546847456563158e-01   6.523094677797931062e+00   6.338522986582550089e+00   6.644866692331254099e-02   3.250531853404508453e+00
4.690051639474078771e-01   4.287914737487880656e-01   6.611992835874901386e-01   6.492975209663399028e+00   6.308723349022541171e+00   6.603929014092400906e-02   3.251250312259392761e+00
4.709464760806586492e-01   4.242024571575484515e-01   6.514349178851444044e-01   6.462091328573285942e+00   6.278589878555465909e+00   6.564476352753818855e-02   3.251891946646076281e+00
4.728877882139094213e-01   4.196825842145698870e-01   6.418572370252657588e-01   6.433690017325047528e+00   6.248614285375808208e+00   6.523201818620762149e-02   3.252106384106435488e+00
4.748291003471601934e-01   4.152305729814997903e-01   6.324620055963353638e-01   6.405528893943691848e+00   6.220229177785013164e+00   6.482377643696098091e-02   3.251941249941160628e+00
4.767704124804109655e-01   4.108451695470876075e-01   6.232450999478668097e-01   6.376792863971692427e+00   6.191587233300542614e+00   6.442818173824117756e-02   3.252195855645563682e+00
4.787117246136617377e-01   4.065251483103793362e-01   6.142025048656181152e-01   6.347327335107185498e+00   6.162591990714848755e+00   6.404666513130356786e-02   3.252821475912375693e+00
1.098799631757220729e-01   1.104664353925909381e+01   6.500693860598113361e+01   3.054817203960177352e+01   2.998065177279692151e+01   3.616138970586699197e-01   9.699065527185336544e-01
1.115286940835857887e-01   1.085042589072827468e+01   6.311641301476296917e+01   3.031345943287146838e+01   2.975324416344539458e+01   3.579408650060650343e-01   9.824527808764049741e-01
1.131774249914495045e-01   1.065240803528103974e+01   6.126412001213157765e+01   3.007383651920925161e+01   2.952030403403089309e+01   3.542084837921148366e-01   9.977904470799310310e-01
1.148261558993132203e-01   1.045304690978014150e+01   5.945171130312497354e+01   2.983069665923202507e+01   2.928327594069868312e+01   3.504124301617718151e-01   1.016018212208623872e+00
1.164748868071769361e-01   1.025276356153995216e+01   5.767988835507568268e+01   2.958491735517186783e+01   2.904308451498082988e+01   3.465537333923842112e-01   1.037131083186868530e+00
1.181236177150406519e-01   1.005198123415880218e+01   5.594888828820469229e+01   2.933706468450676397e+01   2.880034059276257707e+01   3.426375931695500032e-01   1.061029387438780613e+00
1.197723486229043677e-01   9.851148378814286843e+00   5.425877315133679701e+01   2.908750180818453046e+01   2.855545209460124312e+01   3.386728927006859013e-01   1.087522204217065358e+00
1.214210795307680835e-01   9.650733762653317171e+00   5.260961553438016125e+01   2.883647916744540751e+01   2.830871552310337691e+01   3.346710153696015322e-01   1.116353558482215069e+00
1.230698104386317993e-01   9.451193125850522847e+00   5.100157209061958241e+01   2.858422027318480829e+01   2.806040044080289420e+01   3.306437270467299516e-01   1.147255968185399988e+00
1.247185413464955150e-01   9.252940023987775930e+00   4.943485265011593555e+01   2.833097013005509979e+01   2.781079543726166747e+01   3.266015947040137868e-01   1.179993773215167074e+00
1.263672722543592308e-01   9.056357020655468659e+00   4.790966326549119714e+01   2.807697035108657246e+01   2.756018515051185602e+01   3.225546384603062977e-01   1.214344861795488839e+00
1.280160031622229466e-01   8.861852823403751245e+00   4.642622277965370614e+01   2.782237238511987698e+01   2.730877224074512810e+01   3.185153552233848662e-01   1.250012205503872265e+00
1.390860535435936018e-01   7.689236984512945128e+00   3.764151077237116283e+01   2.601741385452890754e+01   2.553294878888168640e+01   2.955419407749653726e-01   1.431728731646986663e+00
1.402637184777819623e-01   7.569102818900319107e+00   3.680760136513848835e+01   2.582609207770777360e+01   2.534445513996013943e+01   2.930796806627092299e-01   1.456672702249068641e+00
1.437967132803470438e-01   7.244345678481522555e+00   3.447050580843087175e+01   2.524041259696716821e+01   2.477068788136119082e+01   2.870137582201008342e-01   1.499633766206626806e+00
1.446379025190530077e-01   7.168206834470538524e+00   3.393585021200911456e+01   2.510973139848568891e+01   2.464187398195643297e+01   2.854752494446370914e-01   1.510995862809721757e+00
1.454790917577589715e-01   7.090326047281905630e+00   3.340523137969483969e+01   2.498247565370163414e+01   2.451622599550516668e+01   2.838119866727994989e-01   1.525664052033669726e+00
1.463202809964649354e-01   7.012240438957178412e+00   3.288163000921090173e+01   2.485673152887557436e+01   2.439202193200835467e+01   2.821062950618103971e-01   1.541706863458081278e+00
1.471614702351708992e-01   6.934969513172973166e+00   3.236698929582760087e+01   2.473138883937130927e+01   2.426828520103530806e+01   2.804116484607932502e-01   1.557821193435253049e+00
1.480026594738768630e-01   6.859352060604578583e+00   3.186291835253263116e+01   2.460554332556991852e+01   2.414486906468024330e+01   2.787726314288043183e-01   1.572918659630095917e+00
1.486035089300954126e-01   6.806790941539929918e+00   3.151017979021588289e+01   2.451527844421533331e+01   2.405671681189069133e+01   2.776550532366509616e-01   1.582502235203447238e+00
1.492043583863139622e-01   6.755667623160661606e+00   3.116393327088159282e+01   2.442537178383984653e+01   2.396782306569150123e+01   2.765840243066556847e-01   1.590773903980313930e+00
1.498052078425325118e-01   6.705866462947142281e+00   3.082382887986256392e+01   2.433435891470352530e+01   2.387798431593776272e+01   2.755719386918084601e-01   1.597859653260043311e+00
1.504060572987510613e-01   6.656785395932273808e+00   3.048848037385556964e+01   2.424237990975415613e+01   2.378731659362869166e+01   2.745928997364591728e-01   1.604514408559360783e+00
1.510069067549696109e-01   6.607647808400770373e+00   3.015618078187999274e+01   2.414993531728765319e+01   2.369625876401302733e+01   2.736093377306359486e-01   1.611736432525894491e+00
1.514360849379828566e-01   6.572282482863102793e+00   2.992019507483412966e+01   2.408388536704922345e+01   2.363121768894458796e+01   2.728912873773715608e-01   1.617548410303724093e+00
1.518652631209961024e-01   6.536699718938734804e+00   2.968536791114602735e+01   2.401791999455162596e+01   2.356626977814184087e+01   2.721592760914167686e-01   1.623904485360517791e+00
1.522944413040093481e-01   6.500985922549034512e+00   2.945188434496678198e+01   2.395205571620838114e+01   2.350143474421243184e+01   2.714166165766644379e-01   1.630696078701557861e+00
1.527236194870225938e-01   6.465252767173979898e+00   2.921997907574382225e+01   2.388627316440548753e+01   2.343670085432937711e+01   2.706681248545830254e-01   1.637780572995488848e+00
1.531527976700358396e-01   6.429614629041225271e+00   2.898988929322228714e+01   2.382053751778152062e+01   2.337204912941763624e+01   2.699189564568665323e-01   1.645009641432045644e+00
1.534593535150453047e-01   6.404277263335416137e+00   2.882677452374515426e+01   2.377359118818084482e+01   2.332651570165877430e+01   2.693861946494366388e-01   1.650183014194543274e+00
1.537659093600547699e-01   6.379080212930602123e+00   2.866477323450470038e+01   2.372663715628514325e+01   2.328103290635003120e+01   2.688573256678642442e-01   1.655309474455954000e+00
1.540724652050642351e-01   6.354056745794423477e+00   2.850395172366801688e+01   2.368016106199314663e+01   2.323559744760946089e+01   2.683282739994846122e-01   1.660344629738433442e+00
1.543790210500737003e-01   6.329235979313807547e+00   2.834436663886722840e+01   2.363417143143250598e+01   2.319021003451607399e+01   2.678002060565650155e-01   1.665249659654587377e+00
1.546855768950831655e-01   6.304641327765693859e+00   2.818606142998095621e+01   2.358821706133881335e+01   2.314487675069679895e+01   2.672792653794520135e-01   1.669992484355992124e+00
1.549045453558042240e-01   6.287221128600322118e+00   2.807378475849977661e+01   2.355542047653058546e+01   2.311253578775245643e+01   2.669118615337215950e-01   1.673268365291572968e+00
1.551235138165252825e-01   6.269926861431940779e+00   2.796217637817998991e+01   2.352265506796494421e+01   2.308023593753146940e+01   2.665484335554805240e-01   1.676446279180994647e+00
1.553424822772463409e-01   6.252757674434179513e+00   2.785123075740028042e+01   2.348993050189998399e+01   2.304798644713498845e+01   2.661888537272779631e-01   1.679526704920001556e+00
1.555614507379673994e-01   6.235709001486156922e+00   2.774093405454085826e+01   2.345725885056451077e+01   2.301579859612628454e+01   2.658328085651870953e-01   1.682514990255999487e+00
1.557804191986884579e-01   6.218772374900937372e+00   2.763126379762023532e+01   2.342465422465785707e+01   2.298368532782250639e+01   2.654797938641405564e-01   1.685421528581982908e+00
1.559368252420606227e-01   6.206736764716197285e+00   2.755329478123054798e+01   2.340141476918320862e+01   2.296080064907706486e+01   2.652291250736561468e-01   1.687455852200714146e+00
1.560932312854327875e-01   6.194746722023637631e+00   2.747561662414286232e+01   2.337822314761908871e+01   2.293796627323366266e+01   2.649793648947409985e-01   1.689463507278542664e+00
1.562496373288049523e-01   6.182796184363724024e+00   2.739821476438739367e+01   2.335508497074819445e+01   2.291518714624886144e+01   2.647301943926798073e-01   1.691451858734736025e+00
1.564060433721771171e-01   6.170878722859014509e+00   2.732107394235705655e+01   2.333200544317976011e+01   2.289246779988134151e+01   2.644812824978506338e-01   1.693429373806652372e+00
1.346109267936778098e-01   8.149038030358042306e+00   4.097510505632910593e+01   2.675919489110973970e+01   2.626288185433566724e+01   3.045322575480555183e-01   1.353821174697621865e+00
1.131893078166366085e-01   1.065133430752325694e+01   6.124958787078963240e+01   3.007253094659742132e+01   2.951903246640131329e+01   3.541881568411324732e-01   9.977846626018038734e-01
1.147327626579059123e-01   1.046475923348793913e+01   5.955217673197191175e+01   2.984504340380306786e+01   2.929728343619482089e+01   3.506364219981146224e-01   1.014763195571269261e+00
1.162762174991752162e-01   1.027734572265467250e+01   5.789030679269392010e+01   2.961519647907063302e+01   2.907271284466629169e+01   3.470294627259278841e-01   1.034278499493449521e+00
1.178196723404445201e-01   1.008943884453196915e+01   5.626418656386263706e+01   2.938347123571578479e+01   2.884583881664414662e+01   3.433712362843024390e-01   1.056255648889062426e+00
1.193631271817138240e-01   9.901402135018543049e+00   5.467386853688537940e+01   2.915018400295732448e+01   2.861701454039291903e+01   3.396685981129324294e-01   1.080547833330472773e+00
1.209065820229831278e-01   9.713618939749267156e+00   5.311939618468611712e+01   2.891555240164657903e+01   2.838649513996253404e+01   3.359306024945983848e-01   1.106951909552204683e+00
1.063981065150516742e-01   1.145264358621898282e+01   6.909506284201853532e+01   3.101060489546033949e+01   3.042536076604260842e+01   3.693137758785073332e-01   9.503047395257534502e-01
1.070154884515593929e-01   1.138173651324154889e+01   6.836559732248159094e+01   3.093508314400880721e+01   3.035320061228295785e+01   3.679232559439830630e-01   9.536022921338133118e-01
1.085589432928286968e-01   1.120240963201717932e+01   6.654491734075270415e+01   3.073125466941170458e+01   3.015736430118845135e+01   3.645282222455915044e-01   9.616477058562789004e-01
1.101023981340980007e-01   1.102056234641327137e+01   6.474799830350868035e+01   3.051713572582052691e+01   2.995061514503711209e+01   3.611270220582589174e-01   9.713658798539802630e-01
1.116458529753673046e-01   1.083672605229935471e+01   6.298196105915210552e+01   3.029693365110597014e+01   2.973719561389680521e+01   3.576839219801297709e-01   9.833446887351110499e-01
1.131893078166366085e-01   1.065133430761898126e+01   6.124958787075551214e+01   3.007253094660421411e+01   2.951903246640625511e+01   3.541881568442355466e-01   9.977847595287819837e-01
1.061511537404485894e-01   1.148089496021611922e+01   6.938419000768928413e+01   3.103819354433311517e+01   3.045159180105590480e+01   3.698957203748823308e-01   9.486393832957379368e-01
1.063981065150516742e-01   1.145264358627673573e+01   6.909506284201559367e+01   3.101060489545990251e+01   3.042536076604213591e+01   3.693137758803748949e-01   9.503049133876190213e-01
1.059535915207661105e-01   1.150355432813444345e+01   6.960929247806936360e+01   3.105615893377850156e+01   3.046849479779015368e+01   3.704113684072662949e-01   9.465098890029967071e-01
1.060523726306073500e-01   1.149219910012493528e+01   6.949825709118218242e+01   3.104812535254246342e+01   3.046098494561785941e+01   3.701414809955302365e-01   9.477714044878976507e-01
1.061511537404485894e-01   1.148089495993008313e+01   6.938419000772917400e+01   3.103819354467145430e+01   3.045159180135104648e+01   3.698957203616345391e-01   9.486393387814158196e-01
1.059535915207661105e-01   1.150355432806668432e+01   6.960929247808024911e+01   3.105615893376763026e+01   3.046849479778012793e+01   3.704113684052141586e-01   9.465099694938753361e-01
1.060523726306073500e-01   1.149219910030706160e+01   6.949825709119065209e+01   3.104812535254887607e+01   3.046098494562384573e+01   3.701414810013196610e-01   9.477715138767862646e-01
